1790582062	stw_mt_hdr_tlab	20000	0	4.5
1790582062	stw_mt	20000	0	5.2
1790582062	stw_mt+diag	20000	0	5.3
1790582062	stw_mt+diag	20000	0	5.4
1790582062	stw_mt_hdr_tlab_nursery	20000	0	5.6
1790582068	churn	20000	0	0.8
1790582068	churn_hdr	20000	0	0.8
1790582068	index_grow	20000	0	1.4
1790582068	thread_storm	20000	0	1.1
1790582068	stw_mt	20001	0	6.1
1790582069	stw_mt+diag	20001	0	6.4
1790582069	stw_mt+diag	20001	0	6.5
1790582075	stw_mt_hdr_tlab	20001	0	4.4
1790582079	churn	20001	0	0.8
1790582080	churn_hdr	20001	0	0.9
1790582075	stw_mt_hdr_tlab_nursery	20001	0	6.0
1790582081	index_grow	20001	0	1.5
1790582082	thread_storm	20001	0	1.1
1790582083	stw_mt	20002	0	6.5
1790582090	stw_mt+diag	20002	0	5.7
1790582095	stw_mt+diag	20002	0	6.2
1790582102	stw_mt_hdr_tlab	20002	0	4.5
1790582106	stw_mt_hdr_tlab_nursery	20002	0	6.2
1790582068	dormant_flush	20000	0	81.2
1790582149	churn	20002	0	0.8
1790582150	churn_hdr	20002	0	0.8
1790582151	index_grow	20002	0	1.3
1790582081	dormant_flush	20001	0	77.2
1790582159	thread_storm	20002	0	0.9
1790582160	stw_mt	20003	0	5.2
1790582165	stw_mt+diag	20003	0	5.2
1790582170	stw_mt+diag	20003	0	5.6
1790582176	stw_mt_hdr_tlab	20003	0	4.5
1790582180	stw_mt_hdr_tlab_nursery	20003	0	6.1
1790582067	pattern_fuzz+diag	20000	0	146.6
1790582213	churn	20003	0	0.9
1790582214	churn_hdr	20003	0	0.8
1790582215	index_grow	20003	0	1.7
1790582076	pattern_fuzz+diag	20001	0	144.4
1790582220	thread_storm	20003	0	1.3
1790582222	stw_mt	20004	0	6.5
1790582152	dormant_flush	20002	0	78.9
1790582228	stw_mt+diag	20004	0	6.4
1790582231	stw_mt+diag	20004	0	6.2
1790582235	stw_mt_hdr_tlab	20004	0	4.5
1790582237	stw_mt_hdr_tlab_nursery	20004	0	6.2
1790582243	churn	20004	0	0.9
1790582244	churn_hdr	20004	0	0.9
1790582245	index_grow	20004	0	1.5
1790582112	pattern_fuzz+diag	20002	0	146.3
1790582259	thread_storm	20004	0	1.1
1790582260	stw_mt	20005	0	4.9
1790582265	stw_mt+diag	20005	0	3.1
1790582268	stw_mt+diag	20005	0	2.7
1790582270	stw_mt_hdr_tlab	20005	0	2.8
1790582273	stw_mt_hdr_tlab_nursery	20005	0	4.5
1790582217	dormant_flush	20003	0	73.1
1790582290	churn	20005	0	0.6
1790582291	churn_hdr	20005	0	0.7
1790582291	index_grow	20005	0	9.6
1790582247	dormant_flush	20004	0	66.6
1790582313	thread_storm	20005	0	0.7
1790582314	stw_mt	20006	0	1.7
1790582316	stw_mt+diag	20006	0	1.8
1790582317	stw_mt+diag	20006	0	1.7
1790582319	stw_mt_hdr_tlab	20006	0	2.2
1790582186	pattern_fuzz+diag	20003	0	137.7
1790582321	stw_mt_hdr_tlab_nursery	20006	0	3.4
1790582325	churn	20006	0	0.6
1790582325	churn_hdr	20006	0	0.7
1790582326	index_grow	20006	0	10.0
1790582301	dormant_flush	20005	0	52.8
1790582354	thread_storm	20006	0	0.7
1790582354	stw_mt	20007	0	1.7
1790582356	stw_mt+diag	20007	0	1.7
1790582358	stw_mt+diag	20007	0	1.7
1790582359	stw_mt_hdr_tlab	20007	0	2.2
1790582362	stw_mt_hdr_tlab_nursery	20007	0	3.6
1790582239	pattern_fuzz+diag	20004	0	129.6
1790582369	churn	20007	0	0.6
1790582369	churn_hdr	20007	0	0.6
1790582370	index_grow	20007	0	8.7
1790582336	dormant_flush	20006	0	57.5
1790582394	thread_storm	20007	0	0.7
1790582394	stw_mt	20008	0	1.7
1790582396	stw_mt+diag	20008	0	1.8
1790582398	stw_mt+diag	20008	0	1.7
1790582278	pattern_fuzz+diag	20005	0	123.8
1790582399	stw_mt_hdr_tlab	20008	0	2.1
1790582401	stw_mt_hdr_tlab_nursery	20008	0	3.6
1790582405	churn	20008	0	0.6
1790582406	churn_hdr	20008	0	0.6
1790582406	index_grow	20008	0	9.4
1790582379	dormant_flush	20007	0	46.3
1790582425	thread_storm	20008	0	0.7
1790582426	stw_mt	20009	0	1.8
1790582427	stw_mt+diag	20009	0	1.8
1790582429	stw_mt+diag	20009	0	1.8
1790582431	stw_mt_hdr_tlab	20009	0	2.0
1790582433	stw_mt_hdr_tlab_nursery	20009	0	3.5
1790582324	pattern_fuzz+diag	20006	0	123.6
1790582448	churn	20009	0	0.6
1790582448	churn_hdr	20009	0	0.7
1790582449	index_grow	20009	0	9.6
1790582416	dormant_flush	20008	0	50.8
1790582467	thread_storm	20009	0	0.7
1790582467	stw_mt	20010	0	1.7
1790582469	stw_mt+diag	20010	0	1.8
1790582471	stw_mt+diag	20010	0	1.7
1790582472	stw_mt_hdr_tlab	20010	0	2.2
1790582475	stw_mt_hdr_tlab_nursery	20010	0	3.4
1790582365	pattern_fuzz+diag	20007	0	123.0
1790582488	churn	20010	0	0.7
1790582489	churn_hdr	20010	0	0.7
1790582490	index_grow	20010	0	8.2
1790582459	dormant_flush	20009	0	44.0
1790582502	thread_storm	20010	0	0.8
1790582503	stw_mt	20011	0	1.8
1790582505	stw_mt+diag	20011	0	1.7
1790582507	stw_mt+diag	20011	0	1.7
1790582508	stw_mt_hdr_tlab	20011	0	2.1
1790582510	stw_mt_hdr_tlab_nursery	20011	0	3.2
1790582402	pattern_fuzz+diag	20008	0	123.0
1790582525	churn	20011	0	0.6
1790582525	churn_hdr	20011	0	0.7
1790582526	index_grow	20011	0	9.2
1790582498	dormant_flush	20010	0	42.8
1790582541	thread_storm	20011	0	0.8
1790582541	stw_mt	20012	0	1.6
1790582543	stw_mt+diag	20012	0	1.7
1790582545	stw_mt+diag	20012	0	1.7
1790582546	stw_mt_hdr_tlab	20012	0	2.2
1790582549	stw_mt_hdr_tlab_nursery	20012	0	3.3
1790582437	pattern_fuzz+diag	20009	0	123.6
1790582560	churn	20012	0	0.7
1790582561	churn_hdr	20012	0	0.7
1790582561	index_grow	20012	0	7.6
1790582535	dormant_flush	20011	0	43.1
1790582578	thread_storm	20012	0	0.8
1790582579	stw_mt	20013	0	1.8
1790582581	stw_mt+diag	20013	0	1.8
1790582582	stw_mt+diag	20013	0	1.7
1790582584	stw_mt_hdr_tlab	20013	0	2.1
1790582586	stw_mt_hdr_tlab_nursery	20013	0	3.5
1790582478	pattern_fuzz+diag	20010	0	120.3
1790582598	churn	20013	0	0.6
1790582599	churn_hdr	20013	0	0.6
1790582600	index_grow	20013	0	9.4
1790582569	dormant_flush	20012	0	51.8
1790582621	thread_storm	20013	0	0.7
1790582622	stw_mt	20014	0	1.8
1790582623	stw_mt+diag	20014	0	1.7
1790582625	stw_mt+diag	20014	0	1.8
1790582627	stw_mt_hdr_tlab	20014	0	2.2
1790582629	stw_mt_hdr_tlab_nursery	20014	0	3.5
1790582514	pattern_fuzz+diag	20011	0	120.4
1790582634	churn	20014	0	0.6
1790582635	churn_hdr	20014	0	0.6
1790582635	index_grow	20014	0	8.7
1790582609	dormant_flush	20013	0	54.1
1790582663	thread_storm	20014	0	0.7
1790582664	stw_mt	20015	0	1.7
1790582665	stw_mt+diag	20015	0	1.7
1790582667	stw_mt+diag	20015	0	1.7
1790582669	stw_mt_hdr_tlab	20015	0	2.1
1790582671	stw_mt_hdr_tlab_nursery	20015	0	3.4
1790582552	pattern_fuzz+diag	20012	0	122.8
1790582675	churn	20015	0	0.7
1790582675	churn_hdr	20015	0	0.6
1790582676	index_grow	20015	0	9.7
1790582644	dormant_flush	20014	0	46.7
1790582691	thread_storm	20015	0	0.7
1790582692	stw_mt	20016	0	1.7
1790582693	stw_mt+diag	20016	0	1.7
1790582695	stw_mt+diag	20016	0	1.7
1790582697	stw_mt_hdr_tlab	20016	0	2.2
1790582699	stw_mt_hdr_tlab_nursery	20016	0	3.4
1790582590	pattern_fuzz+diag	20013	0	121.7
1790582712	churn	20016	0	0.7
1790582712	churn_hdr	20016	0	0.6
1790582713	index_grow	20016	0	8.6
1790582686	dormant_flush	20015	0	46.1
1790582732	thread_storm	20016	0	0.7
1790582732	stw_mt	20017	0	1.6
1790582734	stw_mt+diag	20017	0	1.7
1790582736	stw_mt+diag	20017	0	1.6
1790582737	stw_mt_hdr_tlab	20017	0	2.2
1790582740	stw_mt_hdr_tlab_nursery	20017	0	3.4
1790582633	pattern_fuzz+diag	20014	0	122.1
1790582755	churn	20017	0	0.6
1790582755	churn_hdr	20017	0	0.6
1790582756	index_grow	20017	0	9.6
1790582721	dormant_flush	20016	0	45.5
1790582767	thread_storm	20017	0	0.7
1790582768	stw_mt	20018	0	1.7
1790582769	stw_mt+diag	20018	0	1.8
1790582771	stw_mt+diag	20018	0	1.7
1790582773	stw_mt_hdr_tlab	20018	0	2.3
1790582775	stw_mt_hdr_tlab_nursery	20018	0	3.5
1790582674	pattern_fuzz+diag	20015	0	121.3
1790582796	churn	20018	0	0.6
1790582796	churn_hdr	20018	0	0.7
1790582797	index_grow	20018	0	9.1
1790582765	dormant_flush	20017	0	48.6
1790582814	thread_storm	20018	0	0.8
1790582815	stw_mt	20019	0	1.7
1790582817	stw_mt+diag	20019	0	1.7
1790582818	stw_mt+diag	20019	0	1.7
1790582820	stw_mt_hdr_tlab	20019	0	2.1
1790582702	pattern_fuzz+diag	20016	0	121.5
1790582822	stw_mt_hdr_tlab_nursery	20019	0	3.4
1790582826	churn	20019	0	0.6
1790582826	churn_hdr	20019	0	0.7
1790582827	index_grow	20019	0	9.9
1790582806	dormant_flush	20018	0	46.7
1790582853	thread_storm	20019	0	0.8
1790582854	stw_mt	20020	0	1.7
1790582855	stw_mt+diag	20020	0	1.7
1790582857	stw_mt+diag	20020	0	1.7
1790582859	stw_mt_hdr_tlab	20020	0	2.2
1790582743	pattern_fuzz+diag	20017	0	121.2
1790582861	stw_mt_hdr_tlab_nursery	20020	0	3.4
1790582864	churn	20020	0	0.7
1790582865	churn_hdr	20020	0	0.6
1790582866	index_grow	20020	0	9.6
1790582837	dormant_flush	20019	0	46.5
1790582883	thread_storm	20020	0	0.7
1790582884	stw_mt	20021	0	1.7
1790582886	stw_mt+diag	20021	0	1.8
1790582887	stw_mt+diag	20021	0	1.8
1790582889	stw_mt_hdr_tlab	20021	0	2.1
1790582891	stw_mt_hdr_tlab_nursery	20021	0	3.4
1790582779	pattern_fuzz+diag	20018	0	123.5
1790582902	churn	20021	0	0.6
1790582903	churn_hdr	20021	0	0.6
1790582903	index_grow	20021	0	9.5
1790582875	dormant_flush	20020	0	47.8
1790582923	thread_storm	20021	0	0.8
1790582924	stw_mt	20022	0	1.8
1790582925	stw_mt+diag	20022	0	1.7
1790582927	stw_mt+diag	20022	0	1.8
1790582929	stw_mt_hdr_tlab	20022	0	2.2
1790582931	stw_mt_hdr_tlab_nursery	20022	0	3.5
1790582824	pattern_fuzz+diag	20019	0	120.6
1790582944	churn	20022	0	0.7
1790582945	churn_hdr	20022	0	0.7
1790582946	index_grow	20022	0	9.2
1790582913	dormant_flush	20021	0	44.4
1790582957	thread_storm	20022	0	0.7
1790582958	stw_mt	20023	0	1.8
1790582960	stw_mt+diag	20023	0	1.7
1790582961	stw_mt+diag	20023	0	1.6
1790582963	stw_mt_hdr_tlab	20023	0	2.1
1790582965	stw_mt_hdr_tlab_nursery	20023	0	3.5
1790582864	pattern_fuzz+diag	20020	0	121.2
1790582985	churn	20023	0	0.7
1790582986	churn_hdr	20023	0	0.7
1790582987	index_grow	20023	0	10.2
1790582955	dormant_flush	20022	0	44.6
1790582999	thread_storm	20023	0	0.8
1790583000	stw_mt	20024	0	1.7
1790583002	stw_mt+diag	20024	0	1.7
1790583004	stw_mt+diag	20024	0	1.7
1790583005	stw_mt_hdr_tlab	20024	0	2.2
1790583007	stw_mt_hdr_tlab_nursery	20024	0	3.5
1790582895	pattern_fuzz+diag	20021	0	122.1
1790583017	churn	20024	0	0.6
1790583017	churn_hdr	20024	0	0.6
1790583018	index_grow	20024	0	9.5
1790582997	dormant_flush	20023	0	48.0
1790583045	thread_storm	20024	0	0.7
1790583045	stw_mt	20025	0	1.7
1790583047	stw_mt+diag	20025	0	1.7
1790583049	stw_mt+diag	20025	0	1.7
1790583051	stw_mt_hdr_tlab	20025	0	2.1
1790582935	pattern_fuzz+diag	20022	0	120.8
1790583053	stw_mt_hdr_tlab_nursery	20025	0	3.4
1790583056	churn	20025	0	0.6
1790583057	churn_hdr	20025	0	0.7
1790583057	index_grow	20025	0	9.6
1790583028	dormant_flush	20024	0	61.4
1790582969	pattern_fuzz+diag	20023	0	120.8
1790583089	thread_storm	20025	0	0.7
1790583089	stw_mt	20026	0	1.8
1790583090	stw_mt+diag	20026	0	1.8
1790583091	stw_mt+diag	20026	0	1.8
1790583091	stw_mt_hdr_tlab	20026	0	2.2
1790583093	stw_mt_hdr_tlab_nursery	20026	0	3.3
1790583096	churn	20026	0	0.7
1790583097	churn_hdr	20026	0	0.6
1790583098	index_grow	20026	0	9.3
1790583067	dormant_flush	20025	0	49.1
1790583116	thread_storm	20026	0	0.7
1790583117	stw_mt	20027	0	1.7
1790583119	stw_mt+diag	20027	0	1.8
1790583120	stw_mt+diag	20027	0	1.7
1790583122	stw_mt_hdr_tlab	20027	0	2.3
1790583124	stw_mt_hdr_tlab_nursery	20027	0	3.6
1790583011	pattern_fuzz+diag	20024	0	120.5
1790583131	churn	20027	0	0.6
1790583132	churn_hdr	20027	0	0.7
1790583133	index_grow	20027	0	10.0
1790583107	dormant_flush	20026	0	58.0
1790583165	thread_storm	20027	0	0.7
1790583166	stw_mt	20028	0	1.7
1790583167	stw_mt+diag	20028	0	1.7
1790583169	stw_mt+diag	20028	0	1.8
1790583171	stw_mt_hdr_tlab	20028	0	2.1
1790583055	pattern_fuzz+diag	20025	0	120.6
1790583173	stw_mt_hdr_tlab_nursery	20028	0	3.5
1790583176	churn	20028	0	0.6
1790583177	churn_hdr	20028	0	0.6
1790583178	index_grow	20028	0	9.9
1790583143	dormant_flush	20027	0	55.8
1790583199	thread_storm	20028	0	0.7
1790583199	stw_mt	20029	0	1.7
1790583201	stw_mt+diag	20029	0	1.7
1790583203	stw_mt+diag	20029	0	1.7
1790583204	stw_mt_hdr_tlab	20029	0	2.1
1790583206	stw_mt_hdr_tlab_nursery	20029	0	3.2
1790583094	pattern_fuzz+diag	20026	0	119.7
1790583213	churn	20029	0	0.6
1790583214	churn_hdr	20029	0	0.7
1790583215	index_grow	20029	0	9.2
1790583188	dormant_flush	20028	0	47.2
1790583235	thread_storm	20029	0	0.7
1790583235	stw_mt	20030	0	1.6
1790583237	stw_mt+diag	20030	0	1.6
1790583239	stw_mt+diag	20030	0	1.7
1790583240	stw_mt_hdr_tlab	20030	0	2.2
1790583243	stw_mt_hdr_tlab_nursery	20030	0	3.2
1790583128	pattern_fuzz+diag	20027	0	118.9
1790583247	churn	20030	0	0.7
1790583247	churn_hdr	20030	0	0.6
1790583248	index_grow	20030	0	9.3
1790583224	dormant_flush	20029	0	48.5
1790583272	thread_storm	20030	0	0.7
1790583273	stw_mt	20031	0	1.7
1790583275	stw_mt+diag	20031	0	1.7
1790583277	stw_mt+diag	20031	0	1.7
1790583278	stw_mt_hdr_tlab	20031	0	1.9
1790583280	stw_mt_hdr_tlab_nursery	20031	0	3.4
1790583176	pattern_fuzz+diag	20028	0	119.1
1790583295	churn	20031	0	0.6
1790583296	churn_hdr	20031	0	0.7
1790583257	dormant_flush	20030	0	44.0
1790583296	index_grow	20031	0	9.4
1790583306	thread_storm	20031	0	0.7
1790583306	stw_mt	20032	0	1.6
1790583308	stw_mt+diag	20032	0	1.7
1790583310	stw_mt+diag	20032	0	1.7
1790583311	stw_mt_hdr_tlab	20032	0	2.2
1790583314	stw_mt_hdr_tlab_nursery	20032	0	3.4
1790583210	pattern_fuzz+diag	20029	0	118.3
1790583328	churn	20032	0	0.6
1790583329	churn_hdr	20032	0	0.7
1790583329	index_grow	20032	0	9.5
1790583301	dormant_flush	20031	0	42.5
1790583344	thread_storm	20032	0	0.8
1790583345	stw_mt	20033	0	1.8
1790583346	stw_mt+diag	20033	0	1.6
1790583348	stw_mt+diag	20033	0	1.7
1790583350	stw_mt_hdr_tlab	20033	0	2.1
1790583352	stw_mt_hdr_tlab_nursery	20033	0	3.2
1790583246	pattern_fuzz+diag	20030	0	118.8
1790583364	churn	20033	0	0.7
1790583365	churn_hdr	20033	0	0.7
1790583366	index_grow	20033	0	9.3
1790583339	dormant_flush	20032	0	47.7
1790583386	thread_storm	20033	0	0.8
1790583387	stw_mt	20034	0	1.7
1790583389	stw_mt+diag	20034	0	1.7
1790583391	stw_mt+diag	20034	0	1.7
1790583392	stw_mt_hdr_tlab	20034	0	2.2
1790583394	stw_mt_hdr_tlab_nursery	20034	0	3.5
1790583283	pattern_fuzz+diag	20031	0	120.7
1790583404	churn	20034	0	0.6
1790583405	churn_hdr	20034	0	0.6
1790583405	index_grow	20034	0	9.7
1790583375	dormant_flush	20033	0	50.3
1790583425	thread_storm	20034	0	0.7
1790583426	stw_mt	20035	0	1.8
1790583428	stw_mt+diag	20035	0	1.7
1790583430	stw_mt+diag	20035	0	1.7
1790583431	stw_mt_hdr_tlab	20035	0	2.1
1790583317	pattern_fuzz+diag	20032	0	119.7
1790583433	stw_mt_hdr_tlab_nursery	20035	0	3.4
1790583437	churn	20035	0	0.6
1790583438	churn_hdr	20035	0	0.6
1790583438	index_grow	20035	0	8.7
1790583415	dormant_flush	20034	0	54.4
1790583469	thread_storm	20035	0	0.7
1790583470	stw_mt	20036	0	1.7
1790583472	stw_mt+diag	20036	0	1.7
1790583474	stw_mt+diag	20036	0	1.7
1790583355	pattern_fuzz+diag	20033	0	121.0
1790583475	stw_mt_hdr_tlab	20036	0	2.1
1790583476	stw_mt_hdr_tlab_nursery	20036	0	3.6
1790583480	churn	20036	0	0.7
1790583480	churn_hdr	20036	0	0.6
1790583481	index_grow	20036	0	9.9
1790583447	dormant_flush	20035	0	51.0
1790583498	thread_storm	20036	0	0.8
1790583499	stw_mt	20037	0	1.8
1790583500	stw_mt+diag	20037	0	1.8
1790583502	stw_mt+diag	20037	0	1.8
1790583504	stw_mt_hdr_tlab	20037	0	2.2
1790583506	stw_mt_hdr_tlab_nursery	20037	0	3.3
1790583398	pattern_fuzz+diag	20034	0	120.5
1790583518	churn	20037	0	0.6
1790583519	churn_hdr	20037	0	0.6
1790583520	index_grow	20037	0	9.7
1790583491	dormant_flush	20036	0	48.4
1790583539	thread_storm	20037	0	0.7
1790583540	stw_mt	20038	0	1.7
1790583541	stw_mt+diag	20038	0	1.7
1790583543	stw_mt+diag	20038	0	1.7
1790583545	stw_mt_hdr_tlab	20038	0	2.1
1790583547	stw_mt_hdr_tlab_nursery	20038	0	3.3
1790583437	pattern_fuzz+diag	20035	0	121.3
1790583558	churn	20038	0	0.7
1790583559	churn_hdr	20038	0	0.6
1790583559	index_grow	20038	0	9.4
1790583529	dormant_flush	20037	0	45.9
1790583575	thread_storm	20038	0	0.7
1790583576	stw_mt	20039	0	1.6
1790583578	stw_mt+diag	20039	0	1.7
1790583579	stw_mt+diag	20039	0	1.7
1790583581	stw_mt_hdr_tlab	20039	0	2.0
1790583583	stw_mt_hdr_tlab_nursery	20039	0	3.5
1790583477	pattern_fuzz+diag	20036	0	121.2
1790583599	churn	20039	0	0.6
1790583599	churn_hdr	20039	0	0.6
1790583600	index_grow	20039	0	9.7
1790583569	dormant_flush	20038	0	47.4
1790583616	thread_storm	20039	0	0.8
1790583617	stw_mt	20040	0	1.6
1790583619	stw_mt+diag	20040	0	1.7
1790583620	stw_mt+diag	20040	0	1.7
1790583622	stw_mt_hdr_tlab	20040	0	2.2
1790583624	stw_mt_hdr_tlab_nursery	20040	0	3.7
1790583509	pattern_fuzz+diag	20037	0	119.7
1790583629	churn	20040	0	0.7
1790583630	churn_hdr	20040	0	0.7
1790583630	index_grow	20040	0	10.4
1790583610	dormant_flush	20039	0	47.0
1790583657	thread_storm	20040	0	0.7
1790583657	stw_mt	20041	0	1.6
1790583659	stw_mt+diag	20041	0	1.8
1790583661	stw_mt+diag	20041	0	1.7
1790583662	stw_mt_hdr_tlab	20041	0	2.0
1790583664	stw_mt_hdr_tlab_nursery	20041	0	3.2
1790583550	pattern_fuzz+diag	20038	0	119.3
1790583670	churn	20041	0	0.6
1790583670	churn_hdr	20041	0	0.6
1790583671	index_grow	20041	0	10.0
1790583641	dormant_flush	20040	0	46.9
1790583688	thread_storm	20041	0	0.7
1790583688	stw_mt	20042	0	1.7
1790583690	stw_mt+diag	20042	0	1.7
1790583692	stw_mt+diag	20042	0	1.7
1790583694	stw_mt_hdr_tlab	20042	0	2.2
1790583696	stw_mt_hdr_tlab_nursery	20042	0	3.3
1790583587	pattern_fuzz+diag	20039	0	121.0
1790583708	churn	20042	0	0.6
1790583708	churn_hdr	20042	0	0.7
1790583709	index_grow	20042	0	10.0
1790583681	dormant_flush	20041	0	49.1
1790583730	thread_storm	20042	0	0.7
1790583731	stw_mt	20043	0	1.7
1790583732	stw_mt+diag	20043	0	1.7
1790583734	stw_mt+diag	20043	0	1.6
1790583736	stw_mt_hdr_tlab	20043	0	2.3
1790583738	stw_mt_hdr_tlab_nursery	20043	0	3.5
1790583628	pattern_fuzz+diag	20040	0	120.0
1790583748	churn	20043	0	0.6
1790583749	churn_hdr	20043	0	0.7
1790583749	index_grow	20043	0	8.8
1790583719	dormant_flush	20042	0	50.4
1790583769	thread_storm	20043	0	0.7
1790583770	stw_mt	20044	0	1.7
1790583772	stw_mt+diag	20044	0	1.7
1790583773	stw_mt+diag	20044	0	1.7
1790583775	stw_mt_hdr_tlab	20044	0	2.1
1790583777	stw_mt_hdr_tlab_nursery	20044	0	3.5
1790583668	pattern_fuzz+diag	20041	0	120.2
1790583788	churn	20044	0	0.6
1790583788	churn_hdr	20044	0	0.6
1790583789	index_grow	20044	0	8.2
1790583758	dormant_flush	20043	0	49.4
1790583807	thread_storm	20044	0	0.7
1790583808	stw_mt	20045	0	1.8
1790583810	stw_mt+diag	20045	0	1.8
1790583812	stw_mt+diag	20045	0	1.7
1790583813	stw_mt_hdr_tlab	20045	0	2.1
1790583815	stw_mt_hdr_tlab_nursery	20045	0	3.4
1790583699	pattern_fuzz+diag	20042	0	120.4
1790583820	churn	20045	0	0.6
1790583820	churn_hdr	20045	0	0.6
1790583821	index_grow	20045	0	9.0
1790583797	dormant_flush	20044	0	54.2
1790583851	thread_storm	20045	0	0.8
1790583852	stw_mt	20046	0	1.7
1790583854	stw_mt+diag	20046	0	1.7
1790583856	stw_mt+diag	20046	0	1.8
1790583857	stw_mt_hdr_tlab	20046	0	2.1
1790583859	stw_mt_hdr_tlab_nursery	20046	0	3.4
1790583741	pattern_fuzz+diag	20043	0	122.1
1790583863	churn	20046	0	0.6
1790583864	churn_hdr	20046	0	0.7
1790583865	index_grow	20046	0	10.0
1790583830	dormant_flush	20045	0	53.7
1790583883	thread_storm	20046	0	0.7
1790583884	stw_mt	20047	0	1.7
1790583886	stw_mt+diag	20047	0	1.7
1790583888	stw_mt+diag	20047	0	1.7
1790583889	stw_mt_hdr_tlab	20047	0	2.4
1790583892	stw_mt_hdr_tlab_nursery	20047	0	3.6
1790583781	pattern_fuzz+diag	20044	0	124.4
1790583905	churn	20047	0	0.8
1790583906	churn_hdr	20047	0	0.7
1790583907	index_grow	20047	0	11.0
1790583875	dormant_flush	20046	0	58.9
1790583934	thread_storm	20047	0	0.7
1790583934	stw_mt	20048	0	1.7
1790583936	stw_mt+diag	20048	0	1.7
1790583938	stw_mt+diag	20048	0	1.7
1790583939	stw_mt_hdr_tlab	20048	0	2.0
1790583819	pattern_fuzz+diag	20045	0	125.4
1790583941	stw_mt_hdr_tlab_nursery	20048	0	3.5
1790583945	churn	20048	0	0.7
1790583946	churn_hdr	20048	0	0.6
1790583946	index_grow	20048	0	9.7
1790583918	dormant_flush	20047	0	52.0
1790583969	thread_storm	20048	0	0.7
1790583970	stw_mt	20049	0	1.8
1790583972	stw_mt+diag	20049	0	1.7
1790583974	stw_mt+diag	20049	0	1.8
1790583976	stw_mt_hdr_tlab	20049	0	2.2
1790583978	stw_mt_hdr_tlab_nursery	20049	0	3.4
1790583863	pattern_fuzz+diag	20046	0	125.1
1790583988	churn	20049	0	0.6
1790583988	churn_hdr	20049	0	0.7
1790583989	index_grow	20049	0	9.5
1790583956	dormant_flush	20048	0	48.5
1790584004	thread_storm	20049	0	0.8
1790584005	stw_mt	20050	0	1.7
1790584007	stw_mt+diag	20050	0	1.7
1790584009	stw_mt+diag	20050	0	1.7
1790584010	stw_mt_hdr_tlab	20050	0	2.1
1790584012	stw_mt_hdr_tlab_nursery	20050	0	3.4
1790583895	pattern_fuzz+diag	20047	0	123.6
1790584019	churn	20050	0	0.7
1790584019	churn_hdr	20050	0	0.7
1790584020	index_grow	20050	0	9.3
1790583999	dormant_flush	20049	0	49.5
1790584048	thread_storm	20050	0	0.7
1790584049	stw_mt	20051	0	1.7
1790584051	stw_mt+diag	20051	0	1.8
1790584052	stw_mt+diag	20051	0	1.7
1790584054	stw_mt_hdr_tlab	20051	0	2.1
1790584056	stw_mt_hdr_tlab_nursery	20051	0	3.4
1790583944	pattern_fuzz+diag	20048	0	124.5
1790584069	churn	20051	0	0.7
1790584070	churn_hdr	20051	0	0.7
1790584029	dormant_flush	20050	0	45.7
1790584070	index_grow	20051	0	9.3
1790584080	thread_storm	20051	0	0.7
1790584080	stw_mt	20052	0	1.8
1790584082	stw_mt+diag	20052	0	1.7
1790584084	stw_mt+diag	20052	0	1.7
1790584085	stw_mt_hdr_tlab	20052	0	2.1
1790584088	stw_mt_hdr_tlab_nursery	20052	0	3.4
1790583981	pattern_fuzz+diag	20049	0	122.5
1790584104	churn	20052	0	0.6
1790584104	churn_hdr	20052	0	0.7
1790584105	index_grow	20052	0	9.5
1790584075	dormant_flush	20051	0	49.4
1790584125	thread_storm	20052	0	0.7
1790584125	stw_mt	20053	0	1.7
1790584127	stw_mt+diag	20053	0	1.8
1790584129	stw_mt+diag	20053	0	1.6
1790584130	stw_mt_hdr_tlab	20053	0	2.2
1790584133	stw_mt_hdr_tlab_nursery	20053	0	3.5
1790584016	pattern_fuzz+diag	20050	0	121.5
1790584137	churn	20053	0	0.6
1790584138	churn_hdr	20053	0	0.7
1790584139	index_grow	20053	0	10.1
1790584114	dormant_flush	20052	0	48.6
1790584163	thread_storm	20053	0	0.7
1790584164	stw_mt	20054	0	1.7
1790584165	stw_mt+diag	20054	0	1.7
1790584167	stw_mt+diag	20054	0	1.8
1790584169	stw_mt_hdr_tlab	20054	0	2.1
1790584171	stw_mt_hdr_tlab_nursery	20054	0	3.3
1790584060	pattern_fuzz+diag	20051	0	121.5
1790584181	churn	20054	0	0.7
1790584182	churn_hdr	20054	0	0.7
1790584182	index_grow	20054	0	10.0
1790584149	dormant_flush	20053	0	46.7
1790584195	thread_storm	20054	0	0.7
1790584196	stw_mt	20055	0	1.8
1790584198	stw_mt+diag	20055	0	1.7
1790584200	stw_mt+diag	20055	0	1.7
1790584201	stw_mt_hdr_tlab	20055	0	2.0
1790584203	stw_mt_hdr_tlab_nursery	20055	0	3.4
1790584091	pattern_fuzz+diag	20052	0	121.2
1790584212	churn	20055	0	0.7
1790584213	churn_hdr	20055	0	0.7
1790584213	index_grow	20055	0	9.1
1790584193	dormant_flush	20054	0	49.2
1790584242	thread_storm	20055	0	0.8
1790584242	stw_mt	20056	0	1.7
1790584244	stw_mt+diag	20056	0	1.6
1790584246	stw_mt+diag	20056	0	1.7
1790584247	stw_mt_hdr_tlab	20056	0	2.0
1790584249	stw_mt_hdr_tlab_nursery	20056	0	3.4
1790584136	pattern_fuzz+diag	20053	0	122.4
1790584259	churn	20056	0	0.6
1790584259	churn_hdr	20056	0	0.7
1790584223	dormant_flush	20055	0	45.8
1790584260	index_grow	20056	0	9.8
1790584270	thread_storm	20056	0	0.8
1790584270	stw_mt	20057	0	1.8
1790584272	stw_mt+diag	20057	0	1.7
1790584274	stw_mt+diag	20057	0	1.7
1790584276	stw_mt_hdr_tlab	20057	0	2.1
1790584278	stw_mt_hdr_tlab_nursery	20057	0	3.4
1790584174	pattern_fuzz+diag	20054	0	120.9
1790584295	churn	20057	0	0.7
1790584296	churn_hdr	20057	0	0.7
1790584296	index_grow	20057	0	8.8
1790584268	dormant_flush	20056	0	43.8
1790584312	thread_storm	20057	0	0.7
1790584313	stw_mt	20058	0	1.6
1790584315	stw_mt+diag	20058	0	1.7
1790584316	stw_mt+diag	20058	0	1.7
1790584318	stw_mt_hdr_tlab	20058	0	2.1
1790584320	stw_mt_hdr_tlab_nursery	20058	0	3.4
1790584207	pattern_fuzz+diag	20055	0	120.6
1790584327	churn	20058	0	0.7
1790584328	churn_hdr	20058	0	0.7
1790584329	index_grow	20058	0	8.5
1790584305	dormant_flush	20057	0	48.8
1790584354	thread_storm	20058	0	0.7
1790584355	stw_mt	20059	0	1.8
1790584356	stw_mt+diag	20059	0	1.7
1790584358	stw_mt+diag	20059	0	1.7
1790584360	stw_mt_hdr_tlab	20059	0	2.1
1790584362	stw_mt_hdr_tlab_nursery	20059	0	3.4
1790584253	pattern_fuzz+diag	20056	0	119.0
1790584372	churn	20059	0	0.6
1790584372	churn_hdr	20059	0	0.6
1790584373	index_grow	20059	0	9.4
1790584337	dormant_flush	20058	0	47.9
1790584385	thread_storm	20059	0	0.7
1790584386	stw_mt	20060	0	1.8
1790584387	stw_mt+diag	20060	0	2.0
1790584389	stw_mt+diag	20060	0	1.8
1790584391	stw_mt_hdr_tlab	20060	0	2.1
1790584393	stw_mt_hdr_tlab_nursery	20060	0	3.7
1790584281	pattern_fuzz+diag	20057	0	121.4
1790584402	churn	20060	0	0.6
1790584403	churn_hdr	20060	0	0.7
1790584404	index_grow	20060	0	10.4
1790584382	dormant_flush	20059	0	51.8
1790584434	thread_storm	20060	0	0.7
1790584435	stw_mt	20061	0	1.7
1790584437	stw_mt+diag	20061	0	1.7
1790584438	stw_mt+diag	20061	0	2.0
1790584440	stw_mt_hdr_tlab	20061	0	2.4
1790584323	pattern_fuzz+diag	20058	0	122.3
1790584443	stw_mt_hdr_tlab_nursery	20061	0	3.4
1790584446	churn	20061	0	0.7
1790584447	churn_hdr	20061	0	0.7
1790584447	index_grow	20061	0	10.0
1790584414	dormant_flush	20060	0	56.8
1790584471	thread_storm	20061	0	0.7
1790584472	stw_mt	20062	0	1.7
1790584473	stw_mt+diag	20062	0	1.7
1790584475	stw_mt+diag	20062	0	1.8
1790584477	stw_mt_hdr_tlab	20062	0	2.2
1790584479	stw_mt_hdr_tlab_nursery	20062	0	3.3
1790584365	pattern_fuzz+diag	20059	0	122.5
1790584488	churn	20062	0	0.7
1790584488	churn_hdr	20062	0	0.6
1790584489	index_grow	20062	0	9.9
1790584458	dormant_flush	20061	0	52.4
1790584510	thread_storm	20062	0	0.7
1790584511	stw_mt	20063	0	1.7
1790584512	stw_mt+diag	20063	0	1.8
1790584514	stw_mt+diag	20063	0	1.7
1790584516	stw_mt_hdr_tlab	20063	0	2.1
1790584397	pattern_fuzz+diag	20060	0	122.5
1790584518	stw_mt_hdr_tlab_nursery	20063	0	3.5
1790584521	churn	20063	0	0.7
1790584522	churn_hdr	20063	0	0.6
1790584523	index_grow	20063	0	9.4
1790584499	dormant_flush	20062	0	55.8
1790584555	thread_storm	20063	0	0.8
1790584556	stw_mt	20064	0	1.7
1790584557	stw_mt+diag	20064	0	1.8
1790584559	stw_mt+diag	20064	0	1.8
1790584561	stw_mt_hdr_tlab	20064	0	2.2
1790584563	stw_mt_hdr_tlab_nursery	20064	0	3.4
1790584446	pattern_fuzz+diag	20061	0	123.7
1790584569	churn	20064	0	0.7
1790584570	churn_hdr	20064	0	0.7
1790584571	index_grow	20064	0	9.4
1790584532	dormant_flush	20063	0	50.0
1790584582	thread_storm	20064	0	0.7
1790584583	stw_mt	20065	0	1.7
1790584584	stw_mt+diag	20065	0	1.8
1790584586	stw_mt+diag	20065	0	1.6
1790584588	stw_mt_hdr_tlab	20065	0	2.1
1790584590	stw_mt_hdr_tlab_nursery	20065	0	3.4
1790584482	pattern_fuzz+diag	20062	0	122.0
1790584604	churn	20065	0	0.7
1790584605	churn_hdr	20065	0	0.7
1790584606	index_grow	20065	0	9.7
1790584580	dormant_flush	20064	0	50.4
1790584630	thread_storm	20065	0	0.7
1790584631	stw_mt	20066	0	1.7
1790584633	stw_mt+diag	20066	0	1.7
1790584635	stw_mt+diag	20066	0	1.7
1790584636	stw_mt_hdr_tlab	20066	0	2.2
1790584639	stw_mt_hdr_tlab_nursery	20066	0	3.4
1790584520	pattern_fuzz+diag	20063	0	123.4
1790584643	churn	20066	0	0.6
1790584644	churn_hdr	20066	0	0.6
1790584644	index_grow	20066	0	10.0
1790584615	dormant_flush	20065	0	48.9
1790584664	thread_storm	20066	0	0.7
1790584665	stw_mt	20067	0	1.7
1790584667	stw_mt+diag	20067	0	1.8
1790584669	stw_mt+diag	20067	0	1.6
1790584670	stw_mt_hdr_tlab	20067	0	2.2
1790584672	stw_mt_hdr_tlab_nursery	20067	0	3.3
1790584566	pattern_fuzz+diag	20064	0	122.7
1790584689	churn	20067	0	0.7
1790584690	churn_hdr	20067	0	0.7
1790584690	index_grow	20067	0	8.7
1790584654	dormant_flush	20066	0	49.1
1790584703	thread_storm	20067	0	0.7
1790584704	stw_mt	20068	0	1.7
1790584706	stw_mt+diag	20068	0	1.7
1790584707	stw_mt+diag	20068	0	1.7
1790584709	stw_mt_hdr_tlab	20068	0	2.2
1790584711	stw_mt_hdr_tlab_nursery	20068	0	3.4
1790584593	pattern_fuzz+diag	20065	0	128.0
1790584721	churn	20068	0	0.7
1790584722	churn_hdr	20068	0	0.7
1790584723	index_grow	20068	0	10.8
1790584699	dormant_flush	20067	0	57.2
1790584756	thread_storm	20068	0	0.8
1790584757	stw_mt	20069	0	1.7
1790584759	stw_mt+diag	20069	0	1.7
1790584761	stw_mt+diag	20069	0	1.7
1790584762	stw_mt_hdr_tlab	20069	0	2.4
1790584642	pattern_fuzz+diag	20066	0	124.1
1790584765	stw_mt_hdr_tlab_nursery	20069	0	3.6
1790584768	churn	20069	0	0.7
1790584769	churn_hdr	20069	0	0.6
1790584770	index_grow	20069	0	9.7
1790584734	dormant_flush	20068	0	50.0
1790584784	thread_storm	20069	0	0.7
1790584784	stw_mt	20070	0	1.8
1790584786	stw_mt+diag	20070	0	1.7
1790584788	stw_mt+diag	20070	0	1.7
1790584789	stw_mt_hdr_tlab	20070	0	2.2
1790584792	stw_mt_hdr_tlab_nursery	20070	0	3.5
1790584676	pattern_fuzz+diag	20067	0	123.6
1790584799	churn	20070	0	0.7
1790584800	churn_hdr	20070	0	0.7
1790584800	index_grow	20070	0	8.7
1790584779	dormant_flush	20069	0	53.2
1790584832	thread_storm	20070	0	0.7
1790584833	stw_mt	20071	0	1.7
1790584835	stw_mt+diag	20071	0	1.8
1790584837	stw_mt+diag	20071	0	1.8
1790584715	pattern_fuzz+diag	20068	0	123.8
1790584838	stw_mt_hdr_tlab	20071	0	2.4
1790584838	stw_mt_hdr_tlab_nursery	20071	0	3.7
1790584842	churn	20071	0	0.7
1790584843	churn_hdr	20071	0	0.6
1790584843	index_grow	20071	0	10.8
1790584809	dormant_flush	20070	0	48.0
1790584857	thread_storm	20071	0	0.7
1790584858	stw_mt	20072	0	1.8
1790584860	stw_mt+diag	20072	0	1.7
1790584861	stw_mt+diag	20072	0	1.7
1790584863	stw_mt_hdr_tlab	20072	0	2.2
1790584865	stw_mt_hdr_tlab_nursery	20072	0	3.4
1790584766	pattern_fuzz+diag	20069	0	121.0
1790584887	churn	20072	0	0.7
1790584888	churn_hdr	20072	0	0.6
1790584888	index_grow	20072	0	9.5
1790584854	dormant_flush	20071	0	47.9
1790584902	thread_storm	20072	0	0.7
1790584903	stw_mt	20073	0	1.8
1790584905	stw_mt+diag	20073	0	1.7
1790584906	stw_mt+diag	20073	0	1.7
1790584908	stw_mt_hdr_tlab	20073	0	2.4
1790584910	stw_mt_hdr_tlab_nursery	20073	0	3.3
1790584795	pattern_fuzz+diag	20070	0	121.6
1790584917	churn	20073	0	0.7
1790584917	churn_hdr	20073	0	0.7
1790584918	index_grow	20073	0	9.1
1790584898	dormant_flush	20072	0	53.8
1790584952	thread_storm	20073	0	0.7
1790584952	stw_mt	20074	0	1.7
1790584954	stw_mt+diag	20074	0	1.7
1790584956	stw_mt+diag	20074	0	1.7
1790584957	stw_mt_hdr_tlab	20074	0	2.1
1790584841	pattern_fuzz+diag	20071	0	120.1
1790584959	stw_mt_hdr_tlab_nursery	20074	0	3.4
1790584963	churn	20074	0	0.7
1790584964	churn_hdr	20074	0	0.6
1790584964	index_grow	20074	0	9.9
1790584927	dormant_flush	20073	0	52.7
1790584980	thread_storm	20074	0	0.7
1790584981	stw_mt	20075	0	1.6
1790584982	stw_mt+diag	20075	0	1.8
1790584984	stw_mt+diag	20075	0	1.7
1790584986	stw_mt_hdr_tlab	20075	0	2.1
1790584869	pattern_fuzz+diag	20072	0	119.8
1790584988	stw_mt_hdr_tlab_nursery	20075	0	3.3
1790584991	churn	20075	0	0.7
1790584992	churn_hdr	20075	0	0.7
1790584992	index_grow	20075	0	9.3
1790584974	dormant_flush	20074	0	48.7
1790585023	thread_storm	20075	0	0.7
1790585024	stw_mt	20076	0	1.8
1790585025	stw_mt+diag	20076	0	1.7
1790585027	stw_mt+diag	20076	0	1.7
1790585029	stw_mt_hdr_tlab	20076	0	2.1
1790584914	pattern_fuzz+diag	20073	0	119.8
1790585031	stw_mt_hdr_tlab_nursery	20076	0	3.3
1790585034	churn	20076	0	0.7
1790585035	churn_hdr	20076	0	0.6
1790585035	index_grow	20076	0	9.2
1790585002	dormant_flush	20075	0	51.3
1790585053	thread_storm	20076	0	0.7
1790585054	stw_mt	20077	0	1.8
1790585056	stw_mt+diag	20077	0	1.6
1790585057	stw_mt+diag	20077	0	1.6
1790585059	stw_mt_hdr_tlab	20077	0	2.1
1790585061	stw_mt_hdr_tlab_nursery	20077	0	3.4
1790584961	pattern_fuzz+diag	20074	0	120.8
1790585082	churn	20077	0	0.7
1790585082	churn_hdr	20077	0	0.7
1790585045	dormant_flush	20076	0	43.5
1790585083	index_grow	20077	0	9.0
1790585092	thread_storm	20077	0	0.7
1790585093	stw_mt	20078	0	1.7
1790585094	stw_mt+diag	20078	0	1.7
1790585096	stw_mt+diag	20078	0	1.6
1790585098	stw_mt_hdr_tlab	20078	0	2.0
1790585100	stw_mt_hdr_tlab_nursery	20078	0	3.3
1790584988	pattern_fuzz+diag	20075	0	120.2
1790585109	churn	20078	0	0.6
1790585109	churn_hdr	20078	0	0.7
1790585110	index_grow	20078	0	9.2
1790585088	dormant_flush	20077	0	48.6
1790585137	thread_storm	20078	0	0.7
1790585137	stw_mt	20079	0	1.7
1790585139	stw_mt+diag	20079	0	1.7
1790585141	stw_mt+diag	20079	0	1.6
1790585142	stw_mt_hdr_tlab	20079	0	2.1
1790585144	stw_mt_hdr_tlab_nursery	20079	0	3.3
1790585033	pattern_fuzz+diag	20076	0	120.1
1790585154	churn	20079	0	0.6
1790585154	churn_hdr	20079	0	0.7
1790585155	index_grow	20079	0	10.2
1790585119	dormant_flush	20078	0	50.8
1790585170	thread_storm	20079	0	0.7
1790585171	stw_mt	20080	0	1.7
1790585172	stw_mt+diag	20080	0	1.7
1790585174	stw_mt+diag	20080	0	1.7
1790585176	stw_mt_hdr_tlab	20080	0	2.1
1790585178	stw_mt_hdr_tlab_nursery	20080	0	3.3
1790585064	pattern_fuzz+diag	20077	0	118.9
1790585183	churn	20080	0	0.6
1790585184	churn_hdr	20080	0	0.6
1790585184	index_grow	20080	0	10.0
1790585165	dormant_flush	20079	0	48.2
1790585213	thread_storm	20080	0	0.7
1790585214	stw_mt	20081	0	1.8
1790585216	stw_mt+diag	20081	0	1.8
1790585217	stw_mt+diag	20081	0	1.7
1790585103	pattern_fuzz+diag	20078	0	118.3
1790585219	stw_mt_hdr_tlab	20081	0	2.2
1790585221	stw_mt_hdr_tlab_nursery	20081	0	3.4
1790585225	churn	20081	0	0.6
1790585225	churn_hdr	20081	0	0.6
1790585226	index_grow	20081	0	10.0
1790585194	dormant_flush	20080	0	46.1
1790585241	thread_storm	20081	0	0.7
1790585241	stw_mt	20082	0	1.7
1790585243	stw_mt+diag	20082	0	1.6
1790585245	stw_mt+diag	20082	0	1.6
1790585246	stw_mt_hdr_tlab	20082	0	2.1
1790585248	stw_mt_hdr_tlab_nursery	20082	0	3.3
1790585148	pattern_fuzz+diag	20079	0	117.5
1790585265	churn	20082	0	0.7
1790585266	churn_hdr	20082	0	0.7
1790585267	index_grow	20082	0	9.7
1790585236	dormant_flush	20081	0	49.7
1790585286	thread_storm	20082	0	0.7
1790585286	stw_mt	20083	0	1.6
1790585288	stw_mt+diag	20083	0	1.6
1790585290	stw_mt+diag	20083	0	1.6
1790585291	stw_mt_hdr_tlab	20083	0	2.0
1790585293	stw_mt_hdr_tlab_nursery	20083	0	3.3
1790585181	pattern_fuzz+diag	20080	0	117.4
1790585299	churn	20083	0	0.6
1790585299	churn_hdr	20083	0	0.6
1790585300	index_grow	20083	0	9.1
1790585276	dormant_flush	20082	0	47.5
1790585324	thread_storm	20083	0	0.7
1790585324	stw_mt	20084	0	1.6
1790585326	stw_mt+diag	20084	0	1.6
1790585328	stw_mt+diag	20084	0	1.6
1790585329	stw_mt_hdr_tlab	20084	0	2.0
1790585331	stw_mt_hdr_tlab_nursery	20084	0	3.2
1790585221	pattern_fuzz+diag	20081	0	116.1
1790585338	churn	20084	0	0.6
1790585338	churn_hdr	20084	0	0.6
1790585339	index_grow	20084	0	9.1
1790585309	dormant_flush	20083	0	48.8
1790585358	thread_storm	20084	0	0.7
1790585358	stw_mt	20085	0	1.6
1790585360	stw_mt+diag	20085	0	1.6
1790585362	stw_mt+diag	20085	0	1.6
1790585363	stw_mt_hdr_tlab	20085	0	2.0
1790585251	pattern_fuzz+diag	20082	0	115.7
1790585365	stw_mt_hdr_tlab_nursery	20085	0	3.3
1790585368	churn	20085	0	0.6
1790585369	churn_hdr	20085	0	0.6
1790585370	index_grow	20085	0	8.8
1790585348	dormant_flush	20084	0	44.4
1790585392	thread_storm	20085	0	0.7
1790585393	stw_mt	20086	0	1.7
1790585395	stw_mt+diag	20086	0	1.7
1790585396	stw_mt+diag	20086	0	1.7
1790585398	stw_mt_hdr_tlab	20086	0	2.1
1790585400	stw_mt_hdr_tlab_nursery	20086	0	3.3
1790585297	pattern_fuzz+diag	20083	0	114.9
1790585411	churn	20086	0	0.6
1790585412	churn_hdr	20086	0	0.6
1790585378	dormant_flush	20085	0	43.3
1790585413	index_grow	20086	0	9.5
1790585422	thread_storm	20086	0	0.7
1790585423	stw_mt	20087	0	1.7
1790585425	stw_mt+diag	20087	0	1.6
1790585426	stw_mt+diag	20087	0	1.5
1790585428	stw_mt_hdr_tlab	20087	0	2.2
1790585430	stw_mt_hdr_tlab_nursery	20087	0	3.4
1790585334	pattern_fuzz+diag	20084	0	115.8
1790585450	churn	20087	0	0.6
1790585451	churn_hdr	20087	0	0.6
1790585422	dormant_flush	20086	0	39.3
1790585451	index_grow	20087	0	9.8
1790585461	thread_storm	20087	0	0.7
1790585462	stw_mt	20088	0	1.6
1790585464	stw_mt+diag	20088	0	1.7
1790585465	stw_mt+diag	20088	0	1.7
1790585467	stw_mt_hdr_tlab	20088	0	1.9
1790585469	stw_mt_hdr_tlab_nursery	20088	0	3.2
1790585367	pattern_fuzz+diag	20085	0	114.8
1790585482	churn	20088	0	0.6
1790585483	churn_hdr	20088	0	0.6
1790585483	index_grow	20088	0	9.0
1790585461	dormant_flush	20087	0	45.4
1790585506	thread_storm	20088	0	0.7
1790585507	stw_mt	20089	0	1.6
1790585509	stw_mt+diag	20089	0	1.6
1790585510	stw_mt+diag	20089	0	1.6
1790585512	stw_mt_hdr_tlab	20089	0	2.2
1790585514	stw_mt_hdr_tlab_nursery	20089	0	3.2
1790585403	pattern_fuzz+diag	20086	0	115.8
1790585519	churn	20089	0	0.6
1790585520	churn_hdr	20089	0	0.6
1790585520	index_grow	20089	0	8.9
1790585492	dormant_flush	20088	0	46.3
1790585538	thread_storm	20089	0	0.7
1790585539	stw_mt	20090	0	1.6
1790585541	stw_mt+diag	20090	0	1.6
1790585542	stw_mt+diag	20090	0	1.6
1790585544	stw_mt_hdr_tlab	20090	0	2.0
1790585433	pattern_fuzz+diag	20087	0	115.7
1790585546	stw_mt_hdr_tlab_nursery	20090	0	3.2
1790585549	churn	20090	0	0.6
1790585550	churn_hdr	20090	0	0.6
1790585550	index_grow	20090	0	8.5
1790585529	dormant_flush	20089	0	44.1
1790585573	thread_storm	20090	0	0.7
1790585574	stw_mt	20091	0	1.6
1790585576	stw_mt+diag	20091	0	1.7
1790585577	stw_mt+diag	20091	0	1.6
1790585579	stw_mt_hdr_tlab	20091	0	2.0
1790585581	stw_mt_hdr_tlab_nursery	20091	0	3.2
1790585472	pattern_fuzz+diag	20088	0	115.8
1790585588	churn	20091	0	0.6
1790585588	churn_hdr	20091	0	0.6
1790585589	index_grow	20091	0	8.6
1790585559	dormant_flush	20090	0	40.9
1790585600	thread_storm	20091	0	0.7
1790585601	stw_mt	20092	0	1.6
1790585602	stw_mt+diag	20092	0	1.6
1790585604	stw_mt+diag	20092	0	1.6
1790585605	stw_mt_hdr_tlab	20092	0	2.0
1790585607	stw_mt_hdr_tlab_nursery	20092	0	3.2
1790585517	pattern_fuzz+diag	20089	0	118.9
1790585636	churn	20092	0	0.6
1790585637	churn_hdr	20092	0	0.6
1790585598	dormant_flush	20091	0	41.9
1790585637	index_grow	20092	0	9.7
1790585647	thread_storm	20092	0	0.7
1790585648	stw_mt	20093	0	1.7
1790585650	stw_mt+diag	20093	0	1.6
1790585651	stw_mt+diag	20093	0	1.6
1790585653	stw_mt_hdr_tlab	20093	0	2.0
1790585655	stw_mt_hdr_tlab_nursery	20093	0	3.2
1790585549	pattern_fuzz+diag	20090	0	115.0
1790585664	churn	20093	0	0.6
1790585665	churn_hdr	20093	0	0.6
1790585665	index_grow	20093	0	8.6
1790585640	dormant_flush	20092	0	53.2
1790585693	thread_storm	20093	0	0.7
1790585693	stw_mt	20094	0	1.6
1790585695	stw_mt+diag	20094	0	1.6
1790585697	stw_mt+diag	20094	0	1.6
1790585584	pattern_fuzz+diag	20091	0	114.8
1790585698	stw_mt_hdr_tlab	20094	0	2.1
1790585699	stw_mt_hdr_tlab_nursery	20094	0	3.3
1790585702	churn	20094	0	0.6
1790585703	churn_hdr	20094	0	0.6
1790585704	index_grow	20094	0	8.0
1790585674	dormant_flush	20093	0	44.9
1790585719	thread_storm	20094	0	0.7
1790585720	stw_mt	20095	0	1.7
1790585721	stw_mt+diag	20095	0	1.7
1790585723	stw_mt+diag	20095	0	1.6
1790585611	pattern_fuzz+diag	20092	0	114.2
1790585725	stw_mt_hdr_tlab	20095	0	2.1
1790585725	stw_mt_hdr_tlab_nursery	20095	0	3.3
1790585728	churn	20095	0	0.6
1790585729	churn_hdr	20095	0	0.6
1790585729	index_grow	20095	0	7.8
1790585712	dormant_flush	20094	0	48.9
1790585761	thread_storm	20095	0	0.7
1790585761	stw_mt	20096	0	1.7
1790585763	stw_mt+diag	20096	0	1.7
1790585765	stw_mt+diag	20096	0	1.6
1790585766	stw_mt_hdr_tlab	20096	0	2.0
1790585768	stw_mt_hdr_tlab_nursery	20096	0	3.3
1790585658	pattern_fuzz+diag	20093	0	115.4
1790585773	churn	20096	0	0.6
1790585774	churn_hdr	20096	0	0.6
1790585737	dormant_flush	20095	0	45.3
1790585775	index_grow	20096	0	9.3
1790585784	thread_storm	20096	0	0.7
1790585785	stw_mt	20097	0	1.6
1790585786	stw_mt+diag	20097	0	1.7
1790585788	stw_mt+diag	20097	0	1.6
1790585790	stw_mt_hdr_tlab	20097	0	2.0
1790585792	stw_mt_hdr_tlab_nursery	20097	0	3.3
1790585700	pattern_fuzz+diag	20094	0	114.0
1790585814	churn	20097	0	0.6
1790585815	churn_hdr	20097	0	0.6
1790585783	dormant_flush	20096	0	39.1
1790585816	index_grow	20097	0	9.6
1790585825	thread_storm	20097	0	0.7
1790585826	stw_mt	20098	0	1.6
1790585827	stw_mt+diag	20098	0	1.6
1790585829	stw_mt+diag	20098	0	1.6
1790585831	stw_mt_hdr_tlab	20098	0	2.2
1790585833	stw_mt_hdr_tlab_nursery	20098	0	3.2
1790585727	pattern_fuzz+diag	20095	0	115.5
1790585842	churn	20098	0	0.6
1790585843	churn_hdr	20098	0	0.6
1790585843	index_grow	20098	0	9.0
1790585822	dormant_flush	20097	0	50.1
1790585872	thread_storm	20098	0	0.7
1790585872	stw_mt	20099	0	1.6
1790585874	stw_mt+diag	20099	0	1.6
1790585876	stw_mt+diag	20099	0	1.6
1790585877	stw_mt_hdr_tlab	20099	0	2.1
1790585879	stw_mt_hdr_tlab_nursery	20099	0	3.4
1790585771	pattern_fuzz+diag	20096	0	115.7
1790585887	churn	20099	0	0.6
1790585888	churn_hdr	20099	0	0.6
1790585888	index_grow	20099	0	8.0
1790585852	dormant_flush	20098	0	55.3
1790585908	thread_storm	20099	0	0.7
1790585908	stw_mt	20100	0	1.6
1790585795	pattern_fuzz+diag	20097	0	115.2
1790585910	stw_mt+diag	20100	0	1.9
1790585910	stw_mt+diag	20100	0	1.9
1790585912	stw_mt_hdr_tlab	20100	0	2.1
1790585912	stw_mt_hdr_tlab_nursery	20100	0	3.4
1790585915	churn	20100	0	0.6
1790585916	churn_hdr	20100	0	0.6
1790585917	index_grow	20100	0	9.5
1790585896	dormant_flush	20099	0	52.5
1790585949	thread_storm	20100	0	0.7
1790585950	stw_mt	20101	0	1.7
1790585836	pattern_fuzz+diag	20098	0	115.7
1790585951	stw_mt+diag	20101	0	1.8
1790585952	stw_mt+diag	20101	0	1.9
1790585953	stw_mt_hdr_tlab	20101	0	2.3
1790585954	stw_mt_hdr_tlab_nursery	20101	0	3.3
1790585957	churn	20101	0	0.6
1790585958	churn_hdr	20101	0	0.7
1790585958	index_grow	20101	0	9.1
1790585926	dormant_flush	20100	0	47.1
1790585973	thread_storm	20101	0	0.7
1790585974	stw_mt	20102	0	1.5
1790585975	stw_mt+diag	20102	0	1.7
1790585977	stw_mt+diag	20102	0	1.7
1790585979	stw_mt_hdr_tlab	20102	0	2.0
1790585981	stw_mt_hdr_tlab_nursery	20102	0	3.3
1790585883	pattern_fuzz+diag	20099	0	115.6
1790585998	churn	20102	0	0.6
1790585999	churn_hdr	20102	0	0.6
1790585999	index_grow	20102	0	9.1
1790585967	dormant_flush	20101	0	46.5
1790586014	thread_storm	20102	0	0.7
1790586015	stw_mt	20103	0	1.6
1790586016	stw_mt+diag	20103	0	1.6
1790586018	stw_mt+diag	20103	0	1.6
1790586019	stw_mt_hdr_tlab	20103	0	2.0
1790586021	stw_mt_hdr_tlab_nursery	20103	0	3.3
1790585914	pattern_fuzz+diag	20100	0	114.6
1790586029	churn	20103	0	0.6
1790586029	churn_hdr	20103	0	0.6
1790586030	index_grow	20103	0	9.2
1790586009	dormant_flush	20102	0	44.3
1790586053	thread_storm	20103	0	0.7
1790586054	stw_mt	20104	0	1.5
1790586055	stw_mt+diag	20104	0	1.6
1790586057	stw_mt+diag	20104	0	2.6
1790586059	stw_mt_hdr_tlab	20104	0	2.1
1790586061	stw_mt_hdr_tlab_nursery	20104	0	3.2
1790585955	pattern_fuzz+diag	20101	0	115.4
1790586071	churn	20104	0	0.6
1790586072	churn_hdr	20104	0	0.7
1790586072	index_grow	20104	0	9.0
1790586039	dormant_flush	20103	0	45.1
1790586084	thread_storm	20104	0	0.7
1790586085	stw_mt	20105	0	1.5
1790586086	stw_mt+diag	20105	0	1.5
1790586088	stw_mt+diag	20105	0	1.6
1790586089	stw_mt_hdr_tlab	20105	0	2.0
1790586091	stw_mt_hdr_tlab_nursery	20105	0	3.2
1790585984	pattern_fuzz+diag	20102	0	116.9
1790586101	churn	20105	0	0.6
1790586102	churn_hdr	20105	0	0.6
1790586102	index_grow	20105	0	9.4
1790586081	dormant_flush	20104	0	48.1
1790586129	thread_storm	20105	0	0.8
1790586130	stw_mt	20106	0	1.6
1790586132	stw_mt+diag	20106	0	1.6
1790586133	stw_mt+diag	20106	0	1.6
1790586135	stw_mt_hdr_tlab	20106	0	2.1
1790586137	stw_mt_hdr_tlab_nursery	20106	0	3.3
1790586025	pattern_fuzz+diag	20103	0	116.6
1790586141	churn	20106	0	0.6
1790586142	churn_hdr	20106	0	0.6
1790586142	index_grow	20106	0	9.5
1790586112	dormant_flush	20105	0	50.1
1790586162	thread_storm	20106	0	0.7
1790586162	stw_mt	20107	0	1.6
1790586164	stw_mt+diag	20107	0	1.6
1790586165	stw_mt+diag	20107	0	1.7
1790586167	stw_mt_hdr_tlab	20107	0	2.1
1790586169	stw_mt_hdr_tlab_nursery	20107	0	3.3
1790586065	pattern_fuzz+diag	20104	0	116.5
1790586181	churn	20107	0	0.6
1790586182	churn_hdr	20107	0	0.6
1790586182	index_grow	20107	0	8.6
1790586152	dormant_flush	20106	0	40.4
1790586192	thread_storm	20107	0	0.7
1790586193	stw_mt	20108	0	1.6
1790586195	stw_mt+diag	20108	0	1.6
1790586196	stw_mt+diag	20108	0	1.6
1790586198	stw_mt_hdr_tlab	20108	0	2.1
1790586200	stw_mt_hdr_tlab_nursery	20108	0	3.4
1790586095	pattern_fuzz+diag	20105	0	117.0
1790586212	churn	20108	0	0.6
1790586212	churn_hdr	20108	0	0.6
1790586213	index_grow	20108	0	5.6
1790586191	dormant_flush	20107	0	46.4
1790586237	thread_storm	20108	0	0.7
1790586238	stw_mt	20109	0	1.5
1790586240	stw_mt+diag	20109	0	1.7
1790586241	stw_mt+diag	20109	0	1.7
1790586243	stw_mt_hdr_tlab	20109	0	1.9
1790586245	stw_mt_hdr_tlab_nursery	20109	0	3.3
1790586140	pattern_fuzz+diag	20106	0	115.9
1790586256	churn	20109	0	0.6
1790586257	churn_hdr	20109	0	0.6
1790586218	dormant_flush	20108	0	41.3
1790586257	index_grow	20109	0	9.7
1790586267	thread_storm	20109	0	0.7
1790586268	stw_mt	20110	0	1.7
1790586269	stw_mt+diag	20110	0	1.6
1790586271	stw_mt+diag	20110	0	1.5
1790586272	stw_mt_hdr_tlab	20110	0	2.0
1790586274	stw_mt_hdr_tlab_nursery	20110	0	3.3
1790586173	pattern_fuzz+diag	20107	0	114.0
1790586287	churn	20110	0	0.6
1790586287	churn_hdr	20110	0	0.6
1790586288	index_grow	20110	0	8.9
1790586260	dormant_flush	20109	0	45.5
1790586305	thread_storm	20110	0	0.7
1790586306	stw_mt	20111	0	1.7
1790586308	stw_mt+diag	20111	0	1.6
1790586309	stw_mt+diag	20111	0	1.6
1790586311	stw_mt_hdr_tlab	20111	0	1.9
1790586313	stw_mt_hdr_tlab_nursery	20111	0	3.2
1790586203	pattern_fuzz+diag	20108	0	118.8
1790586322	churn	20111	0	0.6
1790586323	churn_hdr	20111	0	0.6
1790586323	index_grow	20111	0	8.7
1790586297	dormant_flush	20110	0	45.4
1790586342	thread_storm	20111	0	0.7
1790586343	stw_mt	20112	0	1.6
1790586344	stw_mt+diag	20112	0	1.6
1790586346	stw_mt+diag	20112	0	1.6
1790586348	stw_mt_hdr_tlab	20112	0	2.1
1790586350	stw_mt_hdr_tlab_nursery	20112	0	3.2
1790586248	pattern_fuzz+diag	20109	0	113.5
1790586362	churn	20112	0	0.6
1790586362	churn_hdr	20112	0	0.6
1790586363	index_grow	20112	0	8.6
1790586332	dormant_flush	20111	0	44.5
1790586376	thread_storm	20112	0	0.7
1790586377	stw_mt	20113	0	1.6
1790586379	stw_mt+diag	20113	0	1.6
1790586380	stw_mt+diag	20113	0	1.7
1790586382	stw_mt_hdr_tlab	20113	0	2.0
1790586384	stw_mt_hdr_tlab_nursery	20113	0	3.1
1790586278	pattern_fuzz+diag	20110	0	114.0
1790586392	churn	20113	0	0.6
1790586392	churn_hdr	20113	0	0.6
1790586393	index_grow	20113	0	9.8
1790586371	dormant_flush	20112	0	44.1
1790586416	thread_storm	20113	0	0.7
1790586416	stw_mt	20114	0	1.6
1790586418	stw_mt+diag	20114	0	1.6
1790586419	stw_mt+diag	20114	0	1.6
1790586421	stw_mt_hdr_tlab	20114	0	2.1
1790586423	stw_mt_hdr_tlab_nursery	20114	0	3.2
1790586316	pattern_fuzz+diag	20111	0	115.3
1790586431	churn	20114	0	0.6
1790586432	churn_hdr	20114	0	0.6
1790586432	index_grow	20114	0	9.0
1790586403	dormant_flush	20113	0	42.3
1790586445	thread_storm	20114	0	0.7
1790586446	stw_mt	20115	0	1.7
1790586447	stw_mt+diag	20115	0	1.6
1790586449	stw_mt+diag	20115	0	1.6
1790586451	stw_mt_hdr_tlab	20115	0	1.9
1790586453	stw_mt_hdr_tlab_nursery	20115	0	3.1
1790586353	pattern_fuzz+diag	20112	0	114.5
1790586468	churn	20115	0	0.6
1790586468	churn_hdr	20115	0	0.6
1790586469	index_grow	20115	0	9.6
1790586442	dormant_flush	20114	0	52.2
1790586494	thread_storm	20115	0	0.7
1790586494	stw_mt	20116	0	1.6
1790586496	stw_mt+diag	20116	0	1.6
1790586498	stw_mt+diag	20116	0	1.6
1790586499	stw_mt_hdr_tlab	20116	0	2.0
1790586387	pattern_fuzz+diag	20113	0	116.0
1790586501	stw_mt_hdr_tlab_nursery	20116	0	3.2
1790586504	churn	20116	0	0.6
1790586505	churn_hdr	20116	0	0.7
1790586506	index_grow	20116	0	8.8
1790586478	dormant_flush	20115	0	47.1
1790586525	thread_storm	20116	0	0.7
1790586526	stw_mt	20117	0	1.6
1790586528	stw_mt+diag	20117	0	1.7
1790586529	stw_mt+diag	20117	0	1.7
1790586531	stw_mt_hdr_tlab	20117	0	2.0
1790586533	stw_mt_hdr_tlab_nursery	20117	0	3.2
1790586426	pattern_fuzz+diag	20114	0	115.4
1790586542	churn	20117	0	0.6
1790586542	churn_hdr	20117	0	0.6
1790586543	index_grow	20117	0	8.6
1790586515	dormant_flush	20116	0	43.8
1790586558	thread_storm	20117	0	0.7
1790586559	stw_mt	20118	0	1.6
1790586561	stw_mt+diag	20118	0	1.6
1790586562	stw_mt+diag	20118	0	1.6
1790586564	stw_mt_hdr_tlab	20118	0	2.0
1790586566	stw_mt_hdr_tlab_nursery	20118	0	3.2
1790586456	pattern_fuzz+diag	20115	0	115.6
1790586571	churn	20118	0	0.6
1790586572	churn_hdr	20118	0	0.6
1790586573	index_grow	20118	0	8.7
1790586552	dormant_flush	20117	0	47.5
1790586599	thread_storm	20118	0	0.7
1790586600	stw_mt	20119	0	1.7
1790586601	stw_mt+diag	20119	0	1.7
1790586603	stw_mt+diag	20119	0	1.7
1790586605	stw_mt_hdr_tlab	20119	0	2.0
1790586607	stw_mt_hdr_tlab_nursery	20119	0	3.2
1790586503	pattern_fuzz+diag	20116	0	116.6
1790586620	churn	20119	0	0.7
1790586620	churn_hdr	20119	0	0.6
1790586581	dormant_flush	20118	0	41.3
1790586621	index_grow	20119	0	8.3
1790586629	thread_storm	20119	0	0.7
1790586630	stw_mt	20120	0	1.7
1790586632	stw_mt+diag	20120	0	1.7
1790586633	stw_mt+diag	20120	0	1.7
1790586635	stw_mt_hdr_tlab	20120	0	2.1
1790586637	stw_mt_hdr_tlab_nursery	20120	0	3.2
1790586536	pattern_fuzz+diag	20117	0	117.1
1790586653	churn	20120	0	0.6
1790586654	churn_hdr	20120	0	0.6
1790586655	index_grow	20120	0	8.5
1790586623	dormant_flush	20119	0	41.6
1790586664	thread_storm	20120	0	0.7
1790586665	stw_mt	20121	0	1.6
1790586666	stw_mt+diag	20121	0	1.6
1790586668	stw_mt+diag	20121	0	1.6
1790586670	stw_mt_hdr_tlab	20121	0	2.0
1790586672	stw_mt_hdr_tlab_nursery	20121	0	3.3
1790586569	pattern_fuzz+diag	20118	0	116.1
1790586685	churn	20121	0	0.6
1790586686	churn_hdr	20121	0	0.6
1790586686	index_grow	20121	0	9.5
1790586663	dormant_flush	20120	0	42.0
1790586705	thread_storm	20121	0	0.7
1790586706	stw_mt	20122	0	1.6
1790586707	stw_mt+diag	20122	0	1.6
1790586709	stw_mt+diag	20122	0	1.6
1790586710	stw_mt_hdr_tlab	20122	0	2.1
1790586713	stw_mt_hdr_tlab_nursery	20122	0	3.2
1790586610	pattern_fuzz+diag	20119	0	112.8
1790586723	churn	20122	0	0.6
1790586723	churn_hdr	20122	0	0.6
1790586724	index_grow	20122	0	8.7
1790586696	dormant_flush	20121	0	43.3
1790586739	thread_storm	20122	0	0.7
1790586740	stw_mt	20123	0	1.5
1790586741	stw_mt+diag	20123	0	1.6
1790586743	stw_mt+diag	20123	0	1.6
1790586745	stw_mt_hdr_tlab	20123	0	2.1
1790586747	stw_mt_hdr_tlab_nursery	20123	0	3.2
1790586640	pattern_fuzz+diag	20120	0	115.1
1790586756	churn	20123	0	0.6
1790586756	churn_hdr	20123	0	0.6
1790586757	index_grow	20123	0	8.6
1790586733	dormant_flush	20122	0	47.4
1790586780	thread_storm	20123	0	0.7
1790586781	stw_mt	20124	0	1.7
1790586782	stw_mt+diag	20124	0	1.6
1790586784	stw_mt+diag	20124	0	1.6
1790586786	stw_mt_hdr_tlab	20124	0	2.0
1790586675	pattern_fuzz+diag	20121	0	115.6
1790586788	stw_mt_hdr_tlab_nursery	20124	0	3.3
1790586791	churn	20124	0	0.7
1790586792	churn_hdr	20124	0	0.6
1790586792	index_grow	20124	0	9.4
1790586765	dormant_flush	20123	0	52.0
1790586817	thread_storm	20124	0	0.7
1790586818	stw_mt	20125	0	1.6
1790586820	stw_mt+diag	20125	0	1.7
1790586821	stw_mt+diag	20125	0	1.6
1790586823	stw_mt_hdr_tlab	20125	0	2.1
1790586825	stw_mt_hdr_tlab_nursery	20125	0	3.4
1790586716	pattern_fuzz+diag	20122	0	115.4
1790586831	churn	20125	0	0.6
1790586832	churn_hdr	20125	0	0.6
1790586832	index_grow	20125	0	8.2
1790586802	dormant_flush	20124	0	42.8
1790586845	thread_storm	20125	0	0.7
1790586845	stw_mt	20126	0	1.7
1790586847	stw_mt+diag	20126	0	1.6
1790586849	stw_mt+diag	20126	0	1.7
1790586850	stw_mt_hdr_tlab	20126	0	2.0
1790586852	stw_mt_hdr_tlab_nursery	20126	0	3.2
1790586750	pattern_fuzz+diag	20123	0	116.8
1790586867	churn	20126	0	0.6
1790586867	churn_hdr	20126	0	0.6
1790586868	index_grow	20126	0	8.4
1790586841	dormant_flush	20125	0	42.3
1790586883	thread_storm	20126	0	0.7
1790586884	stw_mt	20127	0	1.6
1790586885	stw_mt+diag	20127	0	1.7
1790586887	stw_mt+diag	20127	0	1.6
1790586888	stw_mt_hdr_tlab	20127	0	2.0
1790586890	stw_mt_hdr_tlab_nursery	20127	0	3.3
1790586791	pattern_fuzz+diag	20124	0	116.3
1790586907	churn	20127	0	0.6
1790586907	churn_hdr	20127	0	0.6
1790586908	index_grow	20127	0	8.4
1790586876	dormant_flush	20126	0	41.6
1790586918	thread_storm	20127	0	0.7
1790586919	stw_mt	20128	0	1.7
1790586920	stw_mt+diag	20128	0	1.6
1790586922	stw_mt+diag	20128	0	1.6
1790586923	stw_mt_hdr_tlab	20128	0	2.2
1790586926	stw_mt_hdr_tlab_nursery	20128	0	3.2
1790586828	pattern_fuzz+diag	20125	0	116.0
1790586944	churn	20128	0	0.6
1790586945	churn_hdr	20128	0	0.6
1790586946	index_grow	20128	0	9.4
1790586916	dormant_flush	20127	0	45.2
1790586962	thread_storm	20128	0	0.7
1790586962	stw_mt	20129	0	1.7
1790586964	stw_mt+diag	20129	0	1.6
1790586966	stw_mt+diag	20129	0	1.6
1790586967	stw_mt_hdr_tlab	20129	0	1.9
1790586969	stw_mt_hdr_tlab_nursery	20129	0	3.3
1790586855	pattern_fuzz+diag	20126	0	117.0
1790586972	churn	20129	0	0.7
1790586973	churn_hdr	20129	0	0.6
1790586974	index_grow	20129	0	9.6
1790586955	dormant_flush	20128	0	43.7
1790586999	thread_storm	20129	0	0.7
1790587000	stw_mt	20130	0	1.6
1790587001	stw_mt+diag	20130	0	1.6
1790587003	stw_mt+diag	20130	0	1.6
1790587004	stw_mt_hdr_tlab	20130	0	2.1
1790586894	pattern_fuzz+diag	20127	0	115.9
1790587006	stw_mt_hdr_tlab_nursery	20130	0	3.2
1790587010	churn	20130	0	0.6
1790587010	churn_hdr	20130	0	0.6
1790587011	index_grow	20130	0	9.0
1790586983	dormant_flush	20129	0	44.9
1790587028	thread_storm	20130	0	0.7
1790587029	stw_mt	20131	0	1.6
1790587031	stw_mt+diag	20131	0	1.6
1790587032	stw_mt+diag	20131	0	1.6
1790587034	stw_mt_hdr_tlab	20131	0	1.9
1790587036	stw_mt_hdr_tlab_nursery	20131	0	3.2
1790586929	pattern_fuzz+diag	20128	0	115.5
1790587044	churn	20131	0	0.6
1790587045	churn_hdr	20131	0	0.6
1790587045	index_grow	20131	0	9.2
1790587020	dormant_flush	20130	0	47.5
1790587067	thread_storm	20131	0	0.7
1790587068	stw_mt	20132	0	1.5
1790587070	stw_mt+diag	20132	0	1.7
1790587071	stw_mt+diag	20132	0	1.6
1790587073	stw_mt_hdr_tlab	20132	0	2.0
1790587075	stw_mt_hdr_tlab_nursery	20132	0	3.3
1790586972	pattern_fuzz+diag	20129	0	115.9
1790587088	churn	20132	0	0.6
1790587089	churn_hdr	20132	0	0.6
1790587089	index_grow	20132	0	8.4
1790587055	dormant_flush	20131	0	50.7
1790587105	thread_storm	20132	0	0.7
1790587106	stw_mt	20133	0	1.6
1790587108	stw_mt+diag	20133	0	1.6
1790587109	stw_mt+diag	20133	0	1.5
1790587111	stw_mt_hdr_tlab	20133	0	1.9
1790587113	stw_mt_hdr_tlab_nursery	20133	0	3.4
1790587009	pattern_fuzz+diag	20130	0	114.8
1790587124	churn	20133	0	0.7
1790587125	churn_hdr	20133	0	0.6
1790587126	index_grow	20133	0	9.5
1790587098	dormant_flush	20132	0	41.5
1790587139	thread_storm	20133	0	0.7
1790587140	stw_mt	20134	0	1.6
1790587142	stw_mt+diag	20134	0	1.6
1790587143	stw_mt+diag	20134	0	1.6
1790587145	stw_mt_hdr_tlab	20134	0	2.1
1790587147	stw_mt_hdr_tlab_nursery	20134	0	3.2
1790587039	pattern_fuzz+diag	20131	0	115.4
1790587154	churn	20134	0	0.6
1790587155	churn_hdr	20134	0	0.6
1790587156	index_grow	20134	0	9.0
1790587135	dormant_flush	20133	0	43.3
1790587178	thread_storm	20134	0	0.7
1790587179	stw_mt	20135	0	1.6
1790587181	stw_mt+diag	20135	0	1.6
1790587182	stw_mt+diag	20135	0	1.6
1790587184	stw_mt_hdr_tlab	20135	0	1.9
1790587186	stw_mt_hdr_tlab_nursery	20135	0	3.4
1790587078	pattern_fuzz+diag	20132	0	115.0
1790587193	churn	20135	0	0.6
1790587194	churn_hdr	20135	0	0.6
1790587194	index_grow	20135	0	8.0
1790587165	dormant_flush	20134	0	40.7
1790587205	thread_storm	20135	0	0.7
1790587206	stw_mt	20136	0	1.7
1790587208	stw_mt+diag	20136	0	1.6
1790587209	stw_mt+diag	20136	0	1.6
1790587211	stw_mt_hdr_tlab	20136	0	2.1
1790587213	stw_mt_hdr_tlab_nursery	20136	0	3.3
1790587116	pattern_fuzz+diag	20133	0	113.9
1790587230	churn	20136	0	0.6
1790587231	churn_hdr	20136	0	0.6
1790587231	index_grow	20136	0	8.7
1790587202	dormant_flush	20135	0	42.7
1790587245	thread_storm	20136	0	0.7
1790587246	stw_mt	20137	0	1.6
1790587247	stw_mt+diag	20137	0	1.6
1790587249	stw_mt+diag	20137	0	1.6
1790587251	stw_mt_hdr_tlab	20137	0	1.9
1790587253	stw_mt_hdr_tlab_nursery	20137	0	3.2
1790587150	pattern_fuzz+diag	20134	0	116.6
1790587267	churn	20137	0	0.6
1790587267	churn_hdr	20137	0	0.6
1790587268	index_grow	20137	0	9.1
1790587240	dormant_flush	20136	0	42.5
1790587282	thread_storm	20137	0	0.7
1790587283	stw_mt	20138	0	1.6
1790587285	stw_mt+diag	20138	0	1.8
1790587287	stw_mt+diag	20138	0	1.7
1790587288	stw_mt_hdr_tlab	20138	0	2.0
1790587290	stw_mt_hdr_tlab_nursery	20138	0	3.2
1790587189	pattern_fuzz+diag	20135	0	115.3
1790587304	churn	20138	0	0.6
1790587305	churn_hdr	20138	0	0.6
1790587306	index_grow	20138	0	8.8
1790587277	dormant_flush	20137	0	40.1
1790587317	thread_storm	20138	0	0.7
1790587318	stw_mt	20139	0	1.7
1790587320	stw_mt+diag	20139	0	1.6
1790587321	stw_mt+diag	20139	0	1.6
1790587323	stw_mt_hdr_tlab	20139	0	2.0
1790587325	stw_mt_hdr_tlab_nursery	20139	0	3.2
1790587216	pattern_fuzz+diag	20136	0	114.6
1790587331	churn	20139	0	0.6
1790587331	churn_hdr	20139	0	0.6
1790587332	index_grow	20139	0	9.3
1790587314	dormant_flush	20138	0	43.6
1790587358	thread_storm	20139	0	0.7
1790587359	stw_mt	20140	0	1.7
1790587360	stw_mt+diag	20140	0	1.7
1790587362	stw_mt+diag	20140	0	1.6
1790587364	stw_mt_hdr_tlab	20140	0	2.0
1790587366	stw_mt_hdr_tlab_nursery	20140	0	3.4
1790587256	pattern_fuzz+diag	20137	0	116.2
1790587372	churn	20140	0	0.6
1790587372	churn_hdr	20140	0	0.6
1790587373	index_grow	20140	0	8.2
1790587341	dormant_flush	20139	0	41.4
1790587383	thread_storm	20140	0	0.7
1790587384	stw_mt	20141	0	1.7
1790587385	stw_mt+diag	20141	0	1.7
1790587387	stw_mt+diag	20141	0	1.5
1790587388	stw_mt_hdr_tlab	20141	0	1.9
1790587390	stw_mt_hdr_tlab_nursery	20141	0	3.1
1790587293	pattern_fuzz+diag	20138	0	115.4
1790587409	churn	20141	0	0.6
1790587409	churn_hdr	20141	0	0.6
1790587410	index_grow	20141	0	7.6
1790587381	dormant_flush	20140	0	42.2
1790587424	thread_storm	20141	0	0.7
1790587424	stw_mt	20142	0	1.6
1790587426	stw_mt+diag	20142	0	1.6
1790587427	stw_mt+diag	20142	0	1.6
1790587429	stw_mt_hdr_tlab	20142	0	1.9
1790587431	stw_mt_hdr_tlab_nursery	20142	0	3.2
1790587328	pattern_fuzz+diag	20139	0	115.1
1790587443	churn	20142	0	0.6
1790587444	churn_hdr	20142	0	0.6
1790587444	index_grow	20142	0	9.2
1790587418	dormant_flush	20141	0	45.3
1790587463	thread_storm	20142	0	0.7
1790587464	stw_mt	20143	0	1.6
1790587465	stw_mt+diag	20143	0	1.6
1790587467	stw_mt+diag	20143	0	1.6
1790587468	stw_mt_hdr_tlab	20143	0	2.0
1790587471	stw_mt_hdr_tlab_nursery	20143	0	3.1
1790587369	pattern_fuzz+diag	20140	0	114.6
1790587484	churn	20143	0	0.6
1790587484	churn_hdr	20143	0	0.6
1790587485	index_grow	20143	0	9.4
1790587454	dormant_flush	20142	0	47.6
1790587501	thread_storm	20143	0	0.7
1790587502	stw_mt	20144	0	1.6
1790587504	stw_mt+diag	20144	0	1.6
1790587505	stw_mt+diag	20144	0	1.7
1790587394	pattern_fuzz+diag	20141	0	114.5
1790587507	stw_mt_hdr_tlab	20144	0	2.0
1790587508	stw_mt_hdr_tlab_nursery	20144	0	3.3
1790587511	churn	20144	0	0.6
1790587512	churn_hdr	20144	0	0.6
1790587512	index_grow	20144	0	9.8
1790587494	dormant_flush	20143	0	44.8
1790587539	thread_storm	20144	0	0.7
1790587540	stw_mt	20145	0	1.7
1790587541	stw_mt+diag	20145	0	1.7
1790587543	stw_mt+diag	20145	0	1.6
1790587545	stw_mt_hdr_tlab	20145	0	2.0
1790587434	pattern_fuzz+diag	20142	0	114.3
1790587547	stw_mt_hdr_tlab_nursery	20145	0	3.1
1790587550	churn	20145	0	0.6
1790587550	churn_hdr	20145	0	0.6
1790587551	index_grow	20145	0	9.3
1790587522	dormant_flush	20144	0	43.6
1790587566	thread_storm	20145	0	0.7
1790587567	stw_mt	20146	0	1.5
1790587568	stw_mt+diag	20146	0	1.7
1790587570	stw_mt+diag	20146	0	1.6
1790587571	stw_mt_hdr_tlab	20146	0	2.1
1790587574	stw_mt_hdr_tlab_nursery	20146	0	3.3
1790587474	pattern_fuzz+diag	20143	0	116.2
1790587590	churn	20146	0	0.6
1790587590	churn_hdr	20146	0	0.6
1790587591	index_grow	20146	0	8.9
1790587560	dormant_flush	20145	0	42.8
1790587603	thread_storm	20146	0	0.7
1790587604	stw_mt	20147	0	1.6
1790587605	stw_mt+diag	20147	0	1.6
1790587607	stw_mt+diag	20147	0	1.6
1790587609	stw_mt_hdr_tlab	20147	0	2.0
1790587610	stw_mt_hdr_tlab_nursery	20147	0	3.3
1790587509	pattern_fuzz+diag	20144	0	115.2
1790587624	churn	20147	0	0.6
1790587624	churn_hdr	20147	0	0.6
1790587625	index_grow	20147	0	9.0
1790587600	dormant_flush	20146	0	40.6
1790587641	thread_storm	20147	0	0.7
1790587641	stw_mt	20148	0	1.5
1790587643	stw_mt+diag	20148	0	1.7
1790587644	stw_mt+diag	20148	0	1.6
1790587646	stw_mt_hdr_tlab	20148	0	2.1
1790587648	stw_mt_hdr_tlab_nursery	20148	0	3.1
1790587548	pattern_fuzz+diag	20145	0	115.4
1790587664	churn	20148	0	0.6
1790587664	churn_hdr	20148	0	0.6
1790587665	index_grow	20148	0	8.9
1790587634	dormant_flush	20147	0	44.7
1790587679	thread_storm	20148	0	0.7
1790587679	stw_mt	20149	0	1.6
1790587681	stw_mt+diag	20149	0	1.6
1790587683	stw_mt+diag	20149	0	1.7
1790587684	stw_mt_hdr_tlab	20149	0	2.0
1790587686	stw_mt_hdr_tlab_nursery	20149	0	3.2
1790587577	pattern_fuzz+diag	20146	0	114.0
1790587691	churn	20149	0	0.6
1790587691	churn_hdr	20149	0	0.6
1790587692	index_grow	20149	0	9.0
1790587674	dormant_flush	20148	0	47.3
1790587721	thread_storm	20149	0	0.7
1790587722	stw_mt	20150	0	1.5
1790587724	stw_mt+diag	20150	0	1.6
1790587725	stw_mt+diag	20150	0	1.7
1790587727	stw_mt_hdr_tlab	20150	0	1.9
1790587614	pattern_fuzz+diag	20147	0	116.0
1790587729	stw_mt_hdr_tlab_nursery	20150	0	3.2
1790587732	churn	20150	0	0.6
1790587733	churn_hdr	20150	0	0.6
1790587733	index_grow	20150	0	9.1
1790587701	dormant_flush	20149	0	44.4
1790587745	thread_storm	20150	0	0.7
1790587746	stw_mt	20151	0	1.7
1790587748	stw_mt+diag	20151	0	1.6
1790587749	stw_mt+diag	20151	0	1.7
1790587751	stw_mt_hdr_tlab	20151	0	2.1
1790587753	stw_mt_hdr_tlab_nursery	20151	0	3.3
1790587651	pattern_fuzz+diag	20148	0	116.1
1790587767	churn	20151	0	0.6
1790587768	churn_hdr	20151	0	0.6
1790587769	index_grow	20151	0	8.9
1790587742	dormant_flush	20150	0	40.1
1790587782	thread_storm	20151	0	0.7
1790587783	stw_mt	20152	0	1.5
1790587785	stw_mt+diag	20152	0	1.6
1790587786	stw_mt+diag	20152	0	1.6
1790587788	stw_mt_hdr_tlab	20152	0	1.9
1790587790	stw_mt_hdr_tlab_nursery	20152	0	3.2
1790587690	pattern_fuzz+diag	20149	0	114.8
1790587804	churn	20152	0	0.6
1790587805	churn_hdr	20152	0	0.6
1790587806	index_grow	20152	0	8.2
1790587777	dormant_flush	20151	0	42.9
1790587820	thread_storm	20152	0	0.7
1790587821	stw_mt	20153	0	1.6
1790587823	stw_mt+diag	20153	0	1.6
1790587824	stw_mt+diag	20153	0	1.7
1790587826	stw_mt_hdr_tlab	20153	0	2.1
1790587828	stw_mt_hdr_tlab_nursery	20153	0	3.2
1790587730	pattern_fuzz+diag	20150	0	115.7
1790587846	churn	20153	0	0.6
1790587846	churn_hdr	20153	0	0.6
1790587814	dormant_flush	20152	0	41.8
1790587847	index_grow	20153	0	9.4
1790587856	thread_storm	20153	0	0.7
1790587857	stw_mt	20154	0	1.6
1790587858	stw_mt+diag	20154	0	1.6
1790587860	stw_mt+diag	20154	0	1.6
1790587862	stw_mt_hdr_tlab	20154	0	2.0
1790587864	stw_mt_hdr_tlab_nursery	20154	0	3.1
1790587756	pattern_fuzz+diag	20151	0	115.2
1790587872	churn	20154	0	0.6
1790587872	churn_hdr	20154	0	0.6
1790587873	index_grow	20154	0	9.3
1790587856	dormant_flush	20153	0	46.8
1790587902	thread_storm	20154	0	0.7
1790587903	stw_mt	20155	0	1.5
1790587905	stw_mt+diag	20155	0	1.6
1790587793	pattern_fuzz+diag	20152	0	114.2
1790587906	stw_mt+diag	20155	0	1.7
1790587907	stw_mt_hdr_tlab	20155	0	2.2
1790587908	stw_mt_hdr_tlab_nursery	20155	0	3.3
1790587911	churn	20155	0	0.6
1790587912	churn_hdr	20155	0	0.6
1790587913	index_grow	20155	0	8.2
1790587882	dormant_flush	20154	0	46.5
1790587929	thread_storm	20155	0	0.7
1790587929	stw_mt	20156	0	1.6
1790587931	stw_mt+diag	20156	0	1.7
1790587933	stw_mt+diag	20156	0	1.6
1790587934	stw_mt_hdr_tlab	20156	0	2.0
1790587936	stw_mt_hdr_tlab_nursery	20156	0	3.2
1790587831	pattern_fuzz+diag	20153	0	115.0
1790587946	churn	20156	0	0.6
1790587947	churn_hdr	20156	0	0.6
1790587947	index_grow	20156	0	9.6
1790587921	dormant_flush	20155	0	40.9
1790587962	thread_storm	20156	0	0.7
1790587962	stw_mt	20157	0	1.5
1790587964	stw_mt+diag	20157	0	1.6
1790587965	stw_mt+diag	20157	0	1.7
1790587967	stw_mt_hdr_tlab	20157	0	2.1
1790587969	stw_mt_hdr_tlab_nursery	20157	0	3.3
1790587867	pattern_fuzz+diag	20154	0	115.9
1790587983	churn	20157	0	0.6
1790587983	churn_hdr	20157	0	0.7
1790587984	index_grow	20157	0	8.7
1790587957	dormant_flush	20156	0	39.6
1790587996	thread_storm	20157	0	0.7
1790587997	stw_mt	20158	0	1.6
1790587999	stw_mt+diag	20158	0	1.5
1790588000	stw_mt+diag	20158	0	1.6
1790588002	stw_mt_hdr_tlab	20158	0	1.9
1790588004	stw_mt_hdr_tlab_nursery	20158	0	3.2
1790587909	pattern_fuzz+diag	20155	0	115.4
1790588025	churn	20158	0	0.6
1790588025	churn_hdr	20158	0	0.6
1790587993	dormant_flush	20157	0	41.6
1790588026	index_grow	20158	0	8.7
1790588035	thread_storm	20158	0	0.7
1790588035	stw_mt	20159	0	1.6
1790588037	stw_mt+diag	20159	0	1.6
1790588039	stw_mt+diag	20159	0	1.7
1790588040	stw_mt_hdr_tlab	20159	0	2.0
1790588042	stw_mt_hdr_tlab_nursery	20159	0	3.3
1790587939	pattern_fuzz+diag	20156	0	117.1
1790588057	churn	20159	0	0.6
1790588057	churn_hdr	20159	0	0.6
1790588058	index_grow	20159	0	9.8
1790588034	dormant_flush	20158	0	47.5
1790588082	thread_storm	20159	0	0.7
1790588083	stw_mt	20160	0	1.6
1790588084	stw_mt+diag	20160	0	1.7
1790588086	stw_mt+diag	20160	0	1.6
1790587972	pattern_fuzz+diag	20157	0	116.6
1790588087	stw_mt_hdr_tlab	20160	0	2.0
1790588089	stw_mt_hdr_tlab_nursery	20160	0	3.3
1790588092	churn	20160	0	0.6
1790588093	churn_hdr	20160	0	0.6
1790588094	index_grow	20160	0	9.5
1790588068	dormant_flush	20159	0	48.0
1790588116	thread_storm	20160	0	0.7
1790588116	stw_mt	20161	0	1.5
1790588118	stw_mt+diag	20161	0	1.6
1790588119	stw_mt+diag	20161	0	1.7
1790588121	stw_mt_hdr_tlab	20161	0	2.1
1790588007	pattern_fuzz+diag	20158	0	117.2
1790588123	stw_mt_hdr_tlab_nursery	20161	0	3.2
1790588126	churn	20161	0	0.6
1790588127	churn_hdr	20161	0	0.6
1790588128	index_grow	20161	0	8.4
1790588103	dormant_flush	20160	0	43.5
1790588147	thread_storm	20161	0	0.7
1790588147	stw_mt	20162	0	1.6
1790588149	stw_mt+diag	20162	0	1.6
1790588151	stw_mt+diag	20162	0	1.7
1790588152	stw_mt_hdr_tlab	20162	0	2.0
1790588154	stw_mt_hdr_tlab_nursery	20162	0	3.3
1790588046	pattern_fuzz+diag	20159	0	116.6
1790588162	churn	20162	0	0.6
1790588163	churn_hdr	20162	0	0.6
1790588163	index_grow	20162	0	8.8
1790588136	dormant_flush	20161	0	48.1
1790588184	thread_storm	20162	0	0.7
1790588185	stw_mt	20163	0	1.5
1790588186	stw_mt+diag	20163	0	1.6
1790588188	stw_mt+diag	20163	0	1.7
1790588190	stw_mt_hdr_tlab	20163	0	2.0
1790588192	stw_mt_hdr_tlab_nursery	20163	0	3.2
1790588089	pattern_fuzz+diag	20160	0	116.1
1790588205	churn	20163	0	0.7
1790588206	churn_hdr	20163	0	0.6
1790588172	dormant_flush	20162	0	42.9
1790588207	index_grow	20163	0	9.2
1790588216	thread_storm	20163	0	0.7
1790588217	stw_mt	20164	0	1.7
1790588218	stw_mt+diag	20164	0	1.6
1790588220	stw_mt+diag	20164	0	1.6
1790588221	stw_mt_hdr_tlab	20164	0	2.0
1790588223	stw_mt_hdr_tlab_nursery	20164	0	3.4
1790588124	pattern_fuzz+diag	20161	0	117.4
1790588242	churn	20164	0	0.6
1790588242	churn_hdr	20164	0	0.6
1790588243	index_grow	20164	0	8.8
1790588215	dormant_flush	20163	0	49.5
1790588265	thread_storm	20164	0	0.7
1790588265	stw_mt	20165	0	1.6
1790588267	stw_mt+diag	20165	0	1.6
1790588269	stw_mt+diag	20165	0	1.6
1790588270	stw_mt_hdr_tlab	20165	0	2.1
1790588272	stw_mt_hdr_tlab_nursery	20165	0	3.2
1790588158	pattern_fuzz+diag	20162	0	118.0
1790588276	churn	20165	0	0.6
1790588276	churn_hdr	20165	0	0.6
1790588277	index_grow	20165	0	8.7
1790588252	dormant_flush	20164	0	44.2
1790588296	thread_storm	20165	0	0.7
1790588297	stw_mt	20166	0	1.6
1790588298	stw_mt+diag	20166	0	1.7
1790588300	stw_mt+diag	20166	0	1.6
1790588301	stw_mt_hdr_tlab	20166	0	2.1
1790588304	stw_mt_hdr_tlab_nursery	20166	0	3.2
1790588195	pattern_fuzz+diag	20163	0	117.4
1790588312	churn	20166	0	0.6
1790588313	churn_hdr	20166	0	0.6
1790588313	index_grow	20166	0	5.2
1790588286	dormant_flush	20165	0	46.6
1790588332	thread_storm	20166	0	0.7
1790588333	stw_mt	20167	0	1.6
1790588334	stw_mt+diag	20167	0	1.6
1790588336	stw_mt+diag	20167	0	1.6
1790588338	stw_mt_hdr_tlab	20167	0	2.1
1790588340	stw_mt_hdr_tlab_nursery	20167	0	3.1
1790588227	pattern_fuzz+diag	20164	0	117.5
1790588344	churn	20167	0	0.6
1790588345	churn_hdr	20167	0	0.6
1790588346	index_grow	20167	0	9.0
1790588319	dormant_flush	20166	0	47.6
1790588366	thread_storm	20167	0	0.7
1790588367	stw_mt	20168	0	1.6
1790588368	stw_mt+diag	20168	0	1.6
1790588370	stw_mt+diag	20168	0	1.7
1790588372	stw_mt_hdr_tlab	20168	0	2.1
1790588374	stw_mt_hdr_tlab_nursery	20168	0	3.3
1790588276	pattern_fuzz+diag	20165	0	116.3
1790588392	churn	20168	0	0.6
1790588392	churn_hdr	20168	0	0.6
1790588355	dormant_flush	20167	0	43.2
1790588393	index_grow	20168	0	8.5
1790588402	thread_storm	20168	0	0.7
1790588402	stw_mt	20169	0	1.7
1790588404	stw_mt+diag	20169	0	1.6
1790588406	stw_mt+diag	20169	0	1.7
1790588407	stw_mt_hdr_tlab	20169	0	2.0
1790588409	stw_mt_hdr_tlab_nursery	20169	0	3.4
1790588307	pattern_fuzz+diag	20166	0	116.0
1790588423	churn	20169	0	0.6
1790588423	churn_hdr	20169	0	0.6
1790588424	index_grow	20169	0	8.9
1790588398	dormant_flush	20168	0	43.4
1790588441	thread_storm	20169	0	0.7
1790588442	stw_mt	20170	0	1.6
1790588443	stw_mt+diag	20170	0	1.6
1790588445	stw_mt+diag	20170	0	1.6
1790588447	stw_mt_hdr_tlab	20170	0	2.1
1790588449	stw_mt_hdr_tlab_nursery	20170	0	3.2
1790588343	pattern_fuzz+diag	20167	0	114.6
1790588457	churn	20170	0	0.6
1790588458	churn_hdr	20170	0	0.6
1790588459	index_grow	20170	0	8.7
1790588433	dormant_flush	20169	0	53.2
1790588486	thread_storm	20170	0	0.7
1790588487	stw_mt	20171	0	1.6
1790588488	stw_mt+diag	20171	0	1.6
1790588490	stw_mt+diag	20171	0	1.6
1790588377	pattern_fuzz+diag	20168	0	115.5
1790588492	stw_mt_hdr_tlab	20171	0	2.2
1790588493	stw_mt_hdr_tlab_nursery	20171	0	3.3
1790588496	churn	20171	0	0.6
1790588496	churn_hdr	20171	0	0.6
1790588497	index_grow	20171	0	9.6
1790588467	dormant_flush	20170	0	44.3
1790588512	thread_storm	20171	0	0.7
1790588512	stw_mt	20172	0	1.6
1790588514	stw_mt+diag	20172	0	1.6
1790588516	stw_mt+diag	20172	0	1.6
1790588517	stw_mt_hdr_tlab	20172	0	2.2
1790588519	stw_mt_hdr_tlab_nursery	20172	0	3.2
1790588413	pattern_fuzz+diag	20169	0	115.9
1790588529	churn	20172	0	0.6
1790588529	churn_hdr	20172	0	0.6
1790588530	index_grow	20172	0	8.4
1790588507	dormant_flush	20171	0	49.4
1790588556	thread_storm	20172	0	0.7
1790588557	stw_mt	20173	0	1.6
1790588558	stw_mt+diag	20173	0	1.7
1790588560	stw_mt+diag	20173	0	1.6
1790588562	stw_mt_hdr_tlab	20173	0	2.0
1790588564	stw_mt_hdr_tlab_nursery	20173	0	3.2
1790588452	pattern_fuzz+diag	20170	0	116.8
1790588569	churn	20173	0	0.6
1790588569	churn_hdr	20173	0	0.6
1790588570	index_grow	20173	0	8.9
1790588538	dormant_flush	20172	0	48.1
1790588586	thread_storm	20173	0	0.7
1790588587	stw_mt	20174	0	1.7
1790588589	stw_mt+diag	20174	0	1.6
1790588590	stw_mt+diag	20174	0	1.6
1790588592	stw_mt_hdr_tlab	20174	0	2.0
1790588594	stw_mt_hdr_tlab_nursery	20174	0	3.3
1790588494	pattern_fuzz+diag	20171	0	115.4
1790588609	churn	20174	0	0.6
1790588610	churn_hdr	20174	0	0.6
1790588610	index_grow	20174	0	8.4
1790588579	dormant_flush	20173	0	45.2
1790588624	thread_storm	20174	0	0.7
1790588625	stw_mt	20175	0	1.6
1790588626	stw_mt+diag	20175	0	1.6
1790588628	stw_mt+diag	20175	0	1.7
1790588630	stw_mt_hdr_tlab	20175	0	1.9
1790588631	stw_mt_hdr_tlab_nursery	20175	0	3.1
1790588523	pattern_fuzz+diag	20172	0	116.6
1790588639	churn	20175	0	0.6
1790588640	churn_hdr	20175	0	0.6
1790588640	index_grow	20175	0	8.6
1790588619	dormant_flush	20174	0	43.7
1790588662	thread_storm	20175	0	0.7
1790588663	stw_mt	20176	0	1.6
1790588665	stw_mt+diag	20176	0	1.6
1790588666	stw_mt+diag	20176	0	1.6
1790588668	stw_mt_hdr_tlab	20176	0	2.1
1790588670	stw_mt_hdr_tlab_nursery	20176	0	3.2
1790588567	pattern_fuzz+diag	20173	0	117.0
1790588684	churn	20176	0	0.6
1790588684	churn_hdr	20176	0	0.6
1790588649	dormant_flush	20175	0	42.4
1790588685	index_grow	20176	0	9.0
1790588694	thread_storm	20176	0	0.7
1790588695	stw_mt	20177	0	1.6
1790588696	stw_mt+diag	20177	0	1.6
1790588698	stw_mt+diag	20177	0	1.6
1790588700	stw_mt_hdr_tlab	20177	0	2.0
1790588702	stw_mt_hdr_tlab_nursery	20177	0	3.3
1790588597	pattern_fuzz+diag	20174	0	115.8
1790588713	churn	20177	0	0.6
1790588714	churn_hdr	20177	0	0.6
1790588714	index_grow	20177	0	8.9
1790588692	dormant_flush	20176	0	49.0
1790588741	thread_storm	20177	0	0.7
1790588741	stw_mt	20178	0	1.6
1790588743	stw_mt+diag	20178	0	1.6
1790588744	stw_mt+diag	20178	0	1.6
1790588746	stw_mt_hdr_tlab	20178	0	2.0
1790588748	stw_mt_hdr_tlab_nursery	20178	0	3.1
1790588635	pattern_fuzz+diag	20175	0	116.5
1790588751	churn	20178	0	0.7
1790588752	churn_hdr	20178	0	0.6
1790588752	index_grow	20178	0	8.5
1790588723	dormant_flush	20177	0	44.6
1790588768	thread_storm	20178	0	0.7
1790588768	stw_mt	20179	0	1.7
1790588770	stw_mt+diag	20179	0	1.6
1790588772	stw_mt+diag	20179	0	1.6
1790588773	stw_mt_hdr_tlab	20179	0	2.0
1790588775	stw_mt_hdr_tlab_nursery	20179	0	3.2
1790588673	pattern_fuzz+diag	20176	0	114.0
1790588787	churn	20179	0	0.6
1790588788	churn_hdr	20179	0	0.6
1790588788	index_grow	20179	0	8.6
1790588761	dormant_flush	20178	0	43.3
1790588804	thread_storm	20179	0	0.7
1790588805	stw_mt	20180	0	1.7
1790588807	stw_mt+diag	20180	0	1.7
1790588808	stw_mt+diag	20180	0	1.7
1790588810	stw_mt_hdr_tlab	20180	0	1.9
1790588812	stw_mt_hdr_tlab_nursery	20180	0	3.2
1790588705	pattern_fuzz+diag	20177	0	115.1
1790588820	churn	20180	0	0.6
1790588821	churn_hdr	20180	0	0.6
1790588821	index_grow	20180	0	9.0
1790588797	dormant_flush	20179	0	42.8
1790588840	thread_storm	20180	0	0.7
1790588840	stw_mt	20181	0	1.6
1790588842	stw_mt+diag	20181	0	1.7
1790588844	stw_mt+diag	20181	0	1.6
1790588845	stw_mt_hdr_tlab	20181	0	2.0
1790588847	stw_mt_hdr_tlab_nursery	20181	0	3.3
1790588751	pattern_fuzz+diag	20178	0	114.6
1790588866	churn	20181	0	0.6
1790588866	churn_hdr	20181	0	0.6
1790588830	dormant_flush	20180	0	44.3
1790588867	index_grow	20181	0	8.3
1790588875	thread_storm	20181	0	0.7
1790588876	stw_mt	20182	0	1.6
1790588878	stw_mt+diag	20182	0	1.6
1790588879	stw_mt+diag	20182	0	1.7
1790588881	stw_mt_hdr_tlab	20182	0	2.1
1790588883	stw_mt_hdr_tlab_nursery	20182	0	3.2
1790588779	pattern_fuzz+diag	20179	0	116.3
1790588895	churn	20182	0	0.6
1790588895	churn_hdr	20182	0	0.6
1790588896	index_grow	20182	0	8.7
1790588875	dormant_flush	20181	0	51.7
1790588926	thread_storm	20182	0	0.7
1790588927	stw_mt	20183	0	1.6
1790588929	stw_mt+diag	20183	0	1.7
1790588815	pattern_fuzz+diag	20180	0	116.7
1790588930	stw_mt+diag	20183	0	1.6
1790588932	stw_mt_hdr_tlab	20183	0	2.0
1790588932	stw_mt_hdr_tlab_nursery	20183	0	3.2
1790588935	churn	20183	0	0.6
1790588936	churn_hdr	20183	0	0.6
1790588936	index_grow	20183	0	8.4
1790588905	dormant_flush	20182	0	47.1
1790588952	thread_storm	20183	0	0.7
1790588952	stw_mt	20184	0	1.6
1790588954	stw_mt+diag	20184	0	1.6
1790588956	stw_mt+diag	20184	0	1.7
1790588957	stw_mt_hdr_tlab	20184	0	2.0
1790588959	stw_mt_hdr_tlab_nursery	20184	0	3.4
1790588851	pattern_fuzz+diag	20181	0	116.8
1790588967	churn	20184	0	0.6
1790588968	churn_hdr	20184	0	0.7
1790588969	index_grow	20184	0	8.0
1790588945	dormant_flush	20183	0	52.6
1790588997	thread_storm	20184	0	0.7
1790588998	stw_mt	20185	0	1.7
1790589000	stw_mt+diag	20185	0	1.6
1790588886	pattern_fuzz+diag	20182	0	116.7
1790589001	stw_mt+diag	20185	0	1.7
1790589003	stw_mt_hdr_tlab	20185	0	2.2
1790589003	stw_mt_hdr_tlab_nursery	20185	0	3.4
1790589006	churn	20185	0	0.6
1790589007	churn_hdr	20185	0	0.6
1790589008	index_grow	20185	0	8.3
1790588977	dormant_flush	20184	0	44.8
1790589022	thread_storm	20185	0	0.7
1790589022	stw_mt	20186	0	1.5
1790589024	stw_mt+diag	20186	0	1.6
1790589025	stw_mt+diag	20186	0	1.7
1790589027	stw_mt_hdr_tlab	20186	0	2.0
1790589029	stw_mt_hdr_tlab_nursery	20186	0	3.2
1790588934	pattern_fuzz+diag	20183	0	117.6
1790589051	churn	20186	0	0.6
1790589052	churn_hdr	20186	0	0.6
1790589016	dormant_flush	20185	0	40.1
1790589052	index_grow	20186	0	10.1
1790589063	thread_storm	20186	0	0.7
1790589063	stw_mt	20187	0	1.6
1790589065	stw_mt+diag	20187	0	1.6
1790589066	stw_mt+diag	20187	0	1.6
1790589068	stw_mt_hdr_tlab	20187	0	2.1
1790589070	stw_mt_hdr_tlab_nursery	20187	0	3.2
1790588963	pattern_fuzz+diag	20184	0	115.8
1790589079	churn	20187	0	0.6
1790589079	churn_hdr	20187	0	0.6
1790589080	index_grow	20187	0	8.6
1790589056	dormant_flush	20186	0	43.5
1790589099	thread_storm	20187	0	0.7
1790589100	stw_mt	20188	0	1.6
1790589102	stw_mt+diag	20188	0	1.5
1790589103	stw_mt+diag	20188	0	1.7
1790589105	stw_mt_hdr_tlab	20188	0	2.0
1790589107	stw_mt_hdr_tlab_nursery	20188	0	3.3
1790589005	pattern_fuzz+diag	20185	0	115.5
1790589121	churn	20188	0	0.6
1790589121	churn_hdr	20188	0	0.6
1790589088	dormant_flush	20187	0	40.9
1790589122	index_grow	20188	0	8.6
1790589130	thread_storm	20188	0	0.8
1790589131	stw_mt	20189	0	1.8
1790589133	stw_mt+diag	20189	0	1.7
1790589135	stw_mt+diag	20189	0	1.8
1790589137	stw_mt_hdr_tlab	20189	0	2.1
1790589139	stw_mt_hdr_tlab_nursery	20189	0	3.4
1790589032	pattern_fuzz+diag	20186	0	116.4
1790589149	churn	20189	0	0.6
1790589149	churn_hdr	20189	0	0.7
1790589150	index_grow	20189	0	9.3
1790589129	dormant_flush	20188	0	57.3
1790589187	thread_storm	20189	0	0.7
1790589187	stw_mt	20190	0	1.9
1790589189	stw_mt+diag	20190	0	1.7
1790589191	stw_mt+diag	20190	0	1.7
1790589073	pattern_fuzz+diag	20187	0	120.3
1790589192	stw_mt_hdr_tlab	20190	0	2.1
1790589194	stw_mt_hdr_tlab_nursery	20190	0	3.3
1790589197	churn	20190	0	0.6
1790589197	churn_hdr	20190	0	0.6
1790589198	index_grow	20190	0	5.7
1790589159	dormant_flush	20189	0	51.9
1790589211	thread_storm	20190	0	0.7
1790589212	stw_mt	20191	0	1.6
1790589213	stw_mt+diag	20191	0	1.6
1790589215	stw_mt+diag	20191	0	1.7
1790589217	stw_mt_hdr_tlab	20191	0	2.2
1790589219	stw_mt_hdr_tlab_nursery	20191	0	3.2
1790589110	pattern_fuzz+diag	20188	0	120.3
1790589230	churn	20191	0	0.6
1790589231	churn_hdr	20191	0	0.6
1790589232	index_grow	20191	0	9.6
1790589204	dormant_flush	20190	0	48.9
1790589253	thread_storm	20191	0	0.7
1790589253	stw_mt	20192	0	1.6
1790589255	stw_mt+diag	20192	0	1.6
1790589257	stw_mt+diag	20192	0	1.7
1790589258	stw_mt_hdr_tlab	20192	0	2.2
1790589142	pattern_fuzz+diag	20189	0	118.5
1790589260	stw_mt_hdr_tlab_nursery	20192	0	3.3
1790589241	dormant_flush	20191	0	43.2
1790589195	pattern_fuzz+diag	20190	0	111.2
1790589222	pattern_fuzz+diag	20191	0	106.7
1790589261	pattern_fuzz+diag	20192	0	101.1
