8	1	before	35998 37189 38240 39510 39710 39312
8	1	t4	35866 38556 36048 37494 38630 39185
8	2	before	52429 58009 64338 52452 55335 55927
8	2	t4	52074 57097 60339 59842 56555 54146
8	4	before	64020 62056 63650 60703 64761 63189
8	4	t4	64453 64289 68586 67143 65301 63522
64	1	before	135405 142643 141570 148045 143999 145861
64	1	t4	147761 150399 150079 146963 153921 148734
64	2	before	110202 114225 119446 113134 112425 121439
64	2	t4	117453 126167 116971 119458 115948 117818
64	4	before	92163 101252 99390 103300 93210 97893
64	4	t4	92784 91630 92785 105723 105168 96512
