8	1	before	39670 37586 38346 36313 39699 39541
8	1	peek	38421 37583 37446 39028 40667 39830
8	2	before	51073 53312 56998 56351 57880 51029
8	2	peek	54892 52136 58198 60033 59187 55523
8	4	before	59599 61456 65114 62021 64767 60490
8	4	peek	61921 63722 67066 65960 62147 65033
64	1	before	140256 139848 144167 141924 138970 140299
64	1	peek	133729 138295 144627 138193 139902 148071
64	2	before	115397 110328 100309 122197 122519 117199
64	2	peek	118371 108250 113775 119232 121251 117668
64	4	before	87391 92233 89220 96053 90875 95865
64	4	peek	90830 100060 95066 99386 98212 86144
