1790523826	stw_mt+diag	20000	0	2.0
1790523826	stw_mt	20000	0	2.1
1790523826	stw_mt+diag	20000	0	2.1
1790523826	stw_mt_hdr_tlab	20000	0	2.6
1790523828	churn_hdr	20000	0	0.6
1790523828	churn	20000	0	0.6
1790523828	thread_storm	20000	0	0.7
1790523826	stw_mt_hdr_tlab_nursery	20000	0	3.9
1790523829	stw_mt	20001	0	2.2
1790523830	stw_mt+diag	20001	0	2.2
1790523828	index_grow	20000	0	5.1
1790523831	stw_mt+diag	20001	0	2.4
1790523832	stw_mt_hdr_tlab	20001	0	3.1
1790523835	churn	20001	0	0.7
1790523836	churn_hdr	20001	0	0.7
1790523834	stw_mt_hdr_tlab_nursery	20001	0	4.1
1790523836	index_grow	20001	0	3.0
1790523839	thread_storm	20001	0	0.8
1790523840	stw_mt	20002	0	3.0
1790523843	stw_mt+diag	20002	0	2.6
1790523846	stw_mt+diag	20002	0	2.6
1790523848	stw_mt_hdr_tlab	20002	0	2.8
1790523851	stw_mt_hdr_tlab_nursery	20002	0	5.0
1790523828	dormant_flush	20000	0	54.9
1790523883	churn	20002	0	0.6
1790523884	churn_hdr	20002	0	0.6
1790523885	index_grow	20002	0	8.5
1790523838	dormant_flush	20001	0	62.1
1790523900	thread_storm	20002	0	0.7
1790523901	stw_mt	20003	0	1.6
1790523902	stw_mt+diag	20003	0	1.7
1790523904	stw_mt+diag	20003	0	1.7
1790523906	stw_mt_hdr_tlab	20003	0	2.3
1790523908	stw_mt_hdr_tlab_nursery	20003	0	3.8
1790523893	dormant_flush	20002	0	42.1
1790523935	churn	20003	0	0.6
1790523936	churn_hdr	20003	0	0.6
1790523936	index_grow	20003	0	8.6
1790523828	pattern_fuzz+diag	20000	0	127.9
1790523956	thread_storm	20003	0	0.7
1790523956	stw_mt	20004	0	1.7
1790523958	stw_mt+diag	20004	0	1.6
1790523834	pattern_fuzz+diag	20001	0	126.8
1790523960	stw_mt+diag	20004	0	1.7
1790523961	stw_mt_hdr_tlab	20004	0	2.5
1790523961	stw_mt_hdr_tlab_nursery	20004	0	4.0
1790523965	churn	20004	0	0.6
1790523966	churn_hdr	20004	0	0.6
1790523967	index_grow	20004	0	9.1
1790523856	pattern_fuzz+diag	20002	0	124.0
1790523980	thread_storm	20004	0	0.8
1790523981	stw_mt	20005	0	2.6
1790523984	stw_mt+diag	20005	0	2.8
1790523986	stw_mt+diag	20005	0	2.7
1790523989	stw_mt_hdr_tlab	20005	0	2.9
1790523992	stw_mt_hdr_tlab_nursery	20005	0	4.4
1790523945	dormant_flush	20003	0	55.1
1790524000	churn	20005	0	0.7
1790524001	churn_hdr	20005	0	0.6
1790524001	index_grow	20005	0	8.5
1790523976	dormant_flush	20004	0	53.9
1790524030	thread_storm	20005	0	0.7
1790524030	stw_mt	20006	0	1.7
1790524032	stw_mt+diag	20006	0	1.6
1790523912	pattern_fuzz+diag	20003	0	123.3
1790524034	stw_mt+diag	20006	0	1.7
1790524035	stw_mt_hdr_tlab	20006	0	3.5
1790524035	stw_mt_hdr_tlab_nursery	20006	0	4.6
1790524040	churn	20006	0	0.6
1790524041	churn_hdr	20006	0	0.6
1790524041	index_grow	20006	0	5.1
1790524010	dormant_flush	20005	0	56.5
1790524066	thread_storm	20006	0	0.9
1790524067	stw_mt	20007	0	2.9
1790524070	stw_mt+diag	20007	0	2.7
1790524073	stw_mt+diag	20007	0	3.0
1790524076	stw_mt_hdr_tlab	20007	0	3.1
1790524079	stw_mt_hdr_tlab_nursery	20007	0	4.7
1790523963	pattern_fuzz+diag	20004	0	129.7
1790524093	churn	20007	0	0.7
1790524093	churn_hdr	20007	0	0.7
1790524094	index_grow	20007	0	3.6
1790524046	dormant_flush	20006	0	81.5
1790524128	thread_storm	20007	0	0.9
1790523996	pattern_fuzz+diag	20005	0	133.7
1790524129	stw_mt	20008	0	2.7
1790524130	stw_mt+diag	20008	0	3.5
1790524131	stw_mt+diag	20008	0	4.1
1790524134	stw_mt_hdr_tlab	20008	0	3.8
1790524135	stw_mt_hdr_tlab_nursery	20008	0	5.2
1790524141	churn	20008	0	0.7
1790524141	churn_hdr	20008	0	0.7
1790524142	index_grow	20008	0	2.7
1790524098	dormant_flush	20007	0	71.9
1790524170	thread_storm	20008	0	0.9
1790524170	stw_mt	20009	0	3.1
1790524038	pattern_fuzz+diag	20006	0	137.7
1790524174	stw_mt+diag	20009	0	2.7
1790524176	stw_mt+diag	20009	0	3.8
1790524176	stw_mt_hdr_tlab	20009	0	3.7
1790524180	stw_mt_hdr_tlab_nursery	20009	0	5.0
1790524185	churn	20009	0	0.7
1790524185	churn_hdr	20009	0	0.7
1790524186	index_grow	20009	0	2.8
1790524084	pattern_fuzz+diag	20007	0	135.1
1790524219	thread_storm	20009	0	0.9
1790524220	stw_mt	20010	0	5.5
1790524225	stw_mt+diag	20010	0	5.1
1790524230	stw_mt+diag	20010	0	5.3
1790524145	dormant_flush	20008	0	91.9
1790524236	stw_mt_hdr_tlab	20010	0	3.6
1790524237	stw_mt_hdr_tlab_nursery	20010	0	5.0
1790524242	churn	20010	0	0.7
1790524242	churn_hdr	20010	0	0.7
1790524243	index_grow	20010	0	3.1
1790524189	dormant_flush	20009	0	82.8
1790524272	thread_storm	20010	0	0.9
1790524137	pattern_fuzz+diag	20008	0	136.2
1790524273	stw_mt	20011	0	3.6
1790524274	stw_mt+diag	20011	0	3.9
1790524276	stw_mt+diag	20011	0	3.3
1790524278	stw_mt_hdr_tlab	20011	0	3.2
1790524279	stw_mt_hdr_tlab_nursery	20011	0	4.7
1790524284	churn	20011	0	0.7
1790524285	churn_hdr	20011	0	0.7
1790524286	index_grow	20011	0	2.5
1790524180	pattern_fuzz+diag	20009	0	139.0
1790524319	thread_storm	20011	0	1.0
1790524246	dormant_flush	20010	0	76.7
1790524320	stw_mt	20012	0	4.5
1790524323	stw_mt+diag	20012	0	4.0
1790524324	stw_mt+diag	20012	0	4.1
1790524327	stw_mt_hdr_tlab	20012	0	3.6
1790524329	stw_mt_hdr_tlab_nursery	20012	0	4.6
1790524333	churn	20012	0	0.7
1790524334	churn_hdr	20012	0	0.7
1790524335	index_grow	20012	0	2.2
1790524288	dormant_flush	20011	0	71.8
1790524360	thread_storm	20012	0	0.8
1790524361	stw_mt	20013	0	2.5
1790524363	stw_mt+diag	20013	0	3.3
1790524367	stw_mt+diag	20013	0	3.1
1790524370	stw_mt_hdr_tlab	20013	0	2.9
1790524239	pattern_fuzz+diag	20010	0	135.5
1790524373	stw_mt_hdr_tlab_nursery	20013	0	4.6
1790524377	churn	20013	0	0.7
1790524378	churn_hdr	20013	0	0.7
1790524379	index_grow	20013	0	2.6
1790524337	dormant_flush	20012	0	78.4
1790524415	thread_storm	20013	0	0.9
1790524281	pattern_fuzz+diag	20011	0	136.8
1790524416	stw_mt	20014	0	2.6
1790524418	stw_mt+diag	20014	0	3.2
1790524419	stw_mt+diag	20014	0	3.5
1790524421	stw_mt_hdr_tlab	20014	0	3.8
1790524422	stw_mt_hdr_tlab_nursery	20014	0	5.2
1790524427	churn	20014	0	0.7
1790524428	churn_hdr	20014	0	0.7
1790524429	index_grow	20014	0	2.6
1790524330	pattern_fuzz+diag	20012	0	135.3
1790524466	thread_storm	20014	0	1.0
1790524381	dormant_flush	20013	0	85.7
1790524467	stw_mt	20015	0	2.9
1790524467	stw_mt+diag	20015	0	2.9
1790524470	stw_mt+diag	20015	0	3.7
1790524470	stw_mt_hdr_tlab	20015	0	3.8
1790524473	stw_mt_hdr_tlab_nursery	20015	0	5.2
1790524478	churn	20015	0	0.7
1790524479	churn_hdr	20015	0	0.7
1790524480	index_grow	20015	0	2.8
1790524375	pattern_fuzz+diag	20013	0	136.4
1790524511	thread_storm	20015	0	0.9
1790524431	dormant_flush	20014	0	83.3
1790524512	stw_mt	20016	0	4.5
1790524515	stw_mt+diag	20016	0	3.4
1790524516	stw_mt+diag	20016	0	3.0
1790524518	stw_mt_hdr_tlab	20016	0	3.3
1790524519	stw_mt_hdr_tlab_nursery	20016	0	5.5
1790524525	churn	20016	0	0.7
1790524526	churn_hdr	20016	0	0.7
1790524526	index_grow	20016	0	2.8
1790524425	pattern_fuzz+diag	20014	0	139.0
1790524483	dormant_flush	20015	0	81.4
1790524564	thread_storm	20016	0	0.9
1790524564	stw_mt	20017	0	3.7
1790524565	stw_mt+diag	20017	0	4.0
1790524568	stw_mt+diag	20017	0	3.7
1790524569	stw_mt_hdr_tlab	20017	0	3.4
1790524571	stw_mt_hdr_tlab_nursery	20017	0	4.8
1790524576	churn	20017	0	0.8
1790524577	churn_hdr	20017	0	0.9
1790524578	index_grow	20017	0	2.3
1790524529	dormant_flush	20016	0	73.3
1790524603	thread_storm	20017	0	0.7
1790524603	stw_mt	20018	0	1.7
1790524605	stw_mt+diag	20018	0	1.6
1790524607	stw_mt+diag	20018	0	1.6
1790524608	stw_mt_hdr_tlab	20018	0	2.4
1790524474	pattern_fuzz+diag	20015	0	139.5
1790524611	stw_mt_hdr_tlab_nursery	20018	0	4.1
1790524615	churn	20018	0	0.7
1790524615	churn_hdr	20018	0	0.6
1790524616	index_grow	20018	0	8.4
1790524580	dormant_flush	20017	0	56.2
1790524636	thread_storm	20018	0	0.7
1790524637	stw_mt	20019	0	1.6
1790524639	stw_mt+diag	20019	0	1.6
1790524640	stw_mt+diag	20019	0	1.7
1790524642	stw_mt_hdr_tlab	20019	0	2.6
1790524645	stw_mt_hdr_tlab_nursery	20019	0	3.5
1790524521	pattern_fuzz+diag	20016	0	133.5
1790524655	churn	20019	0	0.6
1790524656	churn_hdr	20019	0	0.6
1790524656	index_grow	20019	0	8.3
1790524624	dormant_flush	20018	0	47.5
1790524672	thread_storm	20019	0	0.7
1790524673	stw_mt	20020	0	1.6
1790524674	stw_mt+diag	20020	0	1.7
1790524676	stw_mt+diag	20020	0	1.7
1790524678	stw_mt_hdr_tlab	20020	0	2.1
1790524680	stw_mt_hdr_tlab_nursery	20020	0	3.4
1790524572	pattern_fuzz+diag	20017	0	126.3
1790524698	churn	20020	0	0.6
1790524699	churn_hdr	20020	0	0.6
1790524700	index_grow	20020	0	9.1
1790524664	dormant_flush	20019	0	49.8
1790524714	thread_storm	20020	0	0.7
1790524715	stw_mt	20021	0	1.7
1790524717	stw_mt+diag	20021	0	1.6
1790524718	stw_mt+diag	20021	0	1.7
1790524720	stw_mt_hdr_tlab	20021	0	2.7
1790524723	stw_mt_hdr_tlab_nursery	20021	0	3.6
1790524613	pattern_fuzz+diag	20018	0	122.5
1790524736	churn	20021	0	0.6
1790524736	churn_hdr	20021	0	0.6
1790524737	index_grow	20021	0	9.2
1790524709	dormant_flush	20020	0	41.3
1790524750	thread_storm	20021	0	0.7
1790524751	stw_mt	20022	0	1.7
1790524752	stw_mt+diag	20022	0	1.5
1790524754	stw_mt+diag	20022	0	1.7
1790524755	stw_mt_hdr_tlab	20022	0	2.4
1790524758	stw_mt_hdr_tlab_nursery	20022	0	3.4
1790524648	pattern_fuzz+diag	20019	0	121.4
1790524770	churn	20022	0	0.7
1790524770	churn_hdr	20022	0	0.6
1790524771	index_grow	20022	0	9.2
1790524683	pattern_fuzz+diag	20020	0	120.8
1790524746	dormant_flush	20021	0	58.7
1790524804	thread_storm	20022	0	0.8
1790524805	stw_mt+diag	20023	0	1.8
1790524805	stw_mt	20023	0	1.9
1790524807	stw_mt+diag	20023	0	1.9
1790524807	stw_mt_hdr_tlab	20023	0	2.6
1790524808	stw_mt_hdr_tlab_nursery	20023	0	4.0
1790524812	churn	20023	0	0.6
1790524813	churn_hdr	20023	0	0.6
1790524814	index_grow	20023	0	8.4
1790524780	dormant_flush	20022	0	53.9
1790524834	thread_storm	20023	0	0.7
1790524835	stw_mt	20024	0	1.7
1790524836	stw_mt+diag	20024	0	1.7
1790524838	stw_mt+diag	20024	0	1.7
1790524840	stw_mt_hdr_tlab	20024	0	3.0
1790524843	stw_mt_hdr_tlab_nursery	20024	0	4.1
1790524726	pattern_fuzz+diag	20021	0	123.3
1790524850	churn	20024	0	0.7
1790524850	churn_hdr	20024	0	0.6
1790524851	index_grow	20024	0	8.4
1790524822	dormant_flush	20023	0	58.5
1790524881	thread_storm	20024	0	0.7
1790524881	stw_mt	20025	0	1.6
1790524883	stw_mt+diag	20025	0	1.7
1790524761	pattern_fuzz+diag	20022	0	124.7
1790524885	stw_mt+diag	20025	0	1.7
1790524886	stw_mt_hdr_tlab	20025	0	2.5
1790524886	stw_mt_hdr_tlab_nursery	20025	0	3.5
1790524890	churn	20025	0	0.6
1790524890	churn_hdr	20025	0	0.6
1790524891	index_grow	20025	0	8.8
1790524859	dormant_flush	20024	0	49.5
1790524909	thread_storm	20025	0	0.7
1790524909	stw_mt	20026	0	1.6
1790524911	stw_mt+diag	20026	0	1.7
1790524913	stw_mt+diag	20026	0	1.7
1790524914	stw_mt_hdr_tlab	20026	0	2.6
1790524917	stw_mt_hdr_tlab_nursery	20026	0	3.8
1790524809	pattern_fuzz+diag	20023	0	125.0
1790524934	churn	20026	0	0.6
1790524935	churn_hdr	20026	0	0.6
1790524935	index_grow	20026	0	9.1
1790524900	dormant_flush	20025	0	48.7
1790524948	thread_storm	20026	0	0.7
1790524949	stw_mt	20027	0	1.6
1790524951	stw_mt+diag	20027	0	1.5
1790524952	stw_mt+diag	20027	0	1.7
1790524954	stw_mt_hdr_tlab	20027	0	2.6
1790524957	stw_mt_hdr_tlab_nursery	20027	0	4.2
1790524847	pattern_fuzz+diag	20024	0	124.8
1790524972	churn	20027	0	0.6
1790524972	churn_hdr	20027	0	0.6
1790524973	index_grow	20027	0	9.4
1790524945	dormant_flush	20026	0	50.8
1790524995	thread_storm	20027	0	0.7
1790524996	stw_mt	20028	0	1.6
1790524998	stw_mt+diag	20028	0	1.7
1790524999	stw_mt+diag	20028	0	1.7
1790525001	stw_mt_hdr_tlab	20028	0	2.4
1790525003	stw_mt_hdr_tlab_nursery	20028	0	3.7
1790524888	pattern_fuzz+diag	20025	0	123.3
1790525012	churn	20028	0	0.6
1790525012	churn_hdr	20028	0	0.6
1790525013	index_grow	20028	0	7.6
1790524982	dormant_flush	20027	0	49.7
1790525032	thread_storm	20028	0	0.7
1790525032	stw_mt	20029	0	1.7
1790525034	stw_mt+diag	20029	0	1.7
1790525036	stw_mt+diag	20029	0	1.6
1790525037	stw_mt_hdr_tlab	20029	0	2.6
1790525040	stw_mt_hdr_tlab_nursery	20029	0	3.5
1790524921	pattern_fuzz+diag	20026	0	123.3
1790525044	churn	20029	0	0.6
1790525045	churn_hdr	20029	0	0.6
1790525045	index_grow	20029	0	9.0
1790525021	dormant_flush	20028	0	50.3
1790525071	thread_storm	20029	0	0.7
1790525072	stw_mt	20030	0	1.7
1790525073	stw_mt+diag	20030	0	1.7
1790525075	stw_mt+diag	20030	0	1.7
1790525077	stw_mt_hdr_tlab	20030	0	2.3
1790525079	stw_mt_hdr_tlab_nursery	20030	0	4.0
1790524961	pattern_fuzz+diag	20027	0	123.7
1790525084	churn	20030	0	0.7
1790525085	churn_hdr	20030	0	0.6
1790525086	index_grow	20030	0	8.1
1790525054	dormant_flush	20029	0	47.0
1790525101	thread_storm	20030	0	0.8
1790525102	stw_mt	20031	0	1.7
1790525104	stw_mt+diag	20031	0	1.7
1790525105	stw_mt+diag	20031	0	1.6
1790525107	stw_mt_hdr_tlab	20031	0	2.7
1790525110	stw_mt_hdr_tlab_nursery	20031	0	3.8
1790525007	pattern_fuzz+diag	20028	0	122.3
1790525130	churn	20031	0	0.6
1790525130	churn_hdr	20031	0	0.6
1790525131	index_grow	20031	0	8.6
1790525094	dormant_flush	20030	0	48.6
1790525142	thread_storm	20031	0	0.7
1790525143	stw_mt	20032	0	1.7
1790525145	stw_mt+diag	20032	0	1.6
1790525146	stw_mt+diag	20032	0	1.7
1790525148	stw_mt_hdr_tlab	20032	0	2.1
1790525150	stw_mt_hdr_tlab_nursery	20032	0	3.6
1790525044	pattern_fuzz+diag	20029	0	122.0
1790525166	churn	20032	0	0.6
1790525166	churn_hdr	20032	0	0.6
1790525167	index_grow	20032	0	9.0
1790525139	dormant_flush	20031	0	46.5
1790525186	thread_storm	20032	0	0.7
1790525186	stw_mt	20033	0	1.8
1790525188	stw_mt+diag	20033	0	1.6
1790525190	stw_mt+diag	20033	0	1.6
1790525191	stw_mt_hdr_tlab	20033	0	2.5
1790525194	stw_mt_hdr_tlab_nursery	20033	0	3.8
1790525083	pattern_fuzz+diag	20030	0	121.8
1790525205	churn	20033	0	0.7
1790525205	churn_hdr	20033	0	0.6
1790525206	index_grow	20033	0	9.3
1790525176	dormant_flush	20032	0	48.0
1790525224	thread_storm	20033	0	0.7
1790525225	stw_mt	20034	0	1.7
1790525226	stw_mt+diag	20034	0	1.7
1790525228	stw_mt+diag	20034	0	1.6
1790525230	stw_mt_hdr_tlab	20034	0	2.4
1790525113	pattern_fuzz+diag	20031	0	121.3
1790525232	stw_mt_hdr_tlab_nursery	20034	0	4.1
1790525236	churn	20034	0	0.7
1790525237	churn_hdr	20034	0	0.7
1790525237	index_grow	20034	0	8.5
1790525215	dormant_flush	20033	0	54.0
1790525269	thread_storm	20034	0	0.7
1790525270	stw_mt	20035	0	1.7
1790525272	stw_mt+diag	20035	0	1.6
1790525273	stw_mt+diag	20035	0	1.7
1790525275	stw_mt_hdr_tlab	20035	0	2.2
1790525154	pattern_fuzz+diag	20032	0	124.5
1790525277	stw_mt_hdr_tlab_nursery	20035	0	4.4
1790525282	churn	20035	0	0.6
1790525282	churn_hdr	20035	0	0.6
1790525283	index_grow	20035	0	9.4
1790525246	dormant_flush	20034	0	50.7
1790525296	thread_storm	20035	0	0.7
1790525297	stw_mt	20036	0	1.8
1790525299	stw_mt+diag	20036	0	1.7
1790525301	stw_mt+diag	20036	0	1.6
1790525302	stw_mt_hdr_tlab	20036	0	2.3
1790525305	stw_mt_hdr_tlab_nursery	20036	0	3.9
1790525198	pattern_fuzz+diag	20033	0	124.5
1790525322	churn	20036	0	0.6
1790525323	churn_hdr	20036	0	0.6
1790525324	index_grow	20036	0	9.1
1790525292	dormant_flush	20035	0	48.5
1790525341	thread_storm	20036	0	0.7
1790525342	stw_mt	20037	0	1.6
1790525343	stw_mt+diag	20037	0	1.7
1790525345	stw_mt+diag	20037	0	1.7
1790525347	stw_mt_hdr_tlab	20037	0	2.6
1790525349	stw_mt_hdr_tlab_nursery	20037	0	3.8
1790525235	pattern_fuzz+diag	20034	0	125.1
1790525360	churn	20037	0	0.7
1790525360	churn_hdr	20037	0	0.6
1790525361	index_grow	20037	0	9.4
1790525333	dormant_flush	20036	0	46.0
1790525379	thread_storm	20037	0	0.7
1790525379	stw_mt	20038	0	1.7
1790525381	stw_mt+diag	20038	0	1.7
1790525383	stw_mt+diag	20038	0	1.6
1790525384	stw_mt_hdr_tlab	20038	0	2.5
1790525387	stw_mt_hdr_tlab_nursery	20038	0	4.1
1790525278	pattern_fuzz+diag	20035	0	121.9
1790525400	churn	20038	0	0.7
1790525401	churn_hdr	20038	0	0.6
1790525401	index_grow	20038	0	9.4
1790525371	dormant_flush	20037	0	41.9
1790525412	thread_storm	20038	0	0.7
1790525413	stw_mt	20039	0	1.7
1790525415	stw_mt+diag	20039	0	1.7
1790525416	stw_mt+diag	20039	0	1.6
1790525418	stw_mt_hdr_tlab	20039	0	2.2
1790525420	stw_mt_hdr_tlab_nursery	20039	0	3.7
1790525309	pattern_fuzz+diag	20036	0	123.2
1790525432	churn	20039	0	0.6
1790525432	churn_hdr	20039	0	0.6
1790525433	index_grow	20039	0	8.2
1790525411	dormant_flush	20038	0	50.9
1790525462	thread_storm	20039	0	0.7
1790525462	stw_mt	20040	0	1.6
1790525464	stw_mt+diag	20040	0	1.7
1790525466	stw_mt+diag	20040	0	1.7
1790525467	stw_mt_hdr_tlab	20040	0	2.1
1790525470	stw_mt_hdr_tlab_nursery	20040	0	4.2
1790525353	pattern_fuzz+diag	20037	0	122.5
1790525475	churn	20040	0	0.6
1790525476	churn_hdr	20040	0	0.6
1790525477	index_grow	20040	0	8.5
1790525441	dormant_flush	20039	0	47.7
1790525489	thread_storm	20040	0	0.7
1790525490	stw_mt	20041	0	1.6
1790525491	stw_mt+diag	20041	0	1.6
1790525493	stw_mt+diag	20041	0	1.7
1790525494	stw_mt_hdr_tlab	20041	0	2.3
1790525497	stw_mt_hdr_tlab_nursery	20041	0	4.0
1790525391	pattern_fuzz+diag	20038	0	122.2
1790525513	churn	20041	0	0.6
1790525514	churn_hdr	20041	0	0.6
1790525514	index_grow	20041	0	8.6
1790525485	dormant_flush	20040	0	45.1
1790525530	thread_storm	20041	0	0.7
1790525531	stw_mt	20042	0	1.6
1790525533	stw_mt+diag	20042	0	1.7
1790525534	stw_mt+diag	20042	0	1.6
1790525536	stw_mt_hdr_tlab	20042	0	2.4
1790525538	stw_mt_hdr_tlab_nursery	20042	0	3.6
1790525424	pattern_fuzz+diag	20039	0	121.9
1790525546	churn	20042	0	0.6
1790525547	churn_hdr	20042	0	0.6
1790525547	index_grow	20042	0	9.4
1790525523	dormant_flush	20041	0	49.9
1790525573	thread_storm	20042	0	0.7
1790525574	stw_mt	20043	0	1.7
1790525575	stw_mt+diag	20043	0	1.7
1790525577	stw_mt+diag	20043	0	1.7
1790525579	stw_mt_hdr_tlab	20043	0	2.3
1790525581	stw_mt_hdr_tlab_nursery	20043	0	3.6
1790525474	pattern_fuzz+diag	20040	0	122.7
1790525596	churn	20043	0	0.6
1790525597	churn_hdr	20043	0	0.6
1790525557	dormant_flush	20042	0	45.2
1790525598	index_grow	20043	0	8.4
1790525606	thread_storm	20043	0	0.7
1790525607	stw_mt	20044	0	1.6
1790525608	stw_mt+diag	20044	0	1.7
1790525610	stw_mt+diag	20044	0	1.7
1790525612	stw_mt_hdr_tlab	20044	0	2.4
1790525614	stw_mt_hdr_tlab_nursery	20044	0	3.8
1790525501	pattern_fuzz+diag	20041	0	123.0
1790525624	churn	20044	0	0.6
1790525624	churn_hdr	20044	0	0.6
1790525625	index_grow	20044	0	8.9
1790525602	dormant_flush	20043	0	42.2
1790525644	thread_storm	20044	0	0.7
1790525645	stw_mt	20045	0	1.7
1790525646	stw_mt+diag	20045	0	1.7
1790525648	stw_mt+diag	20045	0	1.7
1790525650	stw_mt_hdr_tlab	20045	0	2.3
1790525652	stw_mt_hdr_tlab_nursery	20045	0	3.9
1790525542	pattern_fuzz+diag	20042	0	122.8
1790525665	churn	20045	0	0.7
1790525665	churn_hdr	20045	0	0.6
1790525666	index_grow	20045	0	9.6
1790525634	dormant_flush	20044	0	48.0
1790525682	thread_storm	20045	0	0.7
1790525683	stw_mt	20046	0	1.6
1790525684	stw_mt+diag	20046	0	1.7
1790525686	stw_mt+diag	20046	0	1.7
1790525687	stw_mt_hdr_tlab	20046	0	2.7
1790525690	stw_mt_hdr_tlab_nursery	20046	0	3.9
1790525585	pattern_fuzz+diag	20043	0	122.2
1790525707	churn	20046	0	0.6
1790525707	churn_hdr	20046	0	0.6
1790525708	index_grow	20046	0	8.6
1790525676	dormant_flush	20045	0	51.7
1790525727	thread_storm	20046	0	0.7
1790525728	stw_mt	20047	0	1.7
1790525730	stw_mt+diag	20047	0	1.6
1790525731	stw_mt+diag	20047	0	1.6
1790525733	stw_mt_hdr_tlab	20047	0	2.4
1790525735	stw_mt_hdr_tlab_nursery	20047	0	3.7
1790525618	pattern_fuzz+diag	20044	0	125.5
1790525743	churn	20047	0	0.6
1790525744	churn_hdr	20047	0	0.6
1790525745	index_grow	20047	0	9.0
1790525717	dormant_flush	20046	0	49.2
1790525766	thread_storm	20047	0	0.7
1790525767	stw_mt	20048	0	1.6
1790525768	stw_mt+diag	20048	0	1.6
1790525770	stw_mt+diag	20048	0	1.7
1790525772	stw_mt_hdr_tlab	20048	0	2.5
1790525774	stw_mt_hdr_tlab_nursery	20048	0	3.7
1790525656	pattern_fuzz+diag	20045	0	122.1
1790525778	churn	20048	0	0.6
1790525779	churn_hdr	20048	0	0.6
1790525779	index_grow	20048	0	9.3
1790525754	dormant_flush	20047	0	50.3
1790525804	thread_storm	20048	0	0.7
1790525805	stw_mt	20049	0	1.7
1790525806	stw_mt+diag	20049	0	1.6
1790525808	stw_mt+diag	20049	0	1.7
1790525809	stw_mt_hdr_tlab	20049	0	2.5
1790525812	stw_mt_hdr_tlab_nursery	20049	0	4.2
1790525694	pattern_fuzz+diag	20046	0	123.1
1790525817	churn	20049	0	0.6
1790525818	churn_hdr	20049	0	0.6
1790525818	index_grow	20049	0	9.4
1790525788	dormant_flush	20048	0	47.4
1790525836	thread_storm	20049	0	0.7
1790525837	stw_mt	20050	0	1.6
1790525838	stw_mt+diag	20050	0	1.7
1790525840	stw_mt+diag	20050	0	1.7
1790525842	stw_mt_hdr_tlab	20050	0	2.4
1790525844	stw_mt_hdr_tlab_nursery	20050	0	4.2
1790525739	pattern_fuzz+diag	20047	0	123.6
1790525863	churn	20050	0	0.6
1790525863	churn_hdr	20050	0	0.6
1790525828	dormant_flush	20049	0	44.5
1790525864	index_grow	20050	0	8.9
1790525873	thread_storm	20050	0	0.7
1790525874	stw_mt	20051	0	1.6
1790525875	stw_mt+diag	20051	0	1.6
1790525877	stw_mt+diag	20051	0	1.7
1790525878	stw_mt_hdr_tlab	20051	0	2.5
1790525881	stw_mt_hdr_tlab_nursery	20051	0	3.7
1790525778	pattern_fuzz+diag	20048	0	122.8
1790525900	churn	20051	0	0.6
1790525901	churn_hdr	20051	0	0.6
1790525902	index_grow	20051	0	9.6
1790525872	dormant_flush	20050	0	42.7
1790525915	thread_storm	20051	0	0.8
1790525916	stw_mt	20052	0	1.7
1790525917	stw_mt+diag	20052	0	1.6
1790525919	stw_mt+diag	20052	0	1.7
1790525921	stw_mt_hdr_tlab	20052	0	2.6
1790525923	stw_mt_hdr_tlab_nursery	20052	0	3.7
1790525816	pattern_fuzz+diag	20049	0	121.4
1790525938	churn	20052	0	0.7
1790525938	churn_hdr	20052	0	0.6
1790525939	index_grow	20052	0	8.1
1790525911	dormant_flush	20051	0	50.2
1790525962	thread_storm	20052	0	0.7
1790525962	stw_mt	20053	0	1.6
1790525964	stw_mt+diag	20053	0	1.6
1790525965	stw_mt+diag	20053	0	1.7
1790525967	stw_mt_hdr_tlab	20053	0	2.3
1790525848	pattern_fuzz+diag	20050	0	123.5
1790525969	stw_mt_hdr_tlab_nursery	20053	0	3.8
1790525973	churn	20053	0	0.7
1790525974	churn_hdr	20053	0	0.7
1790525975	index_grow	20053	0	8.6
1790525947	dormant_flush	20052	0	49.5
1790525997	thread_storm	20053	0	0.7
1790525997	stw_mt	20054	0	1.6
1790525999	stw_mt+diag	20054	0	1.7
1790526001	stw_mt+diag	20054	0	1.7
1790525885	pattern_fuzz+diag	20051	0	119.8
1790526002	stw_mt_hdr_tlab	20054	0	2.4
1790526004	stw_mt_hdr_tlab_nursery	20054	0	4.0
1790526008	churn	20054	0	0.6
1790526009	churn_hdr	20054	0	0.6
1790526010	index_grow	20054	0	9.1
1790525983	dormant_flush	20053	0	46.3
1790526029	thread_storm	20054	0	0.7
1790526030	stw_mt	20055	0	1.7
1790526032	stw_mt+diag	20055	0	1.7
1790526033	stw_mt+diag	20055	0	1.6
1790526035	stw_mt_hdr_tlab	20055	0	2.5
1790526038	stw_mt_hdr_tlab_nursery	20055	0	3.4
1790525927	pattern_fuzz+diag	20052	0	121.1
1790526048	churn	20055	0	0.6
1790526049	churn_hdr	20055	0	0.6
1790526049	index_grow	20055	0	8.0
1790526019	dormant_flush	20054	0	48.5
1790526067	thread_storm	20055	0	0.7
1790526068	stw_mt	20056	0	1.7
1790526070	stw_mt+diag	20056	0	1.6
1790526071	stw_mt+diag	20056	0	1.6
1790526073	stw_mt_hdr_tlab	20056	0	2.4
1790526075	stw_mt_hdr_tlab_nursery	20056	0	3.9
1790525972	pattern_fuzz+diag	20053	0	121.1
1790526093	churn	20056	0	0.6
1790526093	churn_hdr	20056	0	0.6
1790526057	dormant_flush	20055	0	44.4
1790526094	index_grow	20056	0	8.7
1790526103	thread_storm	20056	0	0.8
1790526103	stw_mt	20057	0	1.7
1790526105	stw_mt+diag	20057	0	1.7
1790526107	stw_mt+diag	20057	0	1.6
1790526108	stw_mt_hdr_tlab	20057	0	2.2
1790526110	stw_mt_hdr_tlab_nursery	20057	0	3.9
1790526005	pattern_fuzz+diag	20054	0	120.6
1790526125	churn	20057	0	0.6
1790526126	churn_hdr	20057	0	0.6
1790526126	index_grow	20057	0	9.0
1790526102	dormant_flush	20056	0	51.1
1790526153	thread_storm	20057	0	0.7
1790526153	stw_mt	20058	0	1.7
1790526155	stw_mt+diag	20058	0	1.7
1790526157	stw_mt+diag	20058	0	1.6
1790526158	stw_mt_hdr_tlab	20058	0	2.4
1790526041	pattern_fuzz+diag	20055	0	119.9
1790526161	stw_mt_hdr_tlab_nursery	20058	0	3.7
1790526165	churn	20058	0	0.7
1790526165	churn_hdr	20058	0	0.6
1790526166	index_grow	20058	0	8.5
1790526135	dormant_flush	20057	0	48.6
1790526184	thread_storm	20058	0	0.7
1790526185	stw_mt	20059	0	1.6
1790526186	stw_mt+diag	20059	0	1.7
1790526188	stw_mt+diag	20059	0	1.6
1790526190	stw_mt_hdr_tlab	20059	0	2.6
1790526192	stw_mt_hdr_tlab_nursery	20059	0	4.1
1790526079	pattern_fuzz+diag	20056	0	122.5
1790526202	churn	20059	0	0.6
1790526202	churn_hdr	20059	0	0.6
1790526203	index_grow	20059	0	9.0
1790526174	dormant_flush	20058	0	45.6
1790526220	thread_storm	20059	0	0.7
1790526221	stw_mt	20060	0	1.7
1790526222	stw_mt+diag	20060	0	1.7
1790526224	stw_mt+diag	20060	0	1.6
1790526226	stw_mt_hdr_tlab	20060	0	2.3
1790526228	stw_mt_hdr_tlab_nursery	20060	0	3.9
1790526114	pattern_fuzz+diag	20057	0	122.4
1790526237	churn	20060	0	0.6
1790526237	churn_hdr	20060	0	0.6
1790526238	index_grow	20060	0	9.2
1790526212	dormant_flush	20059	0	47.6
1790526259	thread_storm	20060	0	0.7
1790526260	stw_mt	20061	0	1.7
1790526262	stw_mt+diag	20061	0	1.6
1790526263	stw_mt+diag	20061	0	1.6
1790526265	stw_mt_hdr_tlab	20061	0	2.5
1790526268	stw_mt_hdr_tlab_nursery	20061	0	4.2
1790526161	pattern_fuzz+diag	20058	0	122.2
1790526283	churn	20061	0	0.6
1790526284	churn_hdr	20061	0	0.6
1790526284	index_grow	20061	0	9.3
1790526247	dormant_flush	20060	0	46.8
1790526294	thread_storm	20061	0	0.7
1790526295	stw_mt	20062	0	1.7
1790526296	stw_mt+diag	20062	0	1.7
1790526298	stw_mt+diag	20062	0	1.7
1790526300	stw_mt_hdr_tlab	20062	0	2.8
1790526302	stw_mt_hdr_tlab_nursery	20062	0	3.8
1790526196	pattern_fuzz+diag	20059	0	122.6
1790526319	churn	20062	0	0.6
1790526320	churn_hdr	20062	0	0.6
1790526320	index_grow	20062	0	8.5
1790526294	dormant_flush	20061	0	42.0
1790526336	thread_storm	20062	0	0.7
1790526336	stw_mt	20063	0	1.6
1790526338	stw_mt+diag	20063	0	1.6
1790526340	stw_mt+diag	20063	0	1.7
1790526341	stw_mt_hdr_tlab	20063	0	2.2
1790526344	stw_mt_hdr_tlab_nursery	20063	0	3.8
1790526232	pattern_fuzz+diag	20060	0	122.0
1790526354	churn	20063	0	0.7
1790526354	churn_hdr	20063	0	0.6
1790526355	index_grow	20063	0	9.1
1790526329	dormant_flush	20062	0	53.7
1790526382	thread_storm	20063	0	0.7
1790526383	stw_mt	20064	0	1.7
1790526385	stw_mt+diag	20064	0	1.6
1790526386	stw_mt+diag	20064	0	1.6
1790526388	stw_mt_hdr_tlab	20064	0	2.7
1790526272	pattern_fuzz+diag	20061	0	122.2
1790526391	stw_mt_hdr_tlab_nursery	20064	0	3.8
1790526394	churn	20064	0	0.6
1790526395	churn_hdr	20064	0	0.6
1790526396	index_grow	20064	0	8.9
1790526364	dormant_flush	20063	0	49.1
1790526413	thread_storm	20064	0	0.7
1790526414	stw_mt	20065	0	1.7
1790526416	stw_mt+diag	20065	0	1.7
1790526417	stw_mt+diag	20065	0	1.7
1790526419	stw_mt_hdr_tlab	20065	0	2.5
1790526421	stw_mt_hdr_tlab_nursery	20065	0	3.9
1790526306	pattern_fuzz+diag	20062	0	121.5
1790526428	churn	20065	0	0.6
1790526428	churn_hdr	20065	0	0.6
1790526429	index_grow	20065	0	9.4
1790526404	dormant_flush	20064	0	47.8
1790526452	thread_storm	20065	0	0.7
1790526453	stw_mt	20066	0	1.6
1790526455	stw_mt+diag	20066	0	1.7
1790526456	stw_mt+diag	20066	0	1.7
1790526458	stw_mt_hdr_tlab	20066	0	2.3
1790526460	stw_mt_hdr_tlab_nursery	20066	0	3.7
1790526347	pattern_fuzz+diag	20063	0	124.8
1790526472	churn	20066	0	0.6
1790526473	churn_hdr	20066	0	0.6
1790526473	index_grow	20066	0	8.9
1790526438	dormant_flush	20065	0	44.1
1790526482	thread_storm	20066	0	0.7
1790526483	stw_mt	20067	0	1.7
1790526485	stw_mt+diag	20067	0	1.7
1790526487	stw_mt+diag	20067	0	1.6
1790526488	stw_mt_hdr_tlab	20067	0	2.3
1790526490	stw_mt_hdr_tlab_nursery	20067	0	3.9
1790526394	pattern_fuzz+diag	20064	0	120.6
1790526514	churn	20067	0	0.6
1790526515	churn_hdr	20067	0	0.7
1790526482	dormant_flush	20066	0	42.2
1790526516	index_grow	20067	0	8.8
1790526525	thread_storm	20067	0	0.7
1790526525	stw_mt	20068	0	1.6
1790526527	stw_mt+diag	20068	0	1.7
1790526529	stw_mt+diag	20068	0	1.7
1790526530	stw_mt_hdr_tlab	20068	0	2.4
1790526533	stw_mt_hdr_tlab_nursery	20068	0	3.9
1790526425	pattern_fuzz+diag	20065	0	122.2
1790526547	churn	20068	0	0.6
1790526548	churn_hdr	20068	0	0.6
1790526549	index_grow	20068	0	7.9
1790526524	dormant_flush	20067	0	47.9
1790526572	thread_storm	20068	0	0.7
1790526573	stw_mt	20069	0	1.7
1790526575	stw_mt+diag	20069	0	1.7
1790526576	stw_mt+diag	20069	0	1.7
1790526578	stw_mt_hdr_tlab	20069	0	2.5
1790526581	stw_mt_hdr_tlab_nursery	20069	0	3.6
1790526464	pattern_fuzz+diag	20066	0	121.7
1790526586	churn	20069	0	0.6
1790526586	churn_hdr	20069	0	0.6
1790526587	index_grow	20069	0	9.2
1790526556	dormant_flush	20068	0	49.4
1790526606	thread_storm	20069	0	0.7
1790526607	stw_mt	20070	0	1.6
1790526608	stw_mt+diag	20070	0	1.7
1790526610	stw_mt+diag	20070	0	1.6
1790526612	stw_mt_hdr_tlab	20070	0	2.2
1790526494	pattern_fuzz+diag	20067	0	122.7
1790526614	stw_mt_hdr_tlab_nursery	20070	0	3.7
1790526617	churn	20070	0	0.6
1790526618	churn_hdr	20070	0	0.6
1790526619	index_grow	20070	0	8.4
1790526596	dormant_flush	20069	0	52.4
1790526648	thread_storm	20070	0	0.7
1790526649	stw_mt	20071	0	1.7
1790526651	stw_mt+diag	20071	0	1.6
1790526652	stw_mt+diag	20071	0	1.6
1790526654	stw_mt_hdr_tlab	20071	0	2.2
1790526536	pattern_fuzz+diag	20068	0	121.8
1790526656	stw_mt_hdr_tlab_nursery	20071	0	3.7
1790526660	churn	20071	0	0.7
1790526661	churn_hdr	20071	0	0.6
1790526661	index_grow	20071	0	8.8
1790526627	dormant_flush	20070	0	52.7
1790526680	thread_storm	20071	0	0.7
1790526680	stw_mt	20072	0	1.7
1790526682	stw_mt+diag	20072	0	1.7
1790526684	stw_mt+diag	20072	0	1.6
1790526685	stw_mt_hdr_tlab	20072	0	2.4
1790526688	stw_mt_hdr_tlab_nursery	20072	0	3.8
1790526584	pattern_fuzz+diag	20069	0	122.9
1790526707	churn	20072	0	0.6
1790526708	churn_hdr	20072	0	0.6
1790526670	dormant_flush	20071	0	42.0
1790526708	index_grow	20072	0	5.2
1790526714	thread_storm	20072	0	0.7
1790526714	stw_mt	20073	0	2.6
1790526717	stw_mt+diag	20073	0	3.3
1790526720	stw_mt+diag	20073	0	3.3
1790526723	stw_mt_hdr_tlab	20073	0	3.3
1790526727	stw_mt_hdr_tlab_nursery	20073	0	4.7
1790526617	pattern_fuzz+diag	20070	0	122.8
1790526740	churn	20073	0	0.7
1790526741	churn_hdr	20073	0	0.7
1790526741	index_grow	20073	0	2.4
1790526712	dormant_flush	20072	0	69.9
1790526782	thread_storm	20073	0	0.8
1790526658	pattern_fuzz+diag	20071	0	127.5
1790526783	stw_mt	20074	0	3.3
1790526786	stw_mt+diag	20074	0	3.8
1790526786	stw_mt+diag	20074	0	3.9
1790526790	stw_mt_hdr_tlab	20074	0	3.8
1790526790	stw_mt_hdr_tlab_nursery	20074	0	5.4
1790526795	churn	20074	0	0.7
1790526796	churn_hdr	20074	0	0.7
1790526797	index_grow	20074	0	2.2
1790526692	pattern_fuzz+diag	20072	0	130.7
1790526822	thread_storm	20074	0	0.9
1790526823	stw_mt	20075	0	5.3
1790526744	dormant_flush	20073	0	87.6
1790526829	stw_mt+diag	20075	0	4.2
1790526831	stw_mt+diag	20075	0	3.6
1790526833	stw_mt_hdr_tlab	20075	0	3.5
1790526835	stw_mt_hdr_tlab_nursery	20075	0	5.3
1790526840	churn	20075	0	0.7
1790526841	churn_hdr	20075	0	0.7
1790526841	index_grow	20075	0	3.3
1790526731	pattern_fuzz+diag	20073	0	135.7
1790526867	thread_storm	20075	0	1.0
1790526868	stw_mt	20076	0	5.5
1790526799	dormant_flush	20074	0	75.3
1790526874	stw_mt+diag	20076	0	3.3
1790526874	stw_mt+diag	20076	0	3.0
1790526877	stw_mt_hdr_tlab	20076	0	3.8
1790526877	stw_mt_hdr_tlab_nursery	20076	0	5.1
1790526882	churn	20076	0	0.7
1790526883	churn_hdr	20076	0	0.7
1790526884	index_grow	20076	0	2.7
1790526793	pattern_fuzz+diag	20074	0	137.3
1790526845	dormant_flush	20075	0	86.2
1790526931	thread_storm	20076	0	0.9
1790526931	stw_mt	20077	0	3.5
1790526932	stw_mt+diag	20077	0	3.5
1790526935	stw_mt+diag	20077	0	3.4
1790526935	stw_mt_hdr_tlab	20077	0	3.5
1790526938	stw_mt_hdr_tlab_nursery	20077	0	4.7
1790526943	churn	20077	0	0.7
1790526943	churn_hdr	20077	0	0.7
1790526944	index_grow	20077	0	2.2
1790526887	dormant_flush	20076	0	84.8
1790526971	thread_storm	20077	0	0.8
1790526836	pattern_fuzz+diag	20075	0	136.3
1790526972	stw_mt	20078	0	3.5
1790526973	stw_mt+diag	20078	0	3.7
1790526976	stw_mt+diag	20078	0	3.8
1790526976	stw_mt_hdr_tlab	20078	0	3.7
1790526980	stw_mt_hdr_tlab_nursery	20078	0	4.7
1790526984	churn	20078	0	0.7
1790526985	churn_hdr	20078	0	0.7
1790526986	index_grow	20078	0	2.3
1790526881	pattern_fuzz+diag	20076	0	135.9
1790527017	thread_storm	20078	0	1.0
1790527018	stw_mt	20079	0	5.8
1790526946	dormant_flush	20077	0	77.4
1790527024	stw_mt+diag	20079	0	3.9
1790527024	stw_mt+diag	20079	0	3.9
1790527027	stw_mt_hdr_tlab	20079	0	3.7
1790527028	stw_mt_hdr_tlab_nursery	20079	0	4.8
1790527032	churn	20079	0	0.7
1790527033	churn_hdr	20079	0	0.7
1790527034	index_grow	20079	0	2.6
1790526988	dormant_flush	20078	0	80.5
1790527069	thread_storm	20079	0	0.8
1790527069	stw_mt	20080	0	3.1
1790527073	stw_mt+diag	20080	0	3.3
1790526939	pattern_fuzz+diag	20077	0	137.5
1790527076	stw_mt+diag	20080	0	3.5
1790527076	stw_mt_hdr_tlab	20080	0	3.5
1790527079	stw_mt_hdr_tlab_nursery	20080	0	4.9
1790527084	churn	20080	0	0.7
1790527085	churn_hdr	20080	0	0.7
1790527086	index_grow	20080	0	1.9
1790527036	dormant_flush	20079	0	67.1
1790527103	thread_storm	20080	0	0.8
1790527104	stw_mt	20081	0	3.0
1790527107	stw_mt+diag	20081	0	3.1
1790527110	stw_mt+diag	20081	0	3.5
1790526980	pattern_fuzz+diag	20078	0	137.2
1790527114	stw_mt_hdr_tlab	20081	0	4.4
1790527117	stw_mt_hdr_tlab_nursery	20081	0	5.1
1790527122	churn	20081	0	0.8
1790527123	churn_hdr	20081	0	0.8
1790527124	index_grow	20081	0	2.1
1790527087	dormant_flush	20080	0	73.8
1790527161	thread_storm	20081	0	0.8
1790527162	stw_mt	20082	0	3.0
1790527165	stw_mt+diag	20082	0	3.1
1790527031	pattern_fuzz+diag	20079	0	138.5
1790527168	stw_mt+diag	20082	0	3.0
1790527170	stw_mt_hdr_tlab	20082	0	3.7
1790527171	stw_mt_hdr_tlab_nursery	20082	0	5.1
1790527176	churn	20082	0	0.7
1790527177	churn_hdr	20082	0	0.7
1790527178	index_grow	20082	0	2.7
1790527126	dormant_flush	20081	0	72.4
1790527198	thread_storm	20082	0	1.0
1790527199	stw_mt	20083	0	2.8
1790527202	stw_mt+diag	20083	0	3.3
1790527205	stw_mt+diag	20083	0	3.1
1790527209	stw_mt_hdr_tlab	20083	0	3.2
1790527212	stw_mt_hdr_tlab_nursery	20083	0	4.9
1790527080	pattern_fuzz+diag	20080	0	137.2
1790527217	churn	20083	0	0.7
1790527217	churn_hdr	20083	0	0.7
1790527218	index_grow	20083	0	2.4
1790527118	pattern_fuzz+diag	20081	0	138.9
1790527257	thread_storm	20083	0	1.0
1790527181	dormant_flush	20082	0	79.1
1790527258	stw_mt	20084	0	4.4
1790527260	stw_mt+diag	20084	0	4.0
1790527263	stw_mt+diag	20084	0	3.3
1790527264	stw_mt_hdr_tlab	20084	0	3.4
1790527266	stw_mt_hdr_tlab_nursery	20084	0	5.2
1790527271	churn	20084	0	0.8
1790527272	churn_hdr	20084	0	0.7
1790527273	index_grow	20084	0	2.8
1790527221	dormant_flush	20083	0	74.0
1790527295	thread_storm	20084	0	0.9
1790527296	stw_mt	20085	0	2.8
1790527298	stw_mt+diag	20085	0	2.7
1790527301	stw_mt+diag	20085	0	3.0
1790527304	stw_mt_hdr_tlab	20085	0	3.2
1790527173	pattern_fuzz+diag	20082	0	137.3
1790527307	stw_mt_hdr_tlab_nursery	20085	0	4.6
1790527312	churn	20085	0	0.7
1790527313	churn_hdr	20085	0	0.7
1790527313	index_grow	20085	0	2.4
1790527275	dormant_flush	20084	0	77.3
1790527353	thread_storm	20085	0	0.9
1790527217	pattern_fuzz+diag	20083	0	139.2
1790527354	stw_mt	20086	0	3.4
1790527356	stw_mt+diag	20086	0	4.1
1790527357	stw_mt+diag	20086	0	3.8
1790527360	stw_mt_hdr_tlab	20086	0	3.7
1790527361	stw_mt_hdr_tlab_nursery	20086	0	5.1
1790527366	churn	20086	0	0.8
1790527367	churn_hdr	20086	0	0.7
1790527367	index_grow	20086	0	3.3
1790527316	dormant_flush	20085	0	77.1
1790527393	thread_storm	20086	0	0.9
1790527394	stw_mt	20087	0	2.6
1790527396	stw_mt+diag	20087	0	3.2
1790527400	stw_mt+diag	20087	0	3.4
1790527267	pattern_fuzz+diag	20084	0	137.1
1790527403	stw_mt_hdr_tlab	20087	0	3.6
1790527404	stw_mt_hdr_tlab_nursery	20087	0	5.2
1790527409	churn	20087	0	0.7
1790527410	churn_hdr	20087	0	0.7
1790527411	index_grow	20087	0	2.5
1790527371	dormant_flush	20086	0	73.3
1790527444	thread_storm	20087	0	0.9
1790527445	stw_mt	20088	0	2.6
1790527311	pattern_fuzz+diag	20085	0	138.9
1790527448	stw_mt+diag	20088	0	3.5
1790527450	stw_mt+diag	20088	0	4.5
1790527451	stw_mt_hdr_tlab	20088	0	3.7
1790527454	stw_mt_hdr_tlab_nursery	20088	0	4.7
1790527459	churn	20088	0	0.7
1790527459	churn_hdr	20088	0	0.7
1790527460	index_grow	20088	0	2.5
1790527413	dormant_flush	20087	0	74.6
1790527488	thread_storm	20088	0	0.9
1790527489	stw_mt	20089	0	3.1
1790527492	stw_mt+diag	20089	0	2.9
1790527495	stw_mt+diag	20089	0	3.0
1790527364	pattern_fuzz+diag	20086	0	135.0
1790527498	stw_mt_hdr_tlab	20089	0	3.7
1790527499	stw_mt_hdr_tlab_nursery	20089	0	5.1
1790527504	churn	20089	0	0.7
1790527504	churn_hdr	20089	0	0.7
1790527505	index_grow	20089	0	3.0
1790527407	pattern_fuzz+diag	20087	0	135.2
1790527542	thread_storm	20089	0	1.0
1790527543	stw_mt	20090	0	5.1
1790527463	dormant_flush	20088	0	85.7
1790527548	stw_mt+diag	20090	0	3.7
1790527548	stw_mt+diag	20090	0	3.6
1790527552	stw_mt_hdr_tlab	20090	0	3.9
1790527552	stw_mt_hdr_tlab_nursery	20090	0	5.2
1790527557	churn	20090	0	0.7
1790527558	churn_hdr	20090	0	0.7
1790527559	index_grow	20090	0	2.8
1790527508	dormant_flush	20089	0	78.6
1790527587	thread_storm	20090	0	0.9
1790527455	pattern_fuzz+diag	20088	0	135.9
1790527588	stw_mt	20091	0	3.5
1790527591	stw_mt+diag	20091	0	4.7
1790527591	stw_mt+diag	20091	0	4.5
1790527595	stw_mt_hdr_tlab	20091	0	3.3
1790527596	stw_mt_hdr_tlab_nursery	20091	0	4.8
1790527600	churn	20091	0	0.8
1790527601	churn_hdr	20091	0	0.7
1790527602	index_grow	20091	0	2.2
1790527502	pattern_fuzz+diag	20089	0	137.3
1790527639	thread_storm	20091	0	1.0
1790527640	stw_mt	20092	0	4.5
1790527644	stw_mt+diag	20092	0	5.6
1790527650	stw_mt+diag	20092	0	5.7
1790527561	dormant_flush	20090	0	97.8
1790527656	stw_mt_hdr_tlab	20092	0	4.0
1790527659	stw_mt_hdr_tlab_nursery	20092	0	4.6
1790527664	churn	20092	0	0.7
1790527665	churn_hdr	20092	0	0.7
1790527665	index_grow	20092	0	2.0
1790527604	dormant_flush	20091	0	86.1
1790527690	thread_storm	20092	0	0.9
1790527556	pattern_fuzz+diag	20090	0	137.3
1790527691	stw_mt	20093	0	3.7
1790527693	stw_mt+diag	20093	0	4.0
1790527695	stw_mt+diag	20093	0	3.4
1790527697	stw_mt_hdr_tlab	20093	0	4.3
1790527698	stw_mt_hdr_tlab_nursery	20093	0	5.5
1790527704	churn	20093	0	0.7
1790527705	churn_hdr	20093	0	0.7
1790527705	index_grow	20093	0	2.5
1790527599	pattern_fuzz+diag	20091	0	135.8
1790527735	thread_storm	20093	0	0.9
1790527736	stw_mt	20094	0	4.9
1790527740	stw_mt+diag	20094	0	5.8
1790527746	stw_mt+diag	20094	0	4.6
1790527667	dormant_flush	20092	0	83.7
1790527751	stw_mt_hdr_tlab	20094	0	3.6
1790527751	stw_mt_hdr_tlab_nursery	20094	0	5.2
1790527756	churn	20094	0	0.7
1790527757	churn_hdr	20094	0	0.7
1790527758	index_grow	20094	0	2.7
1790527708	dormant_flush	20093	0	81.3
1790527789	thread_storm	20094	0	0.9
1790527790	stw_mt	20095	0	3.1
1790527660	pattern_fuzz+diag	20092	0	135.9
1790527793	stw_mt+diag	20095	0	3.3
1790527796	stw_mt+diag	20095	0	3.7
1790527796	stw_mt_hdr_tlab	20095	0	3.5
1790527799	stw_mt_hdr_tlab_nursery	20095	0	4.9
1790527804	churn	20095	0	0.7
1790527805	churn_hdr	20095	0	0.7
1790527805	index_grow	20095	0	2.8
1790527701	pattern_fuzz+diag	20093	0	137.3
1790527839	thread_storm	20095	0	1.1
1790527840	stw_mt	20096	0	5.2
1790527760	dormant_flush	20094	0	86.3
1790527845	stw_mt+diag	20096	0	3.9
1790527847	stw_mt+diag	20096	0	3.6
1790527849	stw_mt_hdr_tlab	20096	0	3.6
1790527850	stw_mt_hdr_tlab_nursery	20096	0	5.9
1790527856	churn	20096	0	0.7
1790527857	churn_hdr	20096	0	0.7
1790527858	index_grow	20096	0	2.6
1790527754	pattern_fuzz+diag	20094	0	137.4
1790527892	thread_storm	20096	0	1.0
1790527808	dormant_flush	20095	0	84.6
1790527893	stw_mt+diag	20097	0	3.6
1790527893	stw_mt	20097	0	3.8
1790527896	stw_mt+diag	20097	0	3.8
1790527897	stw_mt_hdr_tlab	20097	0	3.7
1790527900	stw_mt_hdr_tlab_nursery	20097	0	4.8
1790527905	churn	20097	0	0.7
1790527906	churn_hdr	20097	0	0.7
1790527906	index_grow	20097	0	2.4
1790527800	pattern_fuzz+diag	20095	0	138.2
1790527938	thread_storm	20097	0	0.9
1790527939	stw_mt	20098	0	4.8
1790527860	dormant_flush	20096	0	86.3
1790527944	stw_mt+diag	20098	0	4.5
1790527946	stw_mt+diag	20098	0	4.2
1790527948	stw_mt_hdr_tlab	20098	0	3.7
1790527951	stw_mt_hdr_tlab_nursery	20098	0	5.2
1790527956	churn	20098	0	0.7
1790527957	churn_hdr	20098	0	0.7
1790527957	index_grow	20098	0	2.7
1790527852	pattern_fuzz+diag	20096	0	137.8
1790527990	thread_storm	20098	0	1.0
1790527909	dormant_flush	20097	0	82.7
1790527991	stw_mt	20099	0	4.3
1790527991	stw_mt+diag	20099	0	4.2
1790527995	stw_mt+diag	20099	0	3.4
1790527996	stw_mt_hdr_tlab	20099	0	3.5
1790527999	stw_mt_hdr_tlab_nursery	20099	0	5.5
1790528004	churn	20099	0	0.7
1790528005	churn_hdr	20099	0	0.7
1790528006	index_grow	20099	0	2.1
1790527960	dormant_flush	20098	0	65.3
1790528025	thread_storm	20099	0	0.9
1790528026	stw_mt	20100	0	3.1
1790528029	stw_mt+diag	20100	0	2.5
1790528032	stw_mt+diag	20100	0	3.4
1790527900	pattern_fuzz+diag	20097	0	136.6
1790528035	stw_mt_hdr_tlab	20100	0	3.7
1790528037	stw_mt_hdr_tlab_nursery	20100	0	5.7
1790528043	churn	20100	0	0.7
1790528043	churn_hdr	20100	0	0.8
1790528044	index_grow	20100	0	1.9
1790528008	dormant_flush	20099	0	79.8
1790527952	pattern_fuzz+diag	20098	0	136.2
1790528087	thread_storm	20100	0	0.9
1790528088	stw_mt	20101	0	4.4
1790528088	stw_mt+diag	20101	0	4.5
1790528093	stw_mt_hdr_tlab	20101	0	3.7
1790528093	stw_mt+diag	20101	0	4.2
1790528097	stw_mt_hdr_tlab_nursery	20101	0	5.1
1790528102	churn	20101	0	0.8
1790528102	churn_hdr	20101	0	0.7
1790528103	index_grow	20101	0	2.4
1790527999	pattern_fuzz+diag	20099	0	137.5
1790528137	thread_storm	20101	0	1.0
1790528046	dormant_flush	20100	0	96.4
1790528138	stw_mt	20102	0	5.5
1790528142	stw_mt+diag	20102	0	4.7
1790528143	stw_mt+diag	20102	0	4.6
1790528147	stw_mt_hdr_tlab	20102	0	3.8
1790528148	stw_mt_hdr_tlab_nursery	20102	0	5.2
1790528153	churn	20102	0	0.7
1790528154	churn_hdr	20102	0	0.7
1790528154	index_grow	20102	0	2.4
1790528039	pattern_fuzz+diag	20100	0	137.1
1790528176	thread_storm	20102	0	1.0
1790528177	stw_mt	20103	0	5.4
1790528182	stw_mt+diag	20103	0	5.5
1790528188	stw_mt+diag	20103	0	5.3
1790528106	dormant_flush	20101	0	88.6
1790528193	stw_mt_hdr_tlab	20103	0	3.7
1790528194	stw_mt_hdr_tlab_nursery	20103	0	5.2
1790528199	churn	20103	0	0.7
1790528200	churn_hdr	20103	0	0.7
1790528201	index_grow	20103	0	2.6
1790528097	pattern_fuzz+diag	20101	0	136.4
1790528233	thread_storm	20103	0	1.0
1790528234	stw_mt	20104	0	4.6
1790528239	stw_mt+diag	20104	0	5.9
1790528245	stw_mt+diag	20104	0	5.2
1790528250	stw_mt_hdr_tlab	20104	0	4.1
1790528157	dormant_flush	20102	0	99.6
1790528254	stw_mt_hdr_tlab_nursery	20104	0	5.3
1790528259	churn	20104	0	0.7
1790528260	churn_hdr	20104	0	0.6
1790528203	dormant_flush	20103	0	63.6
1790528261	index_grow	20104	0	7.4
1790528268	thread_storm	20104	0	0.7
1790528269	stw_mt	20105	0	1.7
1790528270	stw_mt+diag	20105	0	2.2
1790528273	stw_mt+diag	20105	0	1.9
1790528274	stw_mt_hdr_tlab	20105	0	2.9
1790528277	stw_mt_hdr_tlab_nursery	20105	0	4.7
1790528151	pattern_fuzz+diag	20102	0	135.2
1790528286	churn	20105	0	0.7
1790528287	churn_hdr	20105	0	0.7
1790528287	index_grow	20105	0	8.3
1790528197	pattern_fuzz+diag	20103	0	141.1
1790528338	thread_storm	20105	0	1.9
1790528340	stw_mt	20106	0	7.5
1790528267	dormant_flush	20104	0	86.7
1790528347	stw_mt+diag	20106	0	7.2
1790528355	stw_mt_hdr_tlab	20106	0	5.0
1790528354	stw_mt+diag	20106	0	6.1
1790528360	stw_mt_hdr_tlab_nursery	20106	0	6.8
1790528366	churn	20106	0	1.3
1790528368	churn_hdr	20106	0	1.5
1790528369	index_grow	20106	0	1.2
1790528296	dormant_flush	20105	0	79.5
1790528375	thread_storm	20106	0	0.9
1790528376	stw_mt	20107	0	5.9
1790528382	stw_mt+diag	20107	0	6.4
1790528388	stw_mt+diag	20107	0	5.6
1790528394	stw_mt_hdr_tlab	20107	0	4.4
1790528398	stw_mt_hdr_tlab_nursery	20107	0	6.2
1790528256	pattern_fuzz+diag	20104	0	154.8
1790528411	churn	20107	0	0.9
1790528412	churn_hdr	20107	0	0.8
1790528413	index_grow	20107	0	1.3
1790528282	pattern_fuzz+diag	20105	0	155.9
1790528438	thread_storm	20107	0	1.1
1790528439	stw_mt	20108	0	6.0
1790528370	dormant_flush	20106	0	75.6
1790528445	stw_mt+diag	20108	0	2.9
1790528446	stw_mt+diag	20108	0	2.9
1790528448	stw_mt_hdr_tlab	20108	0	4.5
1790528449	stw_mt_hdr_tlab_nursery	20108	0	7.2
1790528456	churn	20108	0	0.7
1790528457	churn_hdr	20108	0	0.7
1790528457	index_grow	20108	0	2.3
1790528414	dormant_flush	20107	0	70.8
1790528485	thread_storm	20108	0	0.9
1790528486	stw_mt	20109	0	2.4
1790528488	stw_mt+diag	20109	0	2.8
1790528491	stw_mt+diag	20109	0	2.8
1790528494	stw_mt_hdr_tlab	20109	0	2.6
1790528496	stw_mt_hdr_tlab_nursery	20109	0	4.7
1790528360	pattern_fuzz+diag	20106	0	144.8
1790528505	churn	20109	0	0.8
1790528505	churn_hdr	20109	0	0.8
1790528506	index_grow	20109	0	2.8
1790528405	pattern_fuzz+diag	20107	0	150.5
1790528460	dormant_flush	20108	0	96.9
1790528555	thread_storm	20109	0	1.7
1790528557	stw_mt+diag	20110	0	6.6
1790528557	stw_mt	20110	0	8.4
1790528509	dormant_flush	20109	0	59.9
1790528563	stw_mt+diag	20110	0	7.9
1790528565	stw_mt_hdr_tlab	20110	0	6.7
1790528572	churn	20110	0	1.8
1790528574	churn_hdr	20110	0	1.6
1790528575	index_grow	20110	0	1.0
1790528569	stw_mt_hdr_tlab_nursery	20110	0	7.7
1790528577	thread_storm	20110	0	1.7
1790528578	stw_mt	20111	0	8.9
1790528587	stw_mt+diag	20111	0	8.0
1790528595	stw_mt+diag	20111	0	7.2
1790528602	stw_mt_hdr_tlab	20111	0	6.8
1790528609	stw_mt_hdr_tlab_nursery	20111	0	8.9
1790528452	pattern_fuzz+diag	20108	0	169.1
1790528622	churn	20111	0	1.5
1790528623	churn_hdr	20111	0	1.1
1790528624	index_grow	20111	0	1.2
1790528576	dormant_flush	20110	0	69.1
1790528645	thread_storm	20111	0	2.1
1790528647	stw_mt	20112	0	9.2
1790528657	stw_mt+diag	20112	0	7.2
1790528664	stw_mt+diag	20112	0	9.6
1790528673	stw_mt_hdr_tlab	20112	0	6.4
1790528680	stw_mt_hdr_tlab_nursery	20112	0	9.3
1790528626	dormant_flush	20111	0	69.2
1790528695	churn	20112	0	2.8
1790528697	churn_hdr	20112	0	2.9
1790528700	index_grow	20112	0	2.7
1790528501	pattern_fuzz+diag	20109	0	204.4
1790528706	thread_storm	20112	0	2.9
1790528708	stw_mt	20113	0	9.8
1790528718	stw_mt+diag	20113	0	9.0
1790528727	stw_mt+diag	20113	0	7.9
1790528735	stw_mt_hdr_tlab	20113	0	7.2
1790528742	stw_mt_hdr_tlab_nursery	20113	0	10.1
1790528703	dormant_flush	20112	0	63.7
1790528767	churn	20113	0	2.2
1790528769	churn_hdr	20113	0	3.3
1790528772	index_grow	20113	0	1.2
1790528571	pattern_fuzz+diag	20110	0	217.0
1790528788	thread_storm	20113	0	2.5
1790528791	stw_mt	20114	0	8.1
1790528799	stw_mt+diag	20114	0	8.8
1790528808	stw_mt+diag	20114	0	8.4
1790528816	stw_mt_hdr_tlab	20114	0	5.5
1790528822	stw_mt_hdr_tlab_nursery	20114	0	8.3
1790528773	dormant_flush	20113	0	60.2
1790528834	churn	20114	0	1.6
1790528835	churn_hdr	20114	0	1.1
1790528618	pattern_fuzz+diag	20111	0	218.4
1790528836	index_grow	20114	0	1.1
1790528838	thread_storm	20114	0	2.1
1790528840	stw_mt	20115	0	8.4
1790528848	stw_mt+diag	20115	0	7.8
1790528856	stw_mt+diag	20115	0	8.7
1790528865	stw_mt_hdr_tlab	20115	0	6.1
1790528871	stw_mt_hdr_tlab_nursery	20115	0	8.2
1790528689	pattern_fuzz+diag	20112	0	209.8
1790528837	dormant_flush	20114	0	63.1
1790528899	churn	20115	0	1.6
1790528900	churn_hdr	20115	0	1.5
1790528901	index_grow	20115	0	1.1
1790528902	thread_storm	20115	0	1.4
1790528903	stw_mt	20116	0	8.0
1790528911	stw_mt+diag	20116	0	9.0
1790528920	stw_mt+diag	20116	0	7.1
1790528927	stw_mt_hdr_tlab	20116	0	5.7
1790528933	stw_mt_hdr_tlab_nursery	20116	0	8.1
1790528752	pattern_fuzz+diag	20113	0	196.9
1790528949	churn	20116	0	1.2
1790528951	churn_hdr	20116	0	2.0
1790528953	index_grow	20116	0	1.5
1790528901	dormant_flush	20115	0	67.4
1790528968	thread_storm	20116	0	1.6
1790528970	stw_mt	20117	0	7.3
1790528977	stw_mt+diag	20117	0	8.3
1790528986	stw_mt+diag	20117	0	8.2
1790528994	stw_mt_hdr_tlab	20117	0	5.5
1790528999	stw_mt_hdr_tlab_nursery	20117	0	8.6
1790528954	dormant_flush	20116	0	56.8
1790529011	churn	20117	0	1.0
1790529012	churn_hdr	20117	0	1.7
1790529014	index_grow	20117	0	1.3
1790528830	pattern_fuzz+diag	20114	0	189.8
1790529020	thread_storm	20117	0	1.7
1790529021	stw_mt	20118	0	8.8
1790529030	stw_mt+diag	20118	0	9.6
1790529040	stw_mt+diag	20118	0	8.6
1790529048	stw_mt_hdr_tlab	20118	0	6.5
1790529055	stw_mt_hdr_tlab_nursery	20118	0	7.7
1790528879	pattern_fuzz+diag	20115	0	186.7
1790529066	churn	20118	0	2.0
1790529068	churn_hdr	20118	0	1.6
1790529069	index_grow	20118	0	1.0
1790529015	dormant_flush	20117	0	57.5
1790529072	thread_storm	20118	0	2.1
1790529074	stw_mt	20119	0	9.7
1790529084	stw_mt+diag	20119	0	8.2
1790529092	stw_mt+diag	20119	0	9.4
1790529102	stw_mt_hdr_tlab	20119	0	6.8
1790529109	stw_mt_hdr_tlab_nursery	20119	0	8.2
1790528941	pattern_fuzz+diag	20116	0	184.0
1790529125	churn	20119	0	1.2
1790529126	churn_hdr	20119	0	2.3
1790529128	index_grow	20119	0	0.9
1790529070	dormant_flush	20118	0	65.1
1790529135	thread_storm	20119	0	1.6
1790529137	stw_mt	20120	0	7.6
1790529145	stw_mt+diag	20120	0	5.5
1790529150	stw_mt+diag	20120	0	7.1
1790529157	stw_mt_hdr_tlab	20120	0	6.4
1790529164	stw_mt_hdr_tlab_nursery	20120	0	8.9
1790529129	dormant_flush	20119	0	60.0
1790529189	churn	20120	0	1.3
1790529191	churn_hdr	20120	0	1.1
1790529192	index_grow	20120	0	1.0
1790529008	pattern_fuzz+diag	20117	0	186.8
1790529195	thread_storm	20120	0	1.6
1790529196	stw_mt	20121	0	8.3
1790529205	stw_mt+diag	20121	0	8.4
1790529213	stw_mt+diag	20121	0	7.5
1790529221	stw_mt_hdr_tlab	20121	0	5.5
1790529226	stw_mt_hdr_tlab_nursery	20121	0	7.7
1790529063	pattern_fuzz+diag	20118	0	184.3
1790529247	churn	20121	0	1.7
1790529249	churn_hdr	20121	0	1.3
1790529250	index_grow	20121	0	1.0
1790529193	dormant_flush	20120	0	72.1
1790529265	thread_storm	20121	0	1.4
1790529266	stw_mt	20122	0	8.9
1790529275	stw_mt+diag	20122	0	8.2
1790529283	stw_mt+diag	20122	0	7.7
1790529291	stw_mt_hdr_tlab	20122	0	6.5
1790529117	pattern_fuzz+diag	20119	0	183.9
1790529297	stw_mt_hdr_tlab_nursery	20122	0	8.1
1790529306	churn	20122	0	1.4
1790529307	churn_hdr	20122	0	1.3
1790529308	index_grow	20122	0	1.1
1790529251	dormant_flush	20121	0	58.5
1790529309	thread_storm	20122	0	1.7
1790529311	stw_mt	20123	0	7.8
1790529319	stw_mt+diag	20123	0	9.0
1790529328	stw_mt+diag	20123	0	7.9
1790529336	stw_mt_hdr_tlab	20123	0	5.3
1790529341	stw_mt_hdr_tlab_nursery	20123	0	8.1
1790529172	pattern_fuzz+diag	20120	0	187.0
1790529359	churn	20123	0	1.6
1790529361	churn_hdr	20123	0	1.2
1790529309	dormant_flush	20122	0	53.3
1790529362	index_grow	20123	0	1.2
1790529363	thread_storm	20123	0	2.1
1790529366	stw_mt	20124	0	7.1
1790529373	stw_mt+diag	20124	0	7.6
1790529380	stw_mt+diag	20124	0	6.7
1790529387	stw_mt_hdr_tlab	20124	0	6.2
1790529393	stw_mt_hdr_tlab_nursery	20124	0	8.7
1790529363	dormant_flush	20123	0	57.2
1790529420	churn	20124	0	1.3
1790529234	pattern_fuzz+diag	20121	0	187.4
1790529421	index_grow	20124	0	1.0
1790529421	churn_hdr	20124	0	1.2
1790529422	thread_storm	20124	0	2.3
1790529425	stw_mt	20125	0	7.5
1790529432	stw_mt+diag	20125	0	7.6
1790529440	stw_mt+diag	20125	0	9.2
1790529449	stw_mt_hdr_tlab	20125	0	4.7
1790529454	stw_mt_hdr_tlab_nursery	20125	0	7.6
1790529422	dormant_flush	20124	0	48.5
1790529471	churn	20125	0	1.3
1790529472	churn_hdr	20125	0	1.2
1790529473	index_grow	20125	0	1.3
1790529301	pattern_fuzz+diag	20122	0	184.9
1790529486	thread_storm	20125	0	2.1
1790529488	stw_mt	20126	0	7.6
1790529495	stw_mt+diag	20126	0	6.8
1790529502	stw_mt+diag	20126	0	7.6
1790529510	stw_mt_hdr_tlab	20126	0	6.4
1790529516	stw_mt_hdr_tlab_nursery	20126	0	8.1
1790529349	pattern_fuzz+diag	20123	0	184.2
1790529533	churn	20126	0	1.5
1790529535	churn_hdr	20126	0	1.5
1790529536	index_grow	20126	0	0.9
1790529474	dormant_flush	20125	0	69.4
1790529544	thread_storm	20126	0	2.3
1790529546	stw_mt	20127	0	7.9
1790529554	stw_mt+diag	20127	0	8.8
1790529563	stw_mt+diag	20127	0	7.8
1790529571	stw_mt_hdr_tlab	20127	0	5.8
1790529576	stw_mt_hdr_tlab_nursery	20127	0	7.2
1790529402	pattern_fuzz+diag	20124	0	188.4
1790529590	churn	20127	0	1.3
1790529591	churn_hdr	20127	0	2.0
1790529594	index_grow	20127	0	1.2
1790529537	dormant_flush	20126	0	63.6
1790529601	thread_storm	20127	0	1.7
1790529603	stw_mt	20128	0	6.7
1790529609	stw_mt+diag	20128	0	8.0
1790529617	stw_mt+diag	20128	0	7.6
1790529625	stw_mt_hdr_tlab	20128	0	5.6
1790529631	stw_mt_hdr_tlab_nursery	20128	0	8.0
1790529461	pattern_fuzz+diag	20125	0	190.6
1790529652	churn	20128	0	1.8
1790529654	churn_hdr	20128	0	1.5
1790529655	index_grow	20128	0	1.3
1790529595	dormant_flush	20127	0	66.6
1790529661	thread_storm	20128	0	1.7
1790529663	stw_mt	20129	0	8.6
1790529672	stw_mt+diag	20129	0	7.9
1790529679	stw_mt+diag	20129	0	8.6
1790529688	stw_mt_hdr_tlab	20129	0	6.1
1790529694	stw_mt_hdr_tlab_nursery	20129	0	9.3
1790529524	pattern_fuzz+diag	20126	0	187.7
1790529712	churn	20129	0	2.0
1790529714	churn_hdr	20129	0	1.4
1790529715	index_grow	20129	0	1.0
1790529657	dormant_flush	20128	0	63.6
1790529720	thread_storm	20129	0	1.8
1790529722	stw_mt	20130	0	8.2
1790529730	stw_mt+diag	20130	0	7.0
1790529737	stw_mt+diag	20130	0	7.5
1790529745	stw_mt_hdr_tlab	20130	0	5.5
1790529750	stw_mt_hdr_tlab_nursery	20130	0	7.3
1790529584	pattern_fuzz+diag	20127	0	186.6
1790529770	churn	20130	0	1.8
1790529772	churn_hdr	20130	0	1.7
1790529716	dormant_flush	20129	0	57.7
1790529774	index_grow	20130	0	1.0
1790529775	thread_storm	20130	0	1.7
1790529776	stw_mt	20131	0	8.6
1790529785	stw_mt+diag	20131	0	7.3
1790529792	stw_mt+diag	20131	0	9.7
1790529802	stw_mt_hdr_tlab	20131	0	7.1
1790529809	stw_mt_hdr_tlab_nursery	20131	0	9.6
1790529639	pattern_fuzz+diag	20128	0	184.5
1790529823	churn	20131	0	1.6
1790529825	churn_hdr	20131	0	1.7
1790529826	index_grow	20131	0	1.1
1790529774	dormant_flush	20130	0	69.4
1790529843	thread_storm	20131	0	2.3
1790529846	stw_mt	20132	0	8.4
1790529854	stw_mt+diag	20132	0	7.6
1790529862	stw_mt+diag	20132	0	7.2
1790529869	stw_mt_hdr_tlab	20132	0	5.4
1790529874	stw_mt_hdr_tlab_nursery	20132	0	9.4
1790529827	dormant_flush	20131	0	59.7
1790529887	churn	20132	0	1.2
1790529703	pattern_fuzz+diag	20129	0	185.1
1790529888	index_grow	20132	0	1.2
1790529888	churn_hdr	20132	0	1.9
1790529890	thread_storm	20132	0	2.1
1790529892	stw_mt	20133	0	7.8
1790529900	stw_mt+diag	20133	0	8.5
1790529909	stw_mt+diag	20133	0	7.5
1790529916	stw_mt_hdr_tlab	20133	0	6.1
1790529922	stw_mt_hdr_tlab_nursery	20133	0	7.0
1790529757	pattern_fuzz+diag	20130	0	189.4
1790529890	dormant_flush	20132	0	57.8
1790529947	churn	20133	0	1.2
1790529947	churn_hdr	20133	0	1.6
1790529948	index_grow	20133	0	1.5
1790529949	thread_storm	20133	0	1.7
1790529951	stw_mt	20134	0	7.8
1790529959	stw_mt+diag	20134	0	7.6
1790529967	stw_mt+diag	20134	0	8.8
1790529975	stw_mt_hdr_tlab	20134	0	5.7
1790529981	stw_mt_hdr_tlab_nursery	20134	0	7.9
1790529949	dormant_flush	20133	0	54.2
1790530003	churn	20134	0	1.2
1790530004	churn_hdr	20134	0	1.1
1790529819	pattern_fuzz+diag	20131	0	187.6
1790530006	index_grow	20134	0	0.9
1790530006	thread_storm	20134	0	2.3
1790530009	stw_mt	20135	0	8.8
1790530018	stw_mt+diag	20135	0	6.8
1790530024	stw_mt+diag	20135	0	7.9
1790530032	stw_mt_hdr_tlab	20135	0	5.1
1790530037	stw_mt_hdr_tlab_nursery	20135	0	8.8
1790530006	dormant_flush	20134	0	62.5
1790530069	churn	20135	0	1.3
1790529884	pattern_fuzz+diag	20132	0	187.1
1790530070	churn_hdr	20135	0	1.3
1790530071	index_grow	20135	0	0.9
1790530072	thread_storm	20135	0	1.7
1790530073	stw_mt	20136	0	7.6
1790530081	stw_mt+diag	20136	0	7.8
1790530089	stw_mt+diag	20136	0	8.2
1790530097	stw_mt_hdr_tlab	20136	0	5.2
1790530102	stw_mt_hdr_tlab_nursery	20136	0	8.2
1790530071	dormant_flush	20135	0	42.7
1790530114	churn	20136	0	1.8
1790529929	pattern_fuzz+diag	20133	0	187.3
1790530116	churn_hdr	20136	0	1.4
1790530117	index_grow	20136	0	1.1
1790530118	thread_storm	20136	0	1.7
1790530119	stw_mt	20137	0	7.5
1790530127	stw_mt+diag	20137	0	7.2
1790530134	stw_mt+diag	20137	0	7.3
1790530141	stw_mt_hdr_tlab	20137	0	5.5
1790530147	stw_mt_hdr_tlab_nursery	20137	0	7.9
1790529989	pattern_fuzz+diag	20134	0	181.8
1790530171	churn	20137	0	1.3
1790530172	churn_hdr	20137	0	1.5
1790530174	index_grow	20137	0	1.1
1790530117	dormant_flush	20136	0	65.4
1790530182	thread_storm	20137	0	1.8
1790530184	stw_mt	20138	0	7.9
1790530192	stw_mt+diag	20138	0	7.3
1790530199	stw_mt+diag	20138	0	8.7
1790530208	stw_mt_hdr_tlab	20138	0	5.7
1790530214	stw_mt_hdr_tlab_nursery	20138	0	8.5
1790530046	pattern_fuzz+diag	20135	0	183.1
1790530229	churn	20138	0	1.8
1790530231	churn_hdr	20138	0	1.4
1790530232	index_grow	20138	0	0.9
1790530175	dormant_flush	20137	0	64.5
1790530239	thread_storm	20138	0	1.7
1790530241	stw_mt	20139	0	8.8
1790530250	stw_mt+diag	20139	0	7.4
1790530257	stw_mt+diag	20139	0	8.9
1790530266	stw_mt_hdr_tlab	20139	0	5.5
1790530271	stw_mt_hdr_tlab_nursery	20139	0	8.1
1790530110	pattern_fuzz+diag	20136	0	185.9
1790530296	churn	20139	0	1.7
1790530298	churn_hdr	20139	0	1.6
1790530300	index_grow	20139	0	1.0
1790530233	dormant_flush	20138	0	73.1
1790530306	thread_storm	20139	0	1.7
1790530308	stw_mt	20140	0	8.0
1790530316	stw_mt+diag	20140	0	7.2
1790530323	stw_mt+diag	20140	0	7.8
1790530331	stw_mt_hdr_tlab	20140	0	5.5
1790530155	pattern_fuzz+diag	20137	0	188.7
1790530337	stw_mt_hdr_tlab_nursery	20140	0	7.9
1790530345	churn	20140	0	1.6
1790530346	churn_hdr	20140	0	1.9
1790530348	index_grow	20140	0	1.1
1790530301	dormant_flush	20139	0	64.5
1790530365	thread_storm	20140	0	2.0
1790530367	stw_mt	20141	0	7.7
1790530375	stw_mt+diag	20141	0	7.4
1790530382	stw_mt+diag	20141	0	7.7
1790530390	stw_mt_hdr_tlab	20141	0	4.7
1790530395	stw_mt_hdr_tlab_nursery	20141	0	8.0
1790530222	pattern_fuzz+diag	20138	0	193.6
1790530349	dormant_flush	20140	0	67.8
1790530416	churn	20141	0	1.4
1790530417	churn_hdr	20141	0	1.2
1790530417	index_grow	20141	0	1.1
1790530418	thread_storm	20141	0	2.1
1790530421	stw_mt	20142	0	8.3
1790530429	stw_mt+diag	20142	0	7.0
1790530436	stw_mt+diag	20142	0	8.4
1790530444	stw_mt_hdr_tlab	20142	0	5.7
1790530450	stw_mt_hdr_tlab_nursery	20142	0	8.8
1790530279	pattern_fuzz+diag	20139	0	190.8
1790530470	churn	20142	0	1.3
1790530471	churn_hdr	20142	0	1.2
1790530473	index_grow	20142	0	1.5
1790530418	dormant_flush	20141	0	69.1
1790530487	thread_storm	20142	0	2.4
1790530490	stw_mt	20143	0	8.1
1790530498	stw_mt+diag	20143	0	9.0
1790530507	stw_mt+diag	20143	0	9.5
1790530516	stw_mt_hdr_tlab	20143	0	4.8
1790530474	dormant_flush	20142	0	55.5
1790530521	stw_mt_hdr_tlab_nursery	20143	0	9.2
1790530530	churn	20143	0	1.3
1790530343	pattern_fuzz+diag	20140	0	188.0
1790530531	index_grow	20143	0	1.0
1790530531	churn_hdr	20143	0	1.3
1790530533	thread_storm	20143	0	2.4
1790530535	stw_mt	20144	0	7.5
1790530543	stw_mt+diag	20144	0	7.0
1790530550	stw_mt+diag	20144	0	6.9
1790530557	stw_mt_hdr_tlab	20144	0	6.2
1790530563	stw_mt_hdr_tlab_nursery	20144	0	8.9
1790530403	pattern_fuzz+diag	20141	0	190.9
1790530594	churn	20144	0	1.7
1790530595	churn_hdr	20144	0	1.5
1790530597	index_grow	20144	0	1.1
1790530532	dormant_flush	20143	0	67.4
1790530600	thread_storm	20144	0	2.1
1790530602	stw_mt	20145	0	8.0
1790530610	stw_mt+diag	20145	0	8.2
1790530618	stw_mt+diag	20145	0	6.6
1790530625	stw_mt_hdr_tlab	20145	0	5.0
1790530630	stw_mt_hdr_tlab_nursery	20145	0	7.6
1790530459	pattern_fuzz+diag	20142	0	187.1
1790530646	churn	20145	0	1.2
1790530647	churn_hdr	20145	0	2.3
1790530649	index_grow	20145	0	1.4
1790530598	dormant_flush	20144	0	69.4
1790530667	thread_storm	20145	0	2.1
1790530669	stw_mt	20146	0	8.9
1790530678	stw_mt+diag	20146	0	6.6
1790530685	stw_mt+diag	20146	0	7.9
1790530693	stw_mt_hdr_tlab	20146	0	5.9
1790530699	stw_mt_hdr_tlab_nursery	20146	0	9.0
1790530651	dormant_flush	20145	0	67.8
1790530719	churn	20146	0	1.1
1790530530	pattern_fuzz+diag	20143	0	192.2
1790530720	churn_hdr	20146	0	2.0
1790530722	index_grow	20146	0	1.4
1790530723	thread_storm	20146	0	1.8
1790530725	stw_mt	20147	0	7.2
1790530732	stw_mt+diag	20147	0	7.4
1790530740	stw_mt+diag	20147	0	7.3
1790530747	stw_mt_hdr_tlab	20147	0	6.3
1790530572	pattern_fuzz+diag	20144	0	188.1
1790530753	stw_mt_hdr_tlab_nursery	20147	0	7.8
1790530761	churn	20147	0	2.0
1790530763	churn_hdr	20147	0	1.4
1790530765	index_grow	20147	0	1.0
1790530722	dormant_flush	20146	0	61.9
1790530784	thread_storm	20147	0	1.9
1790530786	stw_mt	20148	0	6.7
1790530792	stw_mt+diag	20148	0	7.9
1790530800	stw_mt+diag	20148	0	8.0
1790530808	stw_mt_hdr_tlab	20148	0	6.1
1790530766	dormant_flush	20147	0	55.3
1790530814	stw_mt_hdr_tlab_nursery	20148	0	8.0
1790530822	churn	20148	0	1.7
1790530638	pattern_fuzz+diag	20145	0	187.6
1790530824	churn_hdr	20148	0	1.5
1790530825	index_grow	20148	0	1.0
1790530826	thread_storm	20148	0	1.8
1790530828	stw_mt	20149	0	8.5
1790530836	stw_mt+diag	20149	0	7.8
1790530844	stw_mt+diag	20149	0	9.4
1790530854	stw_mt_hdr_tlab	20149	0	5.7
1790530859	stw_mt_hdr_tlab_nursery	20149	0	7.7
1790530826	dormant_flush	20148	0	57.9
1790530883	churn	20149	0	1.4
1790530885	churn_hdr	20149	0	1.5
1790530886	index_grow	20149	0	1.2
1790530708	pattern_fuzz+diag	20146	0	187.4
1790530895	thread_storm	20149	0	1.6
1790530897	stw_mt	20150	0	8.2
1790530905	stw_mt+diag	20150	0	8.6
1790530914	stw_mt+diag	20150	0	8.4
1790530922	stw_mt_hdr_tlab	20150	0	5.5
1790530927	stw_mt_hdr_tlab_nursery	20150	0	7.5
1790530760	pattern_fuzz+diag	20147	0	187.0
1790530947	churn	20150	0	1.4
1790530948	churn_hdr	20150	0	1.3
1790530950	index_grow	20150	0	1.1
1790530888	dormant_flush	20149	0	67.1
1790530955	thread_storm	20150	0	1.7
1790530956	stw_mt	20151	0	7.1
1790530964	stw_mt+diag	20151	0	9.4
1790530973	stw_mt+diag	20151	0	9.1
1790530982	stw_mt_hdr_tlab	20151	0	6.1
1790530988	stw_mt_hdr_tlab_nursery	20151	0	8.8
1790530821	pattern_fuzz+diag	20148	0	186.5
1790531007	churn	20151	0	1.9
1790531009	churn_hdr	20151	0	1.4
1790530951	dormant_flush	20150	0	61.0
1790531011	index_grow	20151	0	1.0
1790531012	thread_storm	20151	0	1.6
1790531013	stw_mt	20152	0	9.4
1790531023	stw_mt+diag	20152	0	8.0
1790530867	pattern_fuzz+diag	20149	0	184.2
1790531012	dormant_flush	20151	0	58.9
1790530935	pattern_fuzz+diag	20150	0	177.0
1790530997	pattern_fuzz+diag	20151	0	166.2
