1790475203	stw_mt+diag	20000	0	2.2
1790475203	stw_mt	20000	0	2.2
1790475203	stw_mt+diag	20000	0	2.2
1790475203	stw_mt_hdr_tlab	20000	0	2.6
1790475206	churn_hdr	20000	0	0.6
1790475206	churn	20000	0	0.6
1790475206	thread_storm	20000	0	0.7
1790475203	stw_mt_hdr_tlab_nursery	20000	0	3.6
1790475207	stw_mt	20001	0	2.3
1790475207	stw_mt+diag	20001	0	2.3
1790475206	index_grow	20000	0	5.1
1790475209	stw_mt+diag	20001	0	2.3
1790475209	stw_mt_hdr_tlab	20001	0	2.6
1790475212	churn	20001	0	0.6
1790475212	churn_hdr	20001	0	0.6
1790475211	stw_mt_hdr_tlab_nursery	20001	0	3.7
1790475213	index_grow	20001	0	2.5
1790475216	thread_storm	20001	0	0.8
1790475206	dormant_flush	20000	0	60.7
1790475267	stw_mt+diag	20002	0	2.3
1790475269	stw_mt+diag	20002	0	2.2
1790475271	stw_mt_hdr_tlab	20002	0	2.5
1790475274	stw_mt_hdr_tlab_nursery	20002	0	4.0
1790475215	dormant_flush	20001	0	69.7
1790475285	churn	20002	0	0.6
1790475285	churn_hdr	20002	0	0.6
1790475286	index_grow	20002	0	9.1
1790475206	pattern_fuzz+diag	20000	0	124.2
1790475330	thread_storm	20002	0	0.7
1790475330	stw_mt	20003	0	2.2
1790475211	pattern_fuzz+diag	20001	0	121.3
1790475333	stw_mt+diag	20003	0	2.3
1790475333	stw_mt+diag	20003	0	2.4
1790475335	stw_mt_hdr_tlab	20003	0	2.9
1790475335	stw_mt_hdr_tlab_nursery	20003	0	3.9
1790475339	churn	20003	0	0.6
1790475340	churn_hdr	20003	0	0.6
1790475295	dormant_flush	20002	0	48.5
1790475340	index_grow	20003	0	7.4
1790475348	thread_storm	20003	0	0.8
1790475348	stw_mt	20004	0	2.4
1790475351	stw_mt+diag	20004	0	2.3
1790475353	stw_mt+diag	20004	0	2.3
1790475355	stw_mt_hdr_tlab	20004	0	2.6
1790475358	stw_mt_hdr_tlab_nursery	20004	0	3.7
1790475343	dormant_flush	20003	0	46.5
1790475390	churn	20004	0	0.6
1790475390	churn_hdr	20004	0	0.6
1790475278	pattern_fuzz+diag	20002	0	121.3
1790475391	index_grow	20004	0	8.8
1790475400	thread_storm	20004	0	0.8
1790475400	stw_mt	20005	0	2.2
1790475403	stw_mt+diag	20005	0	2.4
1790475405	stw_mt+diag	20005	0	2.0
1790475407	stw_mt_hdr_tlab	20005	0	2.4
1790475409	stw_mt_hdr_tlab_nursery	20005	0	4.0
1790475399	dormant_flush	20004	0	48.6
1790475448	churn	20005	0	0.6
1790475448	churn_hdr	20005	0	0.6
1790475449	index_grow	20005	0	6.0
1790475338	pattern_fuzz+diag	20003	0	122.3
1790475460	thread_storm	20005	0	1.3
1790475461	stw_mt	20006	0	6.0
1790475467	stw_mt+diag	20006	0	5.7
1790475473	stw_mt+diag	20006	0	5.6
1790475479	stw_mt_hdr_tlab	20006	0	4.6
1790475362	pattern_fuzz+diag	20004	0	123.9
1790475483	stw_mt_hdr_tlab_nursery	20006	0	5.8
1790475489	churn	20006	0	0.9
1790475490	churn_hdr	20006	0	0.9
1790475491	index_grow	20006	0	1.1
1790475216	stw_mt	20002	TIMEOUT	300.2
1790475455	dormant_flush	20005	0	61.8
1790475517	thread_storm	20006	0	0.8
1790475517	stw_mt	20007	0	2.7
1790475517	stw_mt+diag	20007	0	2.7
1790475519	stw_mt+diag	20007	0	2.2
1790475520	stw_mt_hdr_tlab	20007	0	2.2
1790475522	stw_mt_hdr_tlab_nursery	20007	0	3.6
1790475525	churn	20007	0	0.6
1790475526	churn_hdr	20007	0	0.7
1790475527	index_grow	20007	0	6.0
1790475492	dormant_flush	20006	0	50.0
1790475542	thread_storm	20007	0	0.7
1790475542	stw_mt	20008	0	2.0
1790475544	stw_mt+diag	20008	0	2.3
1790475413	pattern_fuzz+diag	20005	0	133.3
1790475547	stw_mt+diag	20008	0	2.9
1790475547	stw_mt_hdr_tlab	20008	0	3.0
1790475550	stw_mt_hdr_tlab_nursery	20008	0	4.0
1790475554	churn	20008	0	0.6
1790475554	churn_hdr	20008	0	0.7
1790475555	index_grow	20008	0	6.0
1790475532	dormant_flush	20007	0	68.2
1790475601	thread_storm	20008	0	0.8
1790475601	stw_mt	20009	0	1.9
1790475603	stw_mt+diag	20009	0	2.3
1790475606	stw_mt+diag	20009	0	2.1
1790475608	stw_mt_hdr_tlab	20009	0	2.2
1790475610	stw_mt_hdr_tlab_nursery	20009	0	3.3
1790475486	pattern_fuzz+diag	20006	0	133.1
1790475619	churn	20009	0	0.6
1790475561	dormant_flush	20008	0	58.8
1790475619	churn_hdr	20009	0	0.6
1790475620	index_grow	20009	0	8.9
1790475629	thread_storm	20009	0	0.7
1790475629	stw_mt	20010	0	1.8
1790475631	stw_mt+diag	20010	0	1.8
1790475633	stw_mt+diag	20010	0	1.8
1790475635	stw_mt_hdr_tlab	20010	0	2.3
1790475637	stw_mt_hdr_tlab_nursery	20010	0	3.3
1790475522	pattern_fuzz+diag	20007	0	127.2
1790475650	churn	20010	0	0.6
1790475650	churn_hdr	20010	0	0.6
1790475651	index_grow	20010	0	8.6
1790475620	dormant_flush	20009	0	48.6
1790475669	thread_storm	20010	0	0.7
1790475669	stw_mt	20011	0	1.7
1790475671	stw_mt+diag	20011	0	1.8
1790475673	stw_mt+diag	20011	0	1.7
1790475550	pattern_fuzz+diag	20008	0	124.7
1790475674	stw_mt_hdr_tlab	20011	0	2.5
1790475675	stw_mt_hdr_tlab_nursery	20011	0	3.6
1790475678	churn	20011	0	0.6
1790475679	churn_hdr	20011	0	0.6
1790475679	index_grow	20011	0	9.0
1790475659	dormant_flush	20010	0	55.6
1790475715	thread_storm	20011	0	0.7
1790475716	stw_mt	20012	0	1.7
1790475717	stw_mt+diag	20012	0	1.7
1790475719	stw_mt+diag	20012	0	1.8
1790475721	stw_mt_hdr_tlab	20012	0	2.2
1790475723	stw_mt_hdr_tlab_nursery	20012	0	3.5
1790475688	dormant_flush	20011	0	47.0
1790475613	pattern_fuzz+diag	20009	0	122.6
1790475735	churn	20012	0	0.6
1790475736	churn_hdr	20012	0	0.6
1790475736	index_grow	20012	0	9.0
1790475745	thread_storm	20012	0	0.7
1790475746	stw_mt	20013	0	1.9
1790475748	stw_mt+diag	20013	0	1.8
1790475749	stw_mt+diag	20013	0	1.8
1790475751	stw_mt_hdr_tlab	20013	0	2.4
1790475754	stw_mt_hdr_tlab_nursery	20013	0	3.5
1790475640	pattern_fuzz+diag	20010	0	123.5
1790475764	churn	20013	0	0.6
1790475765	churn_hdr	20013	0	0.6
1790475765	index_grow	20013	0	8.8
1790475736	dormant_flush	20012	0	39.7
1790475776	thread_storm	20013	0	0.7
1790475777	stw_mt	20014	0	1.8
1790475779	stw_mt+diag	20014	0	1.8
1790475780	stw_mt+diag	20014	0	1.7
1790475782	stw_mt_hdr_tlab	20014	0	2.1
1790475784	stw_mt_hdr_tlab_nursery	20014	0	3.2
1790475677	pattern_fuzz+diag	20011	0	120.6
1790475798	churn	20014	0	0.6
1790475798	churn_hdr	20014	0	0.6
1790475799	index_grow	20014	0	9.3
1790475774	dormant_flush	20013	0	46.0
1790475820	thread_storm	20014	0	0.7
1790475821	stw_mt	20015	0	1.7
1790475822	stw_mt+diag	20015	0	1.8
1790475824	stw_mt+diag	20015	0	1.8
1790475826	stw_mt_hdr_tlab	20015	0	2.3
1790475828	stw_mt_hdr_tlab_nursery	20015	0	3.3
1790475727	pattern_fuzz+diag	20012	0	121.8
1790475848	churn	20015	0	0.6
1790475849	churn_hdr	20015	0	0.6
1790475808	dormant_flush	20014	0	44.2
1790475850	index_grow	20015	0	9.0
1790475859	thread_storm	20015	0	0.7
1790475859	stw_mt	20016	0	1.7
1790475861	stw_mt+diag	20016	0	1.8
1790475863	stw_mt+diag	20016	0	1.8
1790475865	stw_mt_hdr_tlab	20016	0	2.1
1790475867	stw_mt_hdr_tlab_nursery	20016	0	3.3
1790475757	pattern_fuzz+diag	20013	0	120.8
1790475878	churn	20016	0	0.6
1790475878	churn_hdr	20016	0	0.6
1790475879	index_grow	20016	0	9.3
1790475852	dormant_flush	20015	0	44.5
1790475897	thread_storm	20016	0	0.7
1790475898	stw_mt	20017	0	1.8
1790475899	stw_mt+diag	20017	0	1.8
1790475901	stw_mt+diag	20017	0	1.9
1790475903	stw_mt_hdr_tlab	20017	0	2.2
1790475905	stw_mt_hdr_tlab_nursery	20017	0	3.3
1790475787	pattern_fuzz+diag	20014	0	121.1
1790475908	churn	20017	0	0.6
1790475909	churn_hdr	20017	0	0.6
1790475910	index_grow	20017	0	8.2
1790475888	dormant_flush	20016	0	47.5
1790475936	thread_storm	20017	0	0.7
1790475936	stw_mt	20018	0	1.8
1790475938	stw_mt+diag	20018	0	1.7
1790475940	stw_mt+diag	20018	0	1.8
1790475942	stw_mt_hdr_tlab	20018	0	2.3
1790475944	stw_mt_hdr_tlab_nursery	20018	0	3.2
1790475831	pattern_fuzz+diag	20015	0	121.3
1790475953	churn	20018	0	0.6
1790475953	churn_hdr	20018	0	0.6
1790475954	index_grow	20018	0	8.5
1790475918	dormant_flush	20017	0	44.8
1790475963	thread_storm	20018	0	0.7
1790475963	stw_mt	20019	0	1.8
1790475965	stw_mt+diag	20019	0	1.9
1790475967	stw_mt+diag	20019	0	1.7
1790475969	stw_mt_hdr_tlab	20019	0	2.3
1790475971	stw_mt_hdr_tlab_nursery	20019	0	3.3
1790475870	pattern_fuzz+diag	20016	0	122.2
1790475992	churn	20019	0	0.6
1790475993	churn_hdr	20019	0	0.6
1790475993	index_grow	20019	0	9.0
1790475963	dormant_flush	20018	0	43.2
1790476006	thread_storm	20019	0	0.7
1790476006	stw_mt	20020	0	1.8
1790476008	stw_mt+diag	20020	0	1.8
1790476010	stw_mt+diag	20020	0	1.8
1790476012	stw_mt_hdr_tlab	20020	0	2.2
1790476014	stw_mt_hdr_tlab_nursery	20020	0	3.4
1790475908	pattern_fuzz+diag	20017	0	122.3
1790476031	churn	20020	0	0.6
1790476031	churn_hdr	20020	0	0.6
1790476032	index_grow	20020	0	9.2
1790476002	dormant_flush	20019	0	42.4
1790476045	thread_storm	20020	0	0.7
1790476046	stw_mt	20021	0	1.8
1790476047	stw_mt+diag	20021	0	1.7
1790476049	stw_mt+diag	20021	0	1.8
1790476051	stw_mt_hdr_tlab	20021	0	2.2
1790476053	stw_mt_hdr_tlab_nursery	20021	0	3.4
1790475947	pattern_fuzz+diag	20018	0	121.6
1790476069	churn	20021	0	0.6
1790476069	churn_hdr	20021	0	0.6
1790476070	index_grow	20021	0	9.3
1790476041	dormant_flush	20020	0	44.5
1790476086	thread_storm	20021	0	0.7
1790476086	stw_mt	20022	0	1.8
1790476088	stw_mt+diag	20022	0	1.8
1790476090	stw_mt+diag	20022	0	1.8
1790476092	stw_mt_hdr_tlab	20022	0	2.1
1790475974	pattern_fuzz+diag	20019	0	120.6
1790476094	stw_mt_hdr_tlab_nursery	20022	0	3.3
1790476097	churn	20022	0	0.6
1790476098	churn_hdr	20022	0	0.6
1790476098	index_grow	20022	0	9.9
1790476079	dormant_flush	20021	0	44.5
1790476124	thread_storm	20022	0	0.7
1790476124	stw_mt	20023	0	1.7
1790476126	stw_mt+diag	20023	0	1.9
1790476128	stw_mt+diag	20023	0	1.8
1790476130	stw_mt_hdr_tlab	20023	0	2.2
1790476132	stw_mt_hdr_tlab_nursery	20023	0	3.3
1790476017	pattern_fuzz+diag	20020	0	122.4
1790476140	churn	20023	0	0.6
1790476140	churn_hdr	20023	0	0.6
1790476141	index_grow	20023	0	9.2
1790476108	dormant_flush	20022	0	50.1
1790476158	thread_storm	20023	0	0.7
1790476159	stw_mt	20024	0	1.8
1790476161	stw_mt+diag	20024	0	1.8
1790476163	stw_mt+diag	20024	0	1.8
1790476164	stw_mt_hdr_tlab	20024	0	2.2
1790476167	stw_mt_hdr_tlab_nursery	20024	0	3.2
1790476056	pattern_fuzz+diag	20021	0	122.7
1790476179	churn	20024	0	0.6
1790476180	churn_hdr	20024	0	0.6
1790476180	index_grow	20024	0	8.8
1790476150	dormant_flush	20023	0	42.8
1790476193	thread_storm	20024	0	0.7
1790476194	stw_mt	20025	0	1.7
1790476195	stw_mt+diag	20025	0	1.8
1790476197	stw_mt+diag	20025	0	1.7
1790476199	stw_mt_hdr_tlab	20025	0	2.1
1790476201	stw_mt_hdr_tlab_nursery	20025	0	3.3
1790476095	pattern_fuzz+diag	20022	0	122.0
1790476217	churn	20025	0	0.6
1790476218	churn_hdr	20025	0	0.6
1790476218	index_grow	20025	0	9.4
1790476189	dormant_flush	20024	0	42.8
1790476232	thread_storm	20025	0	0.7
1790476232	stw_mt	20026	0	1.8
1790476234	stw_mt+diag	20026	0	1.7
1790476236	stw_mt+diag	20026	0	1.8
1790476238	stw_mt_hdr_tlab	20026	0	2.1
1790476240	stw_mt_hdr_tlab_nursery	20026	0	3.2
1790476135	pattern_fuzz+diag	20023	0	119.5
1790476255	churn	20026	0	0.6
1790476256	churn_hdr	20026	0	0.6
1790476256	index_grow	20026	0	8.8
1790476228	dormant_flush	20025	0	44.5
1790476272	thread_storm	20026	0	0.7
1790476273	stw_mt	20027	0	1.7
1790476275	stw_mt+diag	20027	0	1.7
1790476276	stw_mt+diag	20027	0	1.8
1790476278	stw_mt_hdr_tlab	20027	0	2.1
1790476280	stw_mt_hdr_tlab_nursery	20027	0	3.4
1790476170	pattern_fuzz+diag	20024	0	119.4
1790476289	churn	20027	0	0.6
1790476290	churn_hdr	20027	0	0.6
1790476290	index_grow	20027	0	8.9
1790476265	dormant_flush	20026	0	54.4
1790476319	thread_storm	20027	0	0.7
1790476320	stw_mt	20028	0	1.8
1790476322	stw_mt+diag	20028	0	1.8
1790476204	pattern_fuzz+diag	20025	0	119.9
1790476324	stw_mt+diag	20028	0	1.9
1790476324	stw_mt_hdr_tlab	20028	0	2.3
1790476325	stw_mt_hdr_tlab_nursery	20028	0	3.6
1790476329	churn	20028	0	0.6
1790476330	churn_hdr	20028	0	0.6
1790476330	index_grow	20028	0	9.8
1790476299	dormant_flush	20027	0	44.6
1790476344	thread_storm	20028	0	0.7
1790476345	stw_mt	20029	0	1.8
1790476346	stw_mt+diag	20029	0	1.7
1790476348	stw_mt+diag	20029	0	1.7
1790476350	stw_mt_hdr_tlab	20029	0	2.2
1790476352	stw_mt_hdr_tlab_nursery	20029	0	3.4
1790476243	pattern_fuzz+diag	20026	0	120.9
1790476364	churn	20029	0	0.6
1790476365	churn_hdr	20029	0	0.6
1790476365	index_grow	20029	0	9.8
1790476340	dormant_flush	20028	0	44.7
1790476385	thread_storm	20029	0	0.7
1790476385	stw_mt	20030	0	1.8
1790476387	stw_mt+diag	20030	0	1.7
1790476389	stw_mt+diag	20030	0	1.8
1790476391	stw_mt_hdr_tlab	20030	0	2.3
1790476393	stw_mt_hdr_tlab_nursery	20030	0	3.4
1790476284	pattern_fuzz+diag	20027	0	121.5
1790476405	churn	20030	0	0.6
1790476406	churn_hdr	20030	0	0.6
1790476406	index_grow	20030	0	8.1
1790476375	dormant_flush	20029	0	41.9
1790476417	thread_storm	20030	0	0.7
1790476418	stw_mt	20031	0	1.8
1790476419	stw_mt+diag	20031	0	1.8
1790476421	stw_mt+diag	20031	0	1.8
1790476423	stw_mt_hdr_tlab	20031	0	2.1
1790476425	stw_mt_hdr_tlab_nursery	20031	0	3.4
1790476326	pattern_fuzz+diag	20028	0	120.4
1790476447	churn	20031	0	0.6
1790476447	churn_hdr	20031	0	0.6
1790476448	index_grow	20031	0	9.4
1790476415	dormant_flush	20030	0	43.0
1790476458	thread_storm	20031	0	0.7
1790476458	stw_mt	20032	0	1.8
1790476460	stw_mt+diag	20032	0	1.8
1790476462	stw_mt+diag	20032	0	1.8
1790476464	stw_mt_hdr_tlab	20032	0	2.3
1790476466	stw_mt_hdr_tlab_nursery	20032	0	3.5
1790476355	pattern_fuzz+diag	20029	0	121.3
1790476477	churn	20032	0	0.6
1790476477	churn_hdr	20032	0	0.6
1790476478	index_grow	20032	0	9.5
1790476457	dormant_flush	20031	0	52.9
1790476510	thread_storm	20032	0	0.7
1790476511	stw_mt	20033	0	1.8
1790476513	stw_mt+diag	20033	0	1.8
1790476515	stw_mt+diag	20033	0	1.8
1790476396	pattern_fuzz+diag	20030	0	121.2
1790476516	stw_mt_hdr_tlab	20033	0	2.3
1790476517	stw_mt_hdr_tlab_nursery	20033	0	3.4
1790476521	churn	20033	0	0.6
1790476522	churn_hdr	20033	0	0.6
1790476522	index_grow	20033	0	9.4
1790476488	dormant_flush	20032	0	44.0
1790476532	thread_storm	20033	0	0.7
1790476532	stw_mt	20034	0	1.8
1790476534	stw_mt+diag	20034	0	1.8
1790476536	stw_mt+diag	20034	0	1.8
1790476538	stw_mt_hdr_tlab	20034	0	2.1
1790476540	stw_mt_hdr_tlab_nursery	20034	0	3.4
1790476428	pattern_fuzz+diag	20031	0	120.2
1790476549	churn	20034	0	0.7
1790476549	churn_hdr	20034	0	0.6
1790476550	index_grow	20034	0	8.9
1790476532	dormant_flush	20033	0	44.7
1790476576	thread_storm	20034	0	0.7
1790476577	stw_mt	20035	0	1.7
1790476579	stw_mt+diag	20035	0	1.7
1790476580	stw_mt+diag	20035	0	1.8
1790476582	stw_mt_hdr_tlab	20035	0	2.2
1790476584	stw_mt_hdr_tlab_nursery	20035	0	3.2
1790476469	pattern_fuzz+diag	20032	0	123.3
1790476593	churn	20035	0	0.6
1790476593	churn_hdr	20035	0	0.6
1790476594	index_grow	20035	0	10.0
1790476559	dormant_flush	20034	0	49.1
1790476608	thread_storm	20035	0	0.7
1790476609	stw_mt	20036	0	1.8
1790476610	stw_mt+diag	20036	0	1.8
1790476612	stw_mt+diag	20036	0	1.8
1790476614	stw_mt_hdr_tlab	20036	0	2.3
1790476616	stw_mt_hdr_tlab_nursery	20036	0	3.3
1790476519	pattern_fuzz+diag	20033	0	121.8
1790476641	churn	20036	0	0.6
1790476641	churn_hdr	20036	0	0.6
1790476604	dormant_flush	20035	0	40.1
1790476642	index_grow	20036	0	8.7
1790476650	thread_storm	20036	0	0.7
1790476651	stw_mt	20037	0	1.8
1790476653	stw_mt+diag	20037	0	1.8
1790476655	stw_mt+diag	20037	0	1.8
1790476657	stw_mt_hdr_tlab	20037	0	2.2
1790476659	stw_mt_hdr_tlab_nursery	20037	0	3.4
1790476543	pattern_fuzz+diag	20034	0	121.6
1790476665	churn	20037	0	0.6
1790476665	churn_hdr	20037	0	0.6
1790476666	index_grow	20037	0	8.9
1790476644	dormant_flush	20036	0	45.6
1790476690	thread_storm	20037	0	0.7
1790476690	stw_mt	20038	0	1.8
1790476692	stw_mt+diag	20038	0	1.8
1790476694	stw_mt+diag	20038	0	4.2
1790476698	stw_mt_hdr_tlab	20038	0	4.7
1790476703	stw_mt_hdr_tlab_nursery	20038	0	6.6
1790476588	pattern_fuzz+diag	20035	0	125.6
1790476713	churn	20038	0	1.1
1790476714	churn_hdr	20038	0	1.1
1790476715	index_grow	20038	0	0.9
1790476675	dormant_flush	20037	0	77.1
1790476752	thread_storm	20038	0	1.4
1790476619	pattern_fuzz+diag	20036	0	135.5
1790476753	stw_mt	20039	0	6.3
1790476755	stw_mt+diag	20039	0	6.7
1790476760	stw_mt+diag	20039	0	6.6
1790476762	stw_mt_hdr_tlab	20039	0	4.8
1790476766	stw_mt_hdr_tlab_nursery	20039	0	6.3
1790476773	churn	20039	0	0.9
1790476773	churn_hdr	20039	0	0.9
1790476774	index_grow	20039	0	1.3
1790476716	dormant_flush	20038	0	74.9
1790476791	thread_storm	20039	0	1.1
1790476792	stw_mt	20040	0	7.5
1790476800	stw_mt+diag	20040	0	6.3
1790476662	pattern_fuzz+diag	20037	0	146.4
1790476806	stw_mt+diag	20040	0	6.8
1790476809	stw_mt_hdr_tlab	20040	0	4.9
1790476813	stw_mt_hdr_tlab_nursery	20040	0	6.4
1790476819	churn	20040	0	0.9
1790476820	churn_hdr	20040	0	0.9
1790476821	index_grow	20040	0	1.0
1790476776	dormant_flush	20039	0	59.5
1790476835	thread_storm	20040	0	1.3
1790476836	stw_mt	20041	0	6.8
1790476843	stw_mt+diag	20041	0	6.8
1790476850	stw_mt+diag	20041	0	6.8
1790476857	stw_mt_hdr_tlab	20041	0	4.5
1790476709	pattern_fuzz+diag	20038	0	152.5
1790476861	stw_mt_hdr_tlab_nursery	20041	0	6.4
1790476868	churn	20041	0	1.0
1790476869	churn_hdr	20041	0	1.1
1790476870	index_grow	20041	0	1.1
1790476822	dormant_flush	20040	0	70.5
1790476893	thread_storm	20041	0	1.0
1790476894	stw_mt	20042	0	6.6
1790476900	stw_mt+diag	20042	0	6.5
1790476907	stw_mt+diag	20042	0	6.4
1790476913	stw_mt_hdr_tlab	20042	0	4.6
1790476766	pattern_fuzz+diag	20039	0	152.1
1790476918	stw_mt_hdr_tlab_nursery	20042	0	6.4
1790476924	churn	20042	0	0.9
1790476925	churn_hdr	20042	0	0.9
1790476926	index_grow	20042	0	1.1
1790476871	dormant_flush	20041	0	73.7
1790476944	thread_storm	20042	0	0.7
1790476945	stw_mt	20043	0	1.8
1790476947	stw_mt+diag	20043	0	1.8
1790476949	stw_mt+diag	20043	0	1.7
1790476950	stw_mt_hdr_tlab	20043	0	2.2
1790476953	stw_mt_hdr_tlab_nursery	20043	0	3.5
1790476814	pattern_fuzz+diag	20040	0	146.1
1790476960	churn	20043	0	0.7
1790476960	churn_hdr	20043	0	0.7
1790476961	index_grow	20043	0	1.0
1790476927	dormant_flush	20042	0	50.2
1790476977	thread_storm	20043	0	0.7
1790476978	stw_mt	20044	0	1.7
1790476980	stw_mt+diag	20044	0	1.8
1790476981	stw_mt+diag	20044	0	1.7
1790476983	stw_mt_hdr_tlab	20044	0	2.1
1790476985	stw_mt_hdr_tlab_nursery	20044	0	3.5
1790476862	pattern_fuzz+diag	20041	0	138.4
1790477000	churn	20044	0	0.6
1790477001	churn_hdr	20044	0	0.6
1790476962	dormant_flush	20043	0	45.6
1790477002	index_grow	20044	0	8.9
1790477010	thread_storm	20044	0	0.7
1790477011	stw_mt	20045	0	1.9
1790477013	stw_mt+diag	20045	0	1.9
1790477015	stw_mt+diag	20045	0	1.9
1790477017	stw_mt_hdr_tlab	20045	0	2.0
1790477019	stw_mt_hdr_tlab_nursery	20045	0	3.3
1790476918	pattern_fuzz+diag	20042	0	125.7
1790477044	churn	20045	0	0.6
1790477045	churn_hdr	20045	0	0.6
1790477008	dormant_flush	20044	0	41.7
1790477045	index_grow	20045	0	8.8
1790477054	thread_storm	20045	0	0.7
1790477055	stw_mt	20046	0	1.7
1790477057	stw_mt+diag	20046	0	1.8
1790477058	stw_mt+diag	20046	0	1.9
1790477060	stw_mt_hdr_tlab	20046	0	2.2
1790477062	stw_mt_hdr_tlab_nursery	20046	0	3.2
1790476956	pattern_fuzz+diag	20043	0	121.8
1790477078	churn	20046	0	0.6
1790477079	churn_hdr	20046	0	0.6
1790477079	index_grow	20046	0	8.6
1790477049	dormant_flush	20045	0	43.6
1790477093	thread_storm	20046	0	0.7
1790477094	stw_mt	20047	0	1.7
1790477095	stw_mt+diag	20047	0	1.7
1790477097	stw_mt+diag	20047	0	1.7
1790477099	stw_mt_hdr_tlab	20047	0	2.4
1790477101	stw_mt_hdr_tlab_nursery	20047	0	3.2
1790476989	pattern_fuzz+diag	20044	0	119.4
1790477108	churn	20047	0	0.6
1790477109	churn_hdr	20047	0	0.6
1790477109	index_grow	20047	0	8.3
1790477088	dormant_flush	20046	0	47.1
1790477135	thread_storm	20047	0	0.7
1790477135	stw_mt	20048	0	1.8
1790477137	stw_mt+diag	20048	0	1.8
1790477139	stw_mt+diag	20048	0	1.7
1790477022	pattern_fuzz+diag	20045	0	120.2
1790477141	stw_mt_hdr_tlab	20048	0	2.4
1790477142	stw_mt_hdr_tlab_nursery	20048	0	3.4
1790477146	churn	20048	0	0.6
1790477146	churn_hdr	20048	0	0.6
1790477147	index_grow	20048	0	9.3
1790477118	dormant_flush	20047	0	45.6
1790477163	thread_storm	20048	0	0.8
1790477164	stw_mt	20049	0	1.8
1790477166	stw_mt+diag	20049	0	1.8
1790477168	stw_mt+diag	20049	0	1.7
1790477169	stw_mt_hdr_tlab	20049	0	2.1
1790477171	stw_mt_hdr_tlab_nursery	20049	0	3.4
1790477066	pattern_fuzz+diag	20046	0	122.4
1790477188	churn	20049	0	0.6
1790477189	churn_hdr	20049	0	0.6
1790477189	index_grow	20049	0	8.0
1790477156	dormant_flush	20048	0	42.8
1790477199	thread_storm	20049	0	0.7
1790477200	stw_mt	20050	0	1.8
1790477202	stw_mt+diag	20050	0	1.8
1790477203	stw_mt+diag	20050	0	1.7
1790477205	stw_mt_hdr_tlab	20050	0	2.3
1790477207	stw_mt_hdr_tlab_nursery	20050	0	3.4
1790477104	pattern_fuzz+diag	20047	0	122.1
1790477226	churn	20050	0	0.6
1790477227	churn_hdr	20050	0	0.6
1790477228	index_grow	20050	0	9.3
1790477197	dormant_flush	20049	0	41.3
1790477239	thread_storm	20050	0	0.7
1790477239	stw_mt	20051	0	1.7
1790477241	stw_mt+diag	20051	0	1.8
1790477243	stw_mt+diag	20051	0	1.8
1790477245	stw_mt_hdr_tlab	20051	0	2.1
1790477247	stw_mt_hdr_tlab_nursery	20051	0	3.2
1790477143	pattern_fuzz+diag	20048	0	123.1
1790477266	churn	20051	0	0.6
1790477267	churn_hdr	20051	0	0.6
1790477237	dormant_flush	20050	0	39.1
1790477267	index_grow	20051	0	8.7
1790477276	thread_storm	20051	0	0.7
1790477277	stw_mt	20052	0	1.7
1790477279	stw_mt+diag	20052	0	1.9
1790477280	stw_mt+diag	20052	0	1.7
1790477282	stw_mt_hdr_tlab	20052	0	2.1
1790477284	stw_mt_hdr_tlab_nursery	20052	0	3.4
1790477175	pattern_fuzz+diag	20049	0	121.7
1790477296	churn	20052	0	0.6
1790477297	churn_hdr	20052	0	0.6
1790477298	index_grow	20052	0	9.4
1790477276	dormant_flush	20051	0	44.6
1790477321	thread_storm	20052	0	0.7
1790477321	stw_mt	20053	0	1.7
1790477323	stw_mt+diag	20053	0	1.8
1790477325	stw_mt+diag	20053	0	1.8
1790477327	stw_mt_hdr_tlab	20053	0	2.2
1790477211	pattern_fuzz+diag	20050	0	120.3
1790477329	stw_mt_hdr_tlab_nursery	20053	0	3.3
1790477332	churn	20053	0	0.6
1790477333	churn_hdr	20053	0	0.6
1790477333	index_grow	20053	0	9.4
1790477307	dormant_flush	20052	0	49.2
1790477356	thread_storm	20053	0	0.7
1790477357	stw_mt	20054	0	1.7
1790477359	stw_mt+diag	20054	0	1.7
1790477360	stw_mt+diag	20054	0	1.8
1790477362	stw_mt_hdr_tlab	20054	0	2.2
1790477364	stw_mt_hdr_tlab_nursery	20054	0	3.3
1790477250	pattern_fuzz+diag	20051	0	120.4
1790477370	churn	20054	0	0.6
1790477371	churn_hdr	20054	0	0.6
1790477371	index_grow	20054	0	9.7
1790477343	dormant_flush	20053	0	44.7
1790477387	thread_storm	20054	0	0.7
1790477388	stw_mt	20055	0	1.8
1790477390	stw_mt+diag	20055	0	1.8
1790477392	stw_mt+diag	20055	0	1.9
1790477394	stw_mt_hdr_tlab	20055	0	2.1
1790477396	stw_mt_hdr_tlab_nursery	20055	0	3.3
1790477288	pattern_fuzz+diag	20052	0	122.2
1790477410	churn	20055	0	0.6
1790477411	churn_hdr	20055	0	0.6
1790477411	index_grow	20055	0	7.5
1790477381	dormant_flush	20054	0	48.4
1790477430	thread_storm	20055	0	0.7
1790477430	stw_mt	20056	0	1.8
1790477432	stw_mt+diag	20056	0	1.8
1790477434	stw_mt+diag	20056	0	1.8
1790477436	stw_mt_hdr_tlab	20056	0	2.2
1790477438	stw_mt_hdr_tlab_nursery	20056	0	3.3
1790477331	pattern_fuzz+diag	20053	0	121.2
1790477452	churn	20056	0	0.6
1790477453	churn_hdr	20056	0	0.6
1790477419	dormant_flush	20055	0	42.7
1790477453	index_grow	20056	0	8.6
1790477462	thread_storm	20056	0	0.7
1790477463	stw_mt	20057	0	3.5
1790477466	stw_mt+diag	20057	0	1.7
1790477468	stw_mt+diag	20057	0	1.8
1790477470	stw_mt_hdr_tlab	20057	0	2.2
1790477472	stw_mt_hdr_tlab_nursery	20057	0	3.5
1790477368	pattern_fuzz+diag	20054	0	120.1
1790477488	churn	20057	0	0.6
1790477489	churn_hdr	20057	0	0.6
1790477489	index_grow	20057	0	7.6
1790477461	dormant_flush	20056	0	40.3
1790477502	thread_storm	20057	0	0.7
1790477502	stw_mt	20058	0	1.7
1790477504	stw_mt+diag	20058	0	1.8
1790477506	stw_mt+diag	20058	0	1.8
1790477508	stw_mt_hdr_tlab	20058	0	2.3
1790477510	stw_mt_hdr_tlab_nursery	20058	0	3.4
1790477399	pattern_fuzz+diag	20055	0	119.8
1790477519	churn	20058	0	0.6
1790477519	churn_hdr	20058	0	0.6
1790477520	index_grow	20058	0	8.5
1790477497	dormant_flush	20057	0	43.8
1790477541	thread_storm	20058	0	0.7
1790477541	stw_mt	20059	0	1.8
1790477543	stw_mt+diag	20059	0	1.8
1790477545	stw_mt+diag	20059	0	1.7
1790477547	stw_mt_hdr_tlab	20059	0	2.3
1790477549	stw_mt_hdr_tlab_nursery	20059	0	3.5
1790477441	pattern_fuzz+diag	20056	0	119.8
1790477561	churn	20059	0	0.6
1790477561	churn_hdr	20059	0	0.7
1790477562	index_grow	20059	0	8.1
1790477528	dormant_flush	20058	0	46.1
1790477575	thread_storm	20059	0	0.8
1790477575	stw_mt	20060	0	1.7
1790477577	stw_mt+diag	20060	0	1.8
1790477579	stw_mt+diag	20060	0	1.9
1790477581	stw_mt_hdr_tlab	20060	0	2.2
1790477583	stw_mt_hdr_tlab_nursery	20060	0	3.5
1790477475	pattern_fuzz+diag	20057	0	119.5
1790477595	churn	20060	0	0.6
1790477595	churn_hdr	20060	0	0.6
1790477596	index_grow	20060	0	9.4
1790477570	dormant_flush	20059	0	40.7
1790477611	thread_storm	20060	0	0.7
1790477612	stw_mt	20061	0	1.7
1790477613	stw_mt+diag	20061	0	1.9
1790477615	stw_mt+diag	20061	0	1.8
1790477617	stw_mt_hdr_tlab	20061	0	2.1
1790477619	stw_mt_hdr_tlab_nursery	20061	0	3.3
1790477513	pattern_fuzz+diag	20058	0	120.8
1790477634	churn	20061	0	0.6
1790477635	churn_hdr	20061	0	0.6
1790477635	index_grow	20061	0	8.5
1790477606	dormant_flush	20060	0	43.2
1790477649	thread_storm	20061	0	0.7
1790477649	stw_mt	20062	0	1.7
1790477651	stw_mt+diag	20062	0	1.7
1790477653	stw_mt+diag	20062	0	1.8
1790477655	stw_mt_hdr_tlab	20062	0	2.4
1790477657	stw_mt_hdr_tlab_nursery	20062	0	3.4
1790477552	pattern_fuzz+diag	20059	0	120.9
1790477673	churn	20062	0	0.6
1790477674	churn_hdr	20062	0	0.6
1790477674	index_grow	20062	0	9.7
1790477644	dormant_flush	20061	0	41.4
1790477685	thread_storm	20062	0	0.7
1790477686	stw_mt	20063	0	1.8
1790477688	stw_mt+diag	20063	0	1.8
1790477689	stw_mt+diag	20063	0	1.8
1790477691	stw_mt_hdr_tlab	20063	0	2.1
1790477693	stw_mt_hdr_tlab_nursery	20063	0	3.3
1790477586	pattern_fuzz+diag	20060	0	120.3
1790477707	churn	20063	0	0.6
1790477707	churn_hdr	20063	0	0.6
1790477708	index_grow	20063	0	9.7
1790477684	dormant_flush	20062	0	43.7
1790477728	thread_storm	20063	0	0.8
1790477729	stw_mt	20064	0	1.8
1790477730	stw_mt+diag	20064	0	1.8
1790477732	stw_mt+diag	20064	0	1.8
1790477734	stw_mt_hdr_tlab	20064	0	2.3
1790477736	stw_mt_hdr_tlab_nursery	20064	0	3.3
1790477622	pattern_fuzz+diag	20061	0	121.9
1790477744	churn	20064	0	0.6
1790477745	churn_hdr	20064	0	0.6
1790477746	index_grow	20064	0	8.2
1790477718	dormant_flush	20063	0	44.3
1790477762	thread_storm	20064	0	0.7
1790477763	stw_mt	20065	0	1.7
1790477764	stw_mt+diag	20065	0	1.8
1790477766	stw_mt+diag	20065	0	1.8
1790477768	stw_mt_hdr_tlab	20065	0	2.3
1790477770	stw_mt_hdr_tlab_nursery	20065	0	3.2
1790477660	pattern_fuzz+diag	20062	0	120.4
1790477781	churn	20065	0	0.6
1790477781	churn_hdr	20065	0	0.6
1790477782	index_grow	20065	0	8.9
1790477754	dormant_flush	20064	0	47.6
1790477801	thread_storm	20065	0	0.7
1790477802	stw_mt	20066	0	1.8
1790477804	stw_mt+diag	20066	0	1.7
1790477806	stw_mt+diag	20066	0	1.7
1790477807	stw_mt_hdr_tlab	20066	0	2.3
1790477810	stw_mt_hdr_tlab_nursery	20066	0	3.4
1790477697	pattern_fuzz+diag	20063	0	122.2
1790477819	churn	20066	0	0.6
1790477819	churn_hdr	20066	0	0.6
1790477820	index_grow	20066	0	8.5
1790477791	dormant_flush	20065	0	45.7
1790477837	thread_storm	20066	0	0.8
1790477837	stw_mt	20067	0	1.8
1790477839	stw_mt+diag	20067	0	1.8
1790477841	stw_mt+diag	20067	0	1.7
1790477843	stw_mt_hdr_tlab	20067	0	2.1
1790477845	stw_mt_hdr_tlab_nursery	20067	0	3.3
1790477740	pattern_fuzz+diag	20064	0	121.3
1790477861	churn	20067	0	0.6
1790477861	churn_hdr	20067	0	0.6
1790477862	index_grow	20067	0	9.1
1790477829	dormant_flush	20066	0	47.1
1790477876	thread_storm	20067	0	0.7
1790477876	stw_mt	20068	0	1.7
1790477878	stw_mt+diag	20068	0	1.7
1790477880	stw_mt+diag	20068	0	1.8
1790477882	stw_mt_hdr_tlab	20068	0	2.2
1790477884	stw_mt_hdr_tlab_nursery	20068	0	3.2
1790477773	pattern_fuzz+diag	20065	0	121.2
1790477895	churn	20068	0	0.6
1790477895	churn_hdr	20068	0	0.6
1790477896	index_grow	20068	0	9.4
1790477871	dormant_flush	20067	0	41.5
1790477913	thread_storm	20068	0	0.7
1790477913	stw_mt	20069	0	1.9
1790477915	stw_mt+diag	20069	0	1.9
1790477917	stw_mt+diag	20069	0	1.8
1790477919	stw_mt_hdr_tlab	20069	0	2.3
1790477921	stw_mt_hdr_tlab_nursery	20069	0	3.4
1790477813	pattern_fuzz+diag	20066	0	119.7
1790477933	churn	20069	0	0.6
1790477933	churn_hdr	20069	0	0.6
1790477934	index_grow	20069	0	8.6
1790477905	dormant_flush	20068	0	43.6
1790477949	thread_storm	20069	0	0.7
1790477949	stw_mt	20070	0	1.8
1790477951	stw_mt+diag	20070	0	1.8
1790477953	stw_mt+diag	20070	0	1.9
1790477955	stw_mt_hdr_tlab	20070	0	2.2
1790477957	stw_mt_hdr_tlab_nursery	20070	0	3.5
1790477848	pattern_fuzz+diag	20067	0	118.2
1790477966	churn	20070	0	0.6
1790477967	churn_hdr	20070	0	0.6
1790477968	index_grow	20070	0	10.0
1790477942	dormant_flush	20069	0	46.5
1790477989	thread_storm	20070	0	0.7
1790477990	stw_mt	20071	0	1.8
1790477992	stw_mt+diag	20071	0	1.7
1790477993	stw_mt+diag	20071	0	1.8
1790477995	stw_mt_hdr_tlab	20071	0	2.2
1790477997	stw_mt_hdr_tlab_nursery	20071	0	3.3
1790477887	pattern_fuzz+diag	20068	0	119.6
1790478007	churn	20071	0	0.6
1790478007	churn_hdr	20071	0	0.6
1790478008	index_grow	20071	0	8.5
1790477978	dormant_flush	20070	0	43.8
1790478021	thread_storm	20071	0	0.7
1790478022	stw_mt	20072	0	1.7
1790478024	stw_mt+diag	20072	0	1.8
1790478026	stw_mt+diag	20072	0	1.7
1790478027	stw_mt_hdr_tlab	20072	0	2.1
1790478029	stw_mt_hdr_tlab_nursery	20072	0	3.3
1790477925	pattern_fuzz+diag	20069	0	122.2
1790478047	churn	20072	0	0.6
1790478047	churn_hdr	20072	0	0.6
1790478016	dormant_flush	20071	0	40.8
1790478048	index_grow	20072	0	9.0
1790478057	thread_storm	20072	0	0.8
1790478058	stw_mt	20073	0	1.9
1790478060	stw_mt+diag	20073	0	1.8
1790478062	stw_mt+diag	20073	0	1.8
1790478063	stw_mt_hdr_tlab	20073	0	2.1
1790478065	stw_mt_hdr_tlab_nursery	20073	0	3.4
1790477961	pattern_fuzz+diag	20070	0	121.9
1790478082	churn	20073	0	0.6
1790478083	churn_hdr	20073	0	0.6
1790478084	index_grow	20073	0	8.7
1790478057	dormant_flush	20072	0	42.9
1790478100	thread_storm	20073	0	0.8
1790478101	stw_mt	20074	0	1.7
1790478102	stw_mt+diag	20074	0	1.7
1790478104	stw_mt+diag	20074	0	1.8
1790478106	stw_mt_hdr_tlab	20074	0	2.2
1790478108	stw_mt_hdr_tlab_nursery	20074	0	3.5
1790478001	pattern_fuzz+diag	20071	0	120.7
1790478121	churn	20074	0	0.6
1790478122	churn_hdr	20074	0	0.6
1790478122	index_grow	20074	0	9.0
1790478092	dormant_flush	20073	0	52.3
1790478145	thread_storm	20074	0	0.7
1790478145	stw_mt	20075	0	1.8
1790478147	stw_mt+diag	20075	0	1.8
1790478149	stw_mt+diag	20075	0	1.8
1790478151	stw_mt_hdr_tlab	20075	0	2.3
1790478033	pattern_fuzz+diag	20072	0	120.2
1790478153	stw_mt_hdr_tlab_nursery	20075	0	3.4
1790478156	churn	20075	0	0.6
1790478157	churn_hdr	20075	0	0.6
1790478158	index_grow	20075	0	9.6
1790478131	dormant_flush	20074	0	47.3
1790478179	thread_storm	20075	0	0.7
1790478179	stw_mt	20076	0	1.8
1790478181	stw_mt+diag	20076	0	1.8
1790478183	stw_mt+diag	20076	0	1.8
1790478185	stw_mt_hdr_tlab	20076	0	2.2
1790478069	pattern_fuzz+diag	20073	0	121.0
1790478187	stw_mt_hdr_tlab_nursery	20076	0	3.4
1790478190	churn	20076	0	0.7
1790478191	churn_hdr	20076	0	0.6
1790478192	index_grow	20076	0	9.3
1790478167	dormant_flush	20075	0	47.4
1790478214	thread_storm	20076	0	0.8
1790478215	stw_mt	20077	0	1.7
1790478217	stw_mt+diag	20077	0	1.8
1790478219	stw_mt+diag	20077	0	1.8
1790478221	stw_mt_hdr_tlab	20077	0	2.2
1790478223	stw_mt_hdr_tlab_nursery	20077	0	3.2
1790478112	pattern_fuzz+diag	20074	0	123.6
1790478235	churn	20077	0	0.6
1790478236	churn_hdr	20077	0	0.6
1790478201	dormant_flush	20076	0	44.8
1790478236	index_grow	20077	0	9.6
1790478246	thread_storm	20077	0	0.7
1790478247	stw_mt	20078	0	1.8
1790478248	stw_mt+diag	20078	0	1.8
1790478250	stw_mt+diag	20078	0	1.8
1790478252	stw_mt_hdr_tlab	20078	0	2.2
1790478254	stw_mt_hdr_tlab_nursery	20078	0	3.2
1790478153	pattern_fuzz+diag	20075	0	121.4
1790478274	churn	20078	0	0.6
1790478275	churn_hdr	20078	0	0.6
1790478275	index_grow	20078	0	8.5
1790478246	dormant_flush	20077	0	42.8
1790478289	thread_storm	20078	0	0.8
1790478289	stw_mt	20079	0	1.8
1790478291	stw_mt+diag	20079	0	1.7
1790478293	stw_mt+diag	20079	0	1.8
1790478295	stw_mt_hdr_tlab	20079	0	2.1
1790478297	stw_mt_hdr_tlab_nursery	20079	0	3.3
1790478190	pattern_fuzz+diag	20076	0	120.1
1790478310	churn	20079	0	0.6
1790478310	churn_hdr	20079	0	0.6
1790478311	index_grow	20079	0	9.2
1790478284	dormant_flush	20078	0	42.7
1790478327	thread_storm	20079	0	0.7
1790478327	stw_mt	20080	0	1.7
1790478329	stw_mt+diag	20080	0	1.7
1790478331	stw_mt+diag	20080	0	1.7
1790478333	stw_mt_hdr_tlab	20080	0	2.4
1790478335	stw_mt_hdr_tlab_nursery	20080	0	3.3
1790478226	pattern_fuzz+diag	20077	0	120.1
1790478346	churn	20080	0	0.6
1790478347	churn_hdr	20080	0	0.6
1790478347	index_grow	20080	0	8.5
1790478320	dormant_flush	20079	0	45.8
1790478366	thread_storm	20080	0	0.7
1790478367	stw_mt	20081	0	1.8
1790478369	stw_mt+diag	20081	0	1.7
1790478370	stw_mt+diag	20081	0	1.7
1790478372	stw_mt_hdr_tlab	20081	0	2.2
1790478374	stw_mt_hdr_tlab_nursery	20081	0	3.2
1790478257	pattern_fuzz+diag	20078	0	122.0
1790478379	churn	20081	0	0.6
1790478380	churn_hdr	20081	0	0.6
1790478381	index_grow	20081	0	9.6
1790478356	dormant_flush	20080	0	42.2
1790478398	thread_storm	20081	0	0.7
1790478399	stw_mt	20082	0	1.8
1790478401	stw_mt+diag	20082	0	1.8
1790478402	stw_mt+diag	20082	0	1.8
1790478404	stw_mt_hdr_tlab	20082	0	2.3
1790478406	stw_mt_hdr_tlab_nursery	20082	0	3.4
1790478300	pattern_fuzz+diag	20079	0	121.1
1790478421	churn	20082	0	0.6
1790478422	churn_hdr	20082	0	0.6
1790478422	index_grow	20082	0	9.3
1790478390	dormant_flush	20081	0	57.5
1790478448	thread_storm	20082	0	0.7
1790478448	stw_mt	20083	0	1.8
1790478450	stw_mt+diag	20083	0	1.7
1790478452	stw_mt+diag	20083	0	1.7
1790478454	stw_mt_hdr_tlab	20083	0	2.1
1790478456	stw_mt_hdr_tlab_nursery	20083	0	3.3
1790478338	pattern_fuzz+diag	20080	0	122.1
1790478460	churn	20083	0	0.7
1790478461	churn_hdr	20083	0	0.6
1790478462	index_grow	20083	0	8.0
1790478432	dormant_flush	20082	0	48.9
1790478481	thread_storm	20083	0	0.7
1790478481	stw_mt	20084	0	1.8
1790478483	stw_mt+diag	20084	0	1.8
1790478485	stw_mt+diag	20084	0	1.8
1790478487	stw_mt_hdr_tlab	20084	0	2.2
1790478489	stw_mt_hdr_tlab_nursery	20084	0	3.4
1790478377	pattern_fuzz+diag	20081	0	120.7
1790478498	churn	20084	0	0.6
1790478499	churn_hdr	20084	0	0.6
1790478499	index_grow	20084	0	9.0
1790478470	dormant_flush	20083	0	47.7
1790478517	thread_storm	20084	0	0.7
1790478518	stw_mt	20085	0	1.8
1790478520	stw_mt+diag	20085	0	1.8
1790478522	stw_mt+diag	20085	0	1.8
1790478523	stw_mt_hdr_tlab	20085	0	2.3
1790478526	stw_mt_hdr_tlab_nursery	20085	0	3.4
1790478410	pattern_fuzz+diag	20082	0	120.8
1790478531	churn	20085	0	0.6
1790478531	churn_hdr	20085	0	0.6
1790478532	index_grow	20085	0	9.4
1790478508	dormant_flush	20084	0	50.2
1790478558	thread_storm	20085	0	0.7
1790478559	stw_mt	20086	0	1.8
1790478561	stw_mt+diag	20086	0	1.7
1790478563	stw_mt+diag	20086	0	1.8
1790478564	stw_mt_hdr_tlab	20086	0	2.2
1790478567	stw_mt_hdr_tlab_nursery	20086	0	3.5
1790478459	pattern_fuzz+diag	20083	0	121.4
1790478580	churn	20086	0	0.6
1790478581	churn_hdr	20086	0	0.6
1790478541	dormant_flush	20085	0	47.0
1790478582	index_grow	20086	0	9.0
1790478591	thread_storm	20086	0	0.7
1790478591	stw_mt	20087	0	1.7
1790478593	stw_mt+diag	20087	0	1.7
1790478595	stw_mt+diag	20087	0	1.8
1790478597	stw_mt_hdr_tlab	20087	0	2.1
1790478599	stw_mt_hdr_tlab_nursery	20087	0	3.2
1790478492	pattern_fuzz+diag	20084	0	120.4
1790478613	churn	20087	0	0.6
1790478613	churn_hdr	20087	0	0.6
1790478614	index_grow	20087	0	8.7
1790478588	dormant_flush	20086	0	43.8
1790478632	thread_storm	20087	0	0.7
1790478633	stw_mt	20088	0	1.8
1790478634	stw_mt+diag	20088	0	1.8
1790478636	stw_mt+diag	20088	0	1.7
1790478638	stw_mt_hdr_tlab	20088	0	2.1
1790478640	stw_mt_hdr_tlab_nursery	20088	0	3.4
1790478529	pattern_fuzz+diag	20085	0	120.5
1790478650	churn	20088	0	0.6
1790478650	churn_hdr	20088	0	0.6
1790478651	index_grow	20088	0	9.3
1790478623	dormant_flush	20087	0	44.7
1790478667	thread_storm	20088	0	0.7
1790478668	stw_mt	20089	0	1.8
1790478670	stw_mt+diag	20089	0	1.8
1790478672	stw_mt+diag	20089	0	1.8
1790478674	stw_mt_hdr_tlab	20089	0	2.3
1790478676	stw_mt_hdr_tlab_nursery	20089	0	3.3
1790478570	pattern_fuzz+diag	20086	0	120.6
1790478691	churn	20089	0	0.6
1790478691	churn_hdr	20089	0	0.6
1790478692	index_grow	20089	0	8.8
1790478660	dormant_flush	20088	0	42.6
1790478703	thread_storm	20089	0	0.7
1790478704	stw_mt	20090	0	1.8
1790478705	stw_mt+diag	20090	0	1.8
1790478707	stw_mt+diag	20090	0	1.9
1790478709	stw_mt_hdr_tlab	20090	0	2.2
1790478711	stw_mt_hdr_tlab_nursery	20090	0	3.4
1790478602	pattern_fuzz+diag	20087	0	120.8
1790478723	churn	20090	0	0.6
1790478723	churn_hdr	20090	0	0.6
1790478724	index_grow	20090	0	8.7
1790478701	dormant_flush	20089	0	41.9
1790478743	thread_storm	20090	0	0.7
1790478743	stw_mt	20091	0	1.8
1790478745	stw_mt+diag	20091	0	1.8
1790478747	stw_mt+diag	20091	0	1.7
1790478749	stw_mt_hdr_tlab	20091	0	2.2
1790478751	stw_mt_hdr_tlab_nursery	20091	0	3.3
1790478643	pattern_fuzz+diag	20088	0	120.5
1790478764	churn	20091	0	0.6
1790478764	churn_hdr	20091	0	0.6
1790478765	index_grow	20091	0	9.4
1790478733	dormant_flush	20090	0	45.1
1790478778	thread_storm	20091	0	0.7
1790478779	stw_mt	20092	0	1.8
1790478780	stw_mt+diag	20092	0	1.8
1790478782	stw_mt+diag	20092	0	1.8
1790478784	stw_mt_hdr_tlab	20092	0	2.1
1790478786	stw_mt_hdr_tlab_nursery	20092	0	3.2
1790478679	pattern_fuzz+diag	20089	0	121.2
1790478800	churn	20092	0	0.6
1790478801	churn_hdr	20092	0	0.6
1790478801	index_grow	20092	0	9.2
1790478774	dormant_flush	20091	0	43.7
1790478818	thread_storm	20092	0	0.7
1790478819	stw_mt	20093	0	1.7
1790478821	stw_mt+diag	20093	0	1.8
1790478822	stw_mt+diag	20093	0	1.8
1790478824	stw_mt_hdr_tlab	20093	0	2.2
1790478826	stw_mt_hdr_tlab_nursery	20093	0	3.3
1790478715	pattern_fuzz+diag	20090	0	120.2
1790478835	churn	20093	0	0.6
1790478835	churn_hdr	20093	0	0.6
1790478836	index_grow	20093	0	9.7
1790478811	dormant_flush	20092	0	50.9
1790478862	thread_storm	20093	0	0.7
1790478862	stw_mt	20094	0	1.8
1790478864	stw_mt+diag	20094	0	1.7
1790478866	stw_mt+diag	20094	0	1.7
1790478867	stw_mt_hdr_tlab	20094	0	2.2
1790478870	stw_mt_hdr_tlab_nursery	20094	0	3.3
1790478754	pattern_fuzz+diag	20091	0	122.9
1790478877	churn	20094	0	0.6
1790478878	churn_hdr	20094	0	0.6
1790478878	index_grow	20094	0	9.3
1790478846	dormant_flush	20093	0	43.8
1790478889	thread_storm	20094	0	0.7
1790478890	stw_mt	20095	0	1.7
1790478892	stw_mt+diag	20095	0	1.8
1790478894	stw_mt+diag	20095	0	1.7
1790478895	stw_mt_hdr_tlab	20095	0	2.3
1790478898	stw_mt_hdr_tlab_nursery	20095	0	3.4
1790478789	pattern_fuzz+diag	20092	0	121.1
1790478910	churn	20095	0	0.6
1790478911	churn_hdr	20095	0	0.6
1790478911	index_grow	20095	0	9.3
1790478888	dormant_flush	20094	0	47.5
1790478935	thread_storm	20095	0	0.8
1790478936	stw_mt	20096	0	1.7
1790478938	stw_mt+diag	20096	0	1.8
1790478939	stw_mt+diag	20096	0	1.8
1790478941	stw_mt_hdr_tlab	20096	0	2.2
1790478943	stw_mt_hdr_tlab_nursery	20096	0	3.2
1790478830	pattern_fuzz+diag	20093	0	123.7
1790478953	churn	20096	0	0.6
1790478954	churn_hdr	20096	0	0.6
1790478955	index_grow	20096	0	9.6
1790478921	dormant_flush	20095	0	48.6
1790478969	thread_storm	20096	0	0.7
1790478970	stw_mt	20097	0	1.7
1790478972	stw_mt+diag	20097	0	1.8
1790478974	stw_mt+diag	20097	0	1.8
1790478975	stw_mt_hdr_tlab	20097	0	2.2
1790478978	stw_mt_hdr_tlab_nursery	20097	0	3.4
1790478873	pattern_fuzz+diag	20094	0	121.2
1790478994	churn	20097	0	0.6
1790478995	churn_hdr	20097	0	0.6
1790478995	index_grow	20097	0	8.8
1790478964	dormant_flush	20096	0	45.2
1790479009	thread_storm	20097	0	0.7
1790479010	stw_mt	20098	0	1.7
1790479012	stw_mt+diag	20098	0	1.8
1790479014	stw_mt+diag	20098	0	1.8
1790479015	stw_mt_hdr_tlab	20098	0	2.2
1790479018	stw_mt_hdr_tlab_nursery	20098	0	3.3
1790478901	pattern_fuzz+diag	20095	0	121.2
1790479022	churn	20098	0	0.6
1790479023	churn_hdr	20098	0	0.6
1790479024	index_grow	20098	0	8.7
1790479004	dormant_flush	20097	0	45.7
1790479050	thread_storm	20098	0	0.7
1790479051	stw_mt	20099	0	1.8
1790479052	stw_mt+diag	20099	0	1.8
1790479054	stw_mt+diag	20099	0	1.7
1790479056	stw_mt_hdr_tlab	20099	0	2.2
1790479058	stw_mt_hdr_tlab_nursery	20099	0	3.3
1790478947	pattern_fuzz+diag	20096	0	121.1
1790479068	churn	20099	0	0.6
1790479068	churn_hdr	20099	0	0.6
1790479032	dormant_flush	20098	0	45.0
1790479069	index_grow	20099	0	9.1
1790479078	thread_storm	20099	0	0.7
1790479079	stw_mt	20100	0	1.7
1790479080	stw_mt+diag	20100	0	1.8
1790479082	stw_mt+diag	20100	0	1.7
1790479084	stw_mt_hdr_tlab	20100	0	2.2
1790479086	stw_mt_hdr_tlab_nursery	20100	0	3.4
1790478981	pattern_fuzz+diag	20097	0	120.8
1790479102	churn	20100	0	0.6
1790479102	churn_hdr	20100	0	0.6
1790479103	index_grow	20100	0	8.4
1790479077	dormant_flush	20099	0	43.5
1790479121	thread_storm	20100	0	0.7
1790479122	stw_mt	20101	0	1.8
1790479123	stw_mt+diag	20101	0	1.8
1790479125	stw_mt+diag	20101	0	1.8
1790479127	stw_mt_hdr_tlab	20101	0	2.4
1790479129	stw_mt_hdr_tlab_nursery	20101	0	3.3
1790479021	pattern_fuzz+diag	20098	0	122.2
1790479143	churn	20101	0	0.6
1790479144	churn_hdr	20101	0	0.6
1790479144	index_grow	20101	0	8.0
1790479111	dormant_flush	20100	0	42.9
1790479154	thread_storm	20101	0	0.7
1790479155	stw_mt	20102	0	1.8
1790479157	stw_mt+diag	20102	0	1.7
1790479158	stw_mt+diag	20102	0	1.8
1790479160	stw_mt_hdr_tlab	20102	0	2.4
1790479163	stw_mt_hdr_tlab_nursery	20102	0	3.2
1790479061	pattern_fuzz+diag	20099	0	120.8
1790479182	churn	20102	0	0.6
1790479183	churn_hdr	20102	0	0.6
1790479183	index_grow	20102	0	8.8
1790479152	dormant_flush	20101	0	43.0
1790479195	thread_storm	20102	0	0.7
1790479196	stw_mt	20103	0	1.7
1790479198	stw_mt+diag	20103	0	1.8
1790479199	stw_mt+diag	20103	0	1.8
1790479201	stw_mt_hdr_tlab	20103	0	2.2
1790479203	stw_mt_hdr_tlab_nursery	20103	0	3.3
1790479089	pattern_fuzz+diag	20100	0	121.0
1790479210	churn	20103	0	0.6
1790479211	churn_hdr	20103	0	0.6
1790479212	index_grow	20103	0	8.2
1790479192	dormant_flush	20102	0	40.7
1790479233	thread_storm	20103	0	0.7
1790479234	stw_mt	20104	0	1.7
1790479235	stw_mt+diag	20104	0	1.7
1790479237	stw_mt+diag	20104	0	1.8
1790479239	stw_mt_hdr_tlab	20104	0	2.1
1790479241	stw_mt_hdr_tlab_nursery	20104	0	3.5
1790479133	pattern_fuzz+diag	20101	0	122.2
1790479255	churn	20104	0	0.6
1790479255	churn_hdr	20104	0	0.6
1790479220	dormant_flush	20103	0	44.1
1790479256	index_grow	20104	0	9.0
1790479265	thread_storm	20104	0	0.7
1790479266	stw_mt	20105	0	1.8
1790479267	stw_mt+diag	20105	0	1.8
1790479269	stw_mt+diag	20105	0	1.8
1790479271	stw_mt_hdr_tlab	20105	0	2.4
1790479273	stw_mt_hdr_tlab_nursery	20105	0	3.3
1790479166	pattern_fuzz+diag	20102	0	119.9
1790479286	churn	20105	0	0.6
1790479286	churn_hdr	20105	0	0.6
1790479287	index_grow	20105	0	8.8
1790479264	dormant_flush	20104	0	41.5
1790479305	thread_storm	20105	0	0.7
1790479306	stw_mt	20106	0	1.7
1790479308	stw_mt+diag	20106	0	1.8
1790479310	stw_mt+diag	20106	0	1.8
1790479311	stw_mt_hdr_tlab	20106	0	2.3
1790479314	stw_mt_hdr_tlab_nursery	20106	0	3.4
1790479207	pattern_fuzz+diag	20103	0	122.3
1790479329	churn	20106	0	0.6
1790479330	churn_hdr	20106	0	0.6
1790479296	dormant_flush	20105	0	41.0
1790479330	index_grow	20106	0	9.2
1790479339	thread_storm	20106	0	0.7
1790479340	stw_mt	20107	0	1.9
1790479342	stw_mt+diag	20107	0	1.8
1790479344	stw_mt+diag	20107	0	1.7
1790479345	stw_mt_hdr_tlab	20107	0	2.1
1790479348	stw_mt_hdr_tlab_nursery	20107	0	3.3
1790479244	pattern_fuzz+diag	20104	0	121.2
1790479366	churn	20107	0	0.6
1790479366	churn_hdr	20107	0	0.6
1790479367	index_grow	20107	0	8.1
1790479337	dormant_flush	20106	0	38.7
1790479375	thread_storm	20107	0	0.7
1790479376	stw_mt	20108	0	1.8
1790479378	stw_mt+diag	20108	0	1.8
1790479380	stw_mt+diag	20108	0	1.7
1790479381	stw_mt_hdr_tlab	20108	0	2.2
1790479383	stw_mt_hdr_tlab_nursery	20108	0	3.3
1790479277	pattern_fuzz+diag	20105	0	121.4
1790479398	churn	20108	0	0.6
1790479399	churn_hdr	20108	0	0.6
1790479399	index_grow	20108	0	9.0
1790479375	dormant_flush	20107	0	43.1
1790479418	thread_storm	20108	0	0.7
1790479419	stw_mt	20109	0	1.8
1790479420	stw_mt+diag	20109	0	1.7
1790479422	stw_mt+diag	20109	0	1.8
1790479424	stw_mt_hdr_tlab	20109	0	2.1
1790479426	stw_mt_hdr_tlab_nursery	20109	0	3.1
1790479317	pattern_fuzz+diag	20106	0	121.8
1790479439	churn	20109	0	0.6
1790479439	churn_hdr	20109	0	0.6
1790479440	index_grow	20109	0	9.2
1790479408	dormant_flush	20108	0	47.3
1790479456	thread_storm	20109	0	0.7
1790479456	stw_mt	20110	0	1.7
1790479458	stw_mt+diag	20110	0	1.8
1790479460	stw_mt+diag	20110	0	1.8
1790479462	stw_mt_hdr_tlab	20110	0	2.1
1790479464	stw_mt_hdr_tlab_nursery	20110	0	3.3
1790479351	pattern_fuzz+diag	20107	0	121.7
1790479473	churn	20110	0	0.6
1790479473	churn_hdr	20110	0	0.6
1790479474	index_grow	20110	0	9.4
1790479449	dormant_flush	20109	0	41.8
1790479491	thread_storm	20110	0	0.7
1790479492	stw_mt	20111	0	1.8
1790479494	stw_mt+diag	20111	0	1.8
1790479495	stw_mt+diag	20111	0	1.7
1790479497	stw_mt_hdr_tlab	20111	0	2.3
1790479499	stw_mt_hdr_tlab_nursery	20111	0	3.5
1790479387	pattern_fuzz+diag	20108	0	120.7
1790479507	churn	20111	0	0.6
1790479508	churn_hdr	20111	0	0.6
1790479509	index_grow	20111	0	8.3
1790479483	dormant_flush	20110	0	48.2
1790479531	thread_storm	20111	0	0.7
1790479532	stw_mt	20112	0	1.8
1790479534	stw_mt+diag	20112	0	1.7
1790479536	stw_mt+diag	20112	0	1.7
1790479537	stw_mt_hdr_tlab	20112	0	2.1
1790479539	stw_mt_hdr_tlab_nursery	20112	0	3.4
1790479429	pattern_fuzz+diag	20109	0	120.9
1790479550	churn	20112	0	0.6
1790479551	churn_hdr	20112	0	0.6
1790479551	index_grow	20112	0	8.2
1790479517	dormant_flush	20111	0	49.6
1790479567	thread_storm	20112	0	0.7
1790479567	stw_mt	20113	0	1.7
1790479569	stw_mt+diag	20113	0	1.7
1790479571	stw_mt+diag	20113	0	1.8
1790479573	stw_mt_hdr_tlab	20113	0	2.1
1790479575	stw_mt_hdr_tlab_nursery	20113	0	3.4
1790479467	pattern_fuzz+diag	20110	0	121.1
1790479588	churn	20113	0	0.6
1790479589	churn_hdr	20113	0	0.7
1790479590	index_grow	20113	0	8.9
1790479560	dormant_flush	20112	0	42.0
1790479602	thread_storm	20113	0	0.7
1790479602	stw_mt	20114	0	1.8
1790479604	stw_mt+diag	20114	0	1.8
1790479606	stw_mt+diag	20114	0	1.7
1790479608	stw_mt_hdr_tlab	20114	0	2.2
1790479610	stw_mt_hdr_tlab_nursery	20114	0	3.3
1790479503	pattern_fuzz+diag	20111	0	123.2
1790479626	churn	20114	0	0.6
1790479627	churn_hdr	20114	0	0.6
1790479627	index_grow	20114	0	8.6
1790479598	dormant_flush	20113	0	44.3
1790479643	thread_storm	20114	0	0.7
1790479643	stw_mt	20115	0	1.8
1790479645	stw_mt+diag	20115	0	1.8
1790479647	stw_mt+diag	20115	0	1.8
1790479649	stw_mt_hdr_tlab	20115	0	2.1
1790479651	stw_mt_hdr_tlab_nursery	20115	0	3.5
1790479543	pattern_fuzz+diag	20112	0	121.9
1790479665	churn	20115	0	0.6
1790479665	churn_hdr	20115	0	0.6
1790479666	index_grow	20115	0	9.7
1790479636	dormant_flush	20114	0	41.0
1790479677	thread_storm	20115	0	0.7
1790479678	stw_mt	20116	0	2.4
1790479680	stw_mt+diag	20116	0	2.1
1790479682	stw_mt+diag	20116	0	1.8
1790479684	stw_mt_hdr_tlab	20116	0	2.2
1790479686	stw_mt_hdr_tlab_nursery	20116	0	3.4
1790479578	pattern_fuzz+diag	20113	0	120.8
1790479699	churn	20116	0	0.6
1790479699	churn_hdr	20116	0	0.6
1790479700	index_grow	20116	0	8.6
1790479676	dormant_flush	20115	0	43.9
1790479720	thread_storm	20116	0	0.7
1790479720	stw_mt	20117	0	1.8
1790479722	stw_mt+diag	20117	0	1.7
1790479724	stw_mt+diag	20117	0	1.8
1790479726	stw_mt_hdr_tlab	20117	0	2.3
1790479728	stw_mt_hdr_tlab_nursery	20117	0	3.3
1790479613	pattern_fuzz+diag	20114	0	121.1
1790479734	churn	20117	0	0.7
1790479735	churn_hdr	20117	0	0.6
1790479735	index_grow	20117	0	9.1
1790479709	dormant_flush	20116	0	39.6
1790479748	thread_storm	20117	0	0.8
1790479749	stw_mt	20118	0	1.7
1790479751	stw_mt+diag	20118	0	1.8
1790479752	stw_mt+diag	20118	0	1.8
1790479754	stw_mt_hdr_tlab	20118	0	2.2
1790479654	pattern_fuzz+diag	20115	0	120.6
1790479744	dormant_flush	20117	0	46.3
1790479791	churn	20118	0	0.6
1790479791	churn_hdr	20118	0	0.6
1790479792	index_grow	20118	0	9.3
1790479689	pattern_fuzz+diag	20116	0	120.2
1790479810	thread_storm	20118	0	0.8
1790479810	stw_mt	20119	0	2.4
1790479813	stw_mt+diag	20119	0	2.2
1790479815	stw_mt+diag	20119	0	2.4
1790479817	stw_mt_hdr_tlab	20119	0	2.5
1790479820	stw_mt_hdr_tlab_nursery	20119	0	3.5
1790479801	dormant_flush	20118	0	45.9
1790479847	churn	20119	0	0.6
1790479848	churn_hdr	20119	0	0.6
1790479731	pattern_fuzz+diag	20117	0	118.4
1790479848	index_grow	20119	0	5.9
1790479854	thread_storm	20119	0	0.8
1790479855	stw_mt	20120	0	2.0
1790479857	stw_mt+diag	20120	0	2.2
1790479859	stw_mt+diag	20120	0	2.2
1790479861	stw_mt_hdr_tlab	20120	0	2.3
1790479864	stw_mt_hdr_tlab_nursery	20120	0	3.8
1790479850	dormant_flush	20119	0	44.7
1790479894	churn	20120	0	0.6
1790479895	churn_hdr	20120	0	0.6
1790479775	pattern_fuzz+diag	20118	0	120.9
1790479895	index_grow	20120	0	7.4
1790479903	thread_storm	20120	0	0.7
1790479904	stw_mt	20121	0	2.2
1790479906	stw_mt+diag	20121	0	2.3
1790479908	stw_mt+diag	20121	0	2.3
1790479910	stw_mt_hdr_tlab	20121	0	2.3
1790479913	stw_mt_hdr_tlab_nursery	20121	0	3.8
1790479823	pattern_fuzz+diag	20119	0	118.3
1790479942	churn	20121	0	0.6
1790479942	churn_hdr	20121	0	0.6
1790479896	dormant_flush	20120	0	50.0
1790479943	index_grow	20121	0	7.1
1790479950	thread_storm	20121	0	0.8
1790479951	stw_mt	20122	0	2.4
1790479953	stw_mt+diag	20122	0	2.0
1790479955	stw_mt+diag	20122	0	2.3
1790479957	stw_mt_hdr_tlab	20122	0	2.6
1790479960	stw_mt_hdr_tlab_nursery	20122	0	3.8
1790479868	pattern_fuzz+diag	20120	0	120.6
1790479988	churn	20122	0	0.6
1790479989	churn_hdr	20122	0	0.7
1790479946	dormant_flush	20121	0	47.2
1790479989	index_grow	20122	0	6.5
1790479996	thread_storm	20122	0	0.8
1790479997	stw_mt	20123	0	2.3
1790479999	stw_mt+diag	20123	0	2.1
1790480001	stw_mt+diag	20123	0	2.2
1790480003	stw_mt_hdr_tlab	20123	0	2.4
1790480006	stw_mt_hdr_tlab_nursery	20123	0	3.8
1790479993	dormant_flush	20122	0	41.9
1790480035	churn	20123	0	0.6
1790480036	churn_hdr	20123	0	0.6
1790479917	pattern_fuzz+diag	20121	0	119.7
1790480036	index_grow	20123	0	6.9
1790480043	thread_storm	20123	0	0.7
1790480044	stw_mt	20124	0	2.2
1790480046	stw_mt+diag	20124	0	2.3
1790480048	stw_mt+diag	20124	0	2.2
1790480051	stw_mt_hdr_tlab	20124	0	2.4
1790479756	stw_mt_hdr_tlab_nursery	20118	TIMEOUT	300.2
1790480053	stw_mt_hdr_tlab_nursery	20124	0	3.9
1790480057	churn	20124	0	0.6
1790480057	churn_hdr	20124	0	0.6
1790480058	index_grow	20124	0	9.3
1790479964	pattern_fuzz+diag	20122	0	121.1
1790480036	dormant_flush	20123	0	48.7
1790480085	thread_storm	20124	0	0.7
1790480085	stw_mt	20125	0	2.0
1790480086	stw_mt+diag	20125	0	2.0
1790480087	stw_mt+diag	20125	0	1.9
1790480088	stw_mt_hdr_tlab	20125	0	2.4
1790480089	stw_mt_hdr_tlab_nursery	20125	0	3.7
1790480093	churn	20125	0	0.6
1790480093	churn_hdr	20125	0	0.6
1790480094	index_grow	20125	0	7.0
1790480067	dormant_flush	20124	0	43.0
1790480110	thread_storm	20125	0	0.8
1790480111	stw_mt	20126	0	2.6
1790480114	stw_mt+diag	20126	0	2.4
1790480116	stw_mt+diag	20126	0	2.1
1790480118	stw_mt_hdr_tlab	20126	0	2.1
1790480120	stw_mt_hdr_tlab_nursery	20126	0	3.5
1790480009	pattern_fuzz+diag	20123	0	123.8
1790480133	churn	20126	0	0.6
1790480134	churn_hdr	20126	0	0.6
1790480134	index_grow	20126	0	7.9
1790480101	dormant_flush	20125	0	44.8
1790480146	thread_storm	20126	0	0.7
1790480146	stw_mt	20127	0	1.7
1790480148	stw_mt+diag	20127	0	1.8
1790480150	stw_mt+diag	20127	0	1.7
1790480152	stw_mt_hdr_tlab	20127	0	2.3
1790480154	stw_mt_hdr_tlab_nursery	20127	0	3.3
1790480057	pattern_fuzz+diag	20124	0	123.0
1790480180	churn	20127	0	0.6
1790480180	churn_hdr	20127	0	0.6
1790480142	dormant_flush	20126	0	41.5
1790480181	index_grow	20127	0	7.0
1790480188	thread_storm	20127	0	0.8
1790480189	stw_mt	20128	0	2.2
1790480191	stw_mt+diag	20128	0	2.4
1790480193	stw_mt+diag	20128	0	2.4
1790480196	stw_mt_hdr_tlab	20128	0	2.6
1790480198	stw_mt_hdr_tlab_nursery	20128	0	3.4
1790480090	pattern_fuzz+diag	20125	0	122.3
1790480212	churn	20128	0	0.6
1790480213	churn_hdr	20128	0	0.6
1790480214	index_grow	20128	0	9.2
1790480184	dormant_flush	20127	0	43.0
1790480227	thread_storm	20128	0	0.8
1790480228	stw_mt	20129	0	2.2
1790480230	stw_mt+diag	20129	0	1.7
1790480232	stw_mt+diag	20129	0	1.8
1790480233	stw_mt_hdr_tlab	20129	0	2.2
1790480236	stw_mt_hdr_tlab_nursery	20129	0	3.3
1790480124	pattern_fuzz+diag	20126	0	121.5
1790480245	churn	20129	0	0.6
1790480246	churn_hdr	20129	0	0.6
1790480246	index_grow	20129	0	8.7
1790480223	dormant_flush	20128	0	42.5
1790480265	thread_storm	20129	0	0.7
1790480266	stw_mt	20130	0	1.8
1790480268	stw_mt+diag	20130	0	1.8
1790480270	stw_mt+diag	20130	0	1.7
1790480271	stw_mt_hdr_tlab	20130	0	2.2
1790480273	stw_mt_hdr_tlab_nursery	20130	0	3.3
1790480157	pattern_fuzz+diag	20127	0	123.7
1790480281	churn	20130	0	0.7
1790480281	churn_hdr	20130	0	0.7
1790480282	index_grow	20130	0	4.3
1790480255	dormant_flush	20129	0	54.5
1790480310	thread_storm	20130	0	0.8
1790480310	stw_mt	20131	0	2.1
1790480312	stw_mt+diag	20131	0	2.7
1790480315	stw_mt+diag	20131	0	2.5
1790480318	stw_mt_hdr_tlab	20131	0	2.7
1790480320	stw_mt_hdr_tlab_nursery	20131	0	4.0
1790480202	pattern_fuzz+diag	20128	0	124.6
1790480326	churn	20131	0	0.7
1790480327	churn_hdr	20131	0	0.6
1790480328	index_grow	20131	0	6.2
1790480286	dormant_flush	20130	0	61.4
1790480348	thread_storm	20131	0	0.8
1790480349	stw_mt	20132	0	2.4
1790480351	stw_mt+diag	20132	0	1.8
1790480353	stw_mt+diag	20132	0	1.7
1790480354	stw_mt_hdr_tlab	20132	0	2.2
1790480357	stw_mt_hdr_tlab_nursery	20132	0	3.3
1790480239	pattern_fuzz+diag	20129	0	126.0
1790480365	churn	20132	0	0.6
1790480365	churn_hdr	20132	0	0.6
1790480366	index_grow	20132	0	9.3
1790480334	dormant_flush	20131	0	49.2
1790480383	thread_storm	20132	0	0.7
1790480384	stw_mt	20133	0	1.8
1790480386	stw_mt+diag	20133	0	1.8
1790480387	stw_mt+diag	20133	0	1.8
1790480389	stw_mt_hdr_tlab	20133	0	2.0
1790480391	stw_mt_hdr_tlab_nursery	20133	0	3.3
1790480277	pattern_fuzz+diag	20130	0	127.3
1790480404	churn	20133	0	0.6
1790480405	churn_hdr	20133	0	0.6
1790480405	index_grow	20133	0	9.1
1790480375	dormant_flush	20132	0	46.1
1790480421	thread_storm	20133	0	0.7
1790480422	stw_mt	20134	0	1.7
1790480424	stw_mt+diag	20134	0	1.7
1790480426	stw_mt+diag	20134	0	1.8
1790480427	stw_mt_hdr_tlab	20134	0	2.2
1790480430	stw_mt_hdr_tlab_nursery	20134	0	3.3
1790480324	pattern_fuzz+diag	20131	0	123.6
1790480448	churn	20134	0	0.6
1790480449	churn_hdr	20134	0	0.6
1790480449	index_grow	20134	0	9.6
1790480414	dormant_flush	20133	0	46.2
1790480460	thread_storm	20134	0	0.7
1790480461	stw_mt	20135	0	1.8
1790480463	stw_mt+diag	20135	0	1.8
1790480465	stw_mt+diag	20135	0	1.7
1790480467	stw_mt_hdr_tlab	20135	0	2.2
1790480469	stw_mt_hdr_tlab_nursery	20135	0	3.5
1790480360	pattern_fuzz+diag	20132	0	122.0
1790480482	churn	20135	0	0.6
1790480483	churn_hdr	20135	0	0.6
1790480483	index_grow	20135	0	9.9
1790480459	dormant_flush	20134	0	42.7
1790480501	thread_storm	20135	0	0.7
1790480395	pattern_fuzz+diag	20133	0	123.1
1790480518	stw_mt+diag	20136	0	2.5
1790480520	stw_mt+diag	20136	0	2.6
1790480523	stw_mt_hdr_tlab	20136	0	2.6
1790480525	stw_mt_hdr_tlab_nursery	20136	0	3.9
1790480493	dormant_flush	20135	0	55.8
1790480549	churn	20136	0	0.6
1790480549	churn_hdr	20136	0	0.6
1790480433	pattern_fuzz+diag	20134	0	120.1
1790480550	index_grow	20136	0	6.7
1790480557	thread_storm	20136	0	0.8
1790480558	stw_mt	20137	0	2.1
1790480560	stw_mt+diag	20137	0	2.5
1790480562	stw_mt+diag	20137	0	2.3
1790480564	stw_mt_hdr_tlab	20137	0	2.5
1790480567	stw_mt_hdr_tlab_nursery	20137	0	3.6
1790480472	pattern_fuzz+diag	20135	0	120.0
1790480592	churn	20137	0	0.6
1790480593	churn_hdr	20137	0	0.6
1790480593	index_grow	20137	0	6.7
1790480553	dormant_flush	20136	0	47.2
1790480600	thread_storm	20137	0	0.8
1790480601	stw_mt	20138	0	2.6
1790480604	stw_mt+diag	20138	0	2.5
1790480606	stw_mt+diag	20138	0	2.1
1790480608	stw_mt_hdr_tlab	20138	0	2.7
1790480611	stw_mt_hdr_tlab_nursery	20138	0	3.8
1790480600	dormant_flush	20137	0	48.1
1790480648	churn	20138	0	0.6
1790480649	churn_hdr	20138	0	0.6
1790480529	pattern_fuzz+diag	20136	0	122.5
1790480649	index_grow	20138	0	6.4
1790480656	thread_storm	20138	0	0.8
1790480657	stw_mt	20139	0	2.2
1790480659	stw_mt+diag	20139	0	2.1
1790480661	stw_mt+diag	20139	0	2.2
1790480663	stw_mt_hdr_tlab	20139	0	2.6
1790480666	stw_mt_hdr_tlab_nursery	20139	0	3.7
1790480571	pattern_fuzz+diag	20137	0	122.8
1790480693	churn	20139	0	0.7
1790480694	churn_hdr	20139	0	0.6
1790480695	index_grow	20139	0	7.3
1790480652	dormant_flush	20138	0	51.3
1790480703	thread_storm	20139	0	0.8
1790480704	stw_mt	20140	0	2.4
1790480706	stw_mt+diag	20140	0	2.4
1790480615	pattern_fuzz+diag	20138	0	121.6
1790480736	stw_mt_hdr_tlab	20140	0	3.2
1790480739	stw_mt_hdr_tlab_nursery	20140	0	4.6
1790480702	dormant_flush	20139	0	64.8
1790480767	churn	20140	0	0.6
1790480767	churn_hdr	20140	0	0.6
1790480768	index_grow	20140	0	9.0
1790480669	pattern_fuzz+diag	20139	0	121.8
1790480791	thread_storm	20140	0	0.8
1790480792	stw_mt	20141	0	2.9
1790480795	stw_mt+diag	20141	0	3.1
1790480798	stw_mt+diag	20141	0	3.4
1790480502	stw_mt	20136	TIMEOUT	300.1
1790480802	stw_mt_hdr_tlab	20141	0	2.7
1790480802	stw_mt_hdr_tlab_nursery	20141	0	3.8
1790480806	churn	20141	0	0.6
1790480807	churn_hdr	20141	0	0.6
1790480807	index_grow	20141	0	8.0
1790480777	dormant_flush	20140	0	63.2
1790480840	thread_storm	20141	0	0.8
1790480841	stw_mt	20142	0	2.3
1790480843	stw_mt+diag	20142	0	2.1
1790480845	stw_mt+diag	20142	0	2.3
1790480847	stw_mt_hdr_tlab	20142	0	2.5
1790480850	stw_mt_hdr_tlab_nursery	20142	0	3.5
1790480744	pattern_fuzz+diag	20140	0	123.6
1790480868	churn	20142	0	0.6
1790480868	churn_hdr	20142	0	0.6
1790480815	dormant_flush	20141	0	55.7
1790480869	index_grow	20142	0	7.4
1790480876	thread_storm	20142	0	0.8
1790480877	stw_mt	20143	0	2.0
1790480879	stw_mt+diag	20143	0	2.3
1790480881	stw_mt+diag	20143	0	2.3
1790480884	stw_mt_hdr_tlab	20143	0	2.4
1790480886	stw_mt_hdr_tlab_nursery	20143	0	3.8
1790480871	dormant_flush	20142	0	46.5
1790480917	churn	20143	0	0.6
1790480918	churn_hdr	20143	0	0.6
1790480804	pattern_fuzz+diag	20141	0	121.8
1790480919	index_grow	20143	0	8.4
1790480927	thread_storm	20143	0	0.8
1790480928	stw_mt	20144	0	2.3
1790480930	stw_mt+diag	20144	0	2.2
1790480932	stw_mt+diag	20144	0	1.9
1790480934	stw_mt_hdr_tlab	20144	0	2.7
1790480937	stw_mt_hdr_tlab_nursery	20144	0	3.9
1790480926	dormant_flush	20143	0	49.7
1790480854	pattern_fuzz+diag	20142	0	122.4
1790480976	churn	20144	0	0.6
1790480976	churn_hdr	20144	0	0.6
1790480976	index_grow	20144	0	5.5
1790480982	thread_storm	20144	0	0.8
1790480983	stw_mt	20145	0	2.1
1790480985	stw_mt+diag	20145	0	2.2
1790480987	stw_mt+diag	20145	0	2.3
1790480989	stw_mt_hdr_tlab	20145	0	2.4
1790480992	stw_mt_hdr_tlab_nursery	20145	0	3.9
1790480708	stw_mt+diag	20140	TIMEOUT	300.2
1790481009	churn	20145	0	0.6
1790481009	churn_hdr	20145	0	0.6
1790480890	pattern_fuzz+diag	20143	0	120.3
1790481010	index_grow	20145	0	3.6
1790481013	thread_storm	20145	0	0.8
1790481014	stw_mt	20146	0	2.7
1790481017	stw_mt+diag	20146	0	2.9
1790481020	stw_mt+diag	20146	0	2.4
1790481022	stw_mt_hdr_tlab	20146	0	2.7
1790480977	dormant_flush	20144	0	50.3
1790481025	stw_mt_hdr_tlab_nursery	20146	0	3.6
1790481028	churn	20146	0	0.6
1790481029	churn_hdr	20146	0	0.6
1790481030	index_grow	20146	0	9.3
1790481010	dormant_flush	20145	0	50.2
1790481060	thread_storm	20146	0	0.7
1790480941	pattern_fuzz+diag	20144	0	121.4
1790481061	stw_mt	20147	0	1.9
1790481062	stw_mt+diag	20147	0	2.1
1790481063	stw_mt+diag	20147	0	2.1
1790481064	stw_mt_hdr_tlab	20147	0	2.5
1790481065	stw_mt_hdr_tlab_nursery	20147	0	3.4
1790481068	churn	20147	0	0.6
1790481069	churn_hdr	20147	0	0.6
1790481070	index_grow	20147	0	9.3
1790481039	dormant_flush	20146	0	46.3
1790481085	thread_storm	20147	0	0.7
1790481086	stw_mt	20148	0	1.8
1790481088	stw_mt+diag	20148	0	1.8
1790481089	stw_mt+diag	20148	0	1.8
1790481091	stw_mt_hdr_tlab	20148	0	2.2
1790481093	stw_mt_hdr_tlab_nursery	20148	0	3.4
1790480996	pattern_fuzz+diag	20145	0	121.6
1790481117	churn	20148	0	0.6
1790481118	churn_hdr	20148	0	0.6
1790481079	dormant_flush	20147	0	40.6
1790481118	index_grow	20148	0	9.2
1790481128	thread_storm	20148	0	0.7
1790481128	stw_mt	20149	0	1.8
1790481130	stw_mt+diag	20149	0	1.7
1790481132	stw_mt+diag	20149	0	1.8
1790481134	stw_mt_hdr_tlab	20149	0	2.1
1790481136	stw_mt_hdr_tlab_nursery	20149	0	3.3
1790481027	pattern_fuzz+diag	20146	0	122.3
1790481149	churn	20149	0	0.6
1790481150	churn_hdr	20149	0	0.6
1790481150	index_grow	20149	0	8.9
1790481120	dormant_flush	20148	0	40.9
1790481160	thread_storm	20149	0	0.7
1790481161	stw_mt	20150	0	1.8
1790481163	stw_mt+diag	20150	0	1.9
1790481165	stw_mt+diag	20150	0	1.8
1790481167	stw_mt_hdr_tlab	20150	0	2.2
1790481169	stw_mt_hdr_tlab_nursery	20150	0	3.5
1790481067	pattern_fuzz+diag	20147	0	123.2
1790481190	churn	20150	0	0.6
1790481190	churn_hdr	20150	0	0.6
1790481191	index_grow	20150	0	8.9
1790481159	dormant_flush	20149	0	40.9
1790481200	thread_storm	20150	0	0.7
1790481201	stw_mt	20151	0	1.8
1790481203	stw_mt+diag	20151	0	1.8
1790481205	stw_mt+diag	20151	0	1.7
1790481206	stw_mt_hdr_tlab	20151	0	2.2
1790481208	stw_mt_hdr_tlab_nursery	20151	0	3.4
1790481097	pattern_fuzz+diag	20148	0	120.0
1790481217	churn	20151	0	0.6
1790481217	churn_hdr	20151	0	0.6
1790481218	index_grow	20151	0	9.0
1790481200	dormant_flush	20150	0	43.2
1790481243	thread_storm	20151	0	0.7
1790481244	stw_mt	20152	0	1.8
1790481246	stw_mt+diag	20152	0	1.7
1790481247	stw_mt+diag	20152	0	1.8
1790481249	stw_mt_hdr_tlab	20152	0	2.1
1790481251	stw_mt_hdr_tlab_nursery	20152	0	3.3
1790481139	pattern_fuzz+diag	20149	0	121.1
1790481260	churn	20152	0	0.6
1790481261	churn_hdr	20152	0	0.7
1790481227	dormant_flush	20151	0	43.1
1790481261	index_grow	20152	0	9.7
1790481271	thread_storm	20152	0	0.7
1790481272	stw_mt	20153	0	1.8
1790481274	stw_mt+diag	20153	0	1.8
1790481275	stw_mt+diag	20153	0	1.8
1790481277	stw_mt_hdr_tlab	20153	0	2.2
1790481279	stw_mt_hdr_tlab_nursery	20153	0	3.4
1790481172	pattern_fuzz+diag	20150	0	121.9
1790481294	churn	20153	0	0.6
1790481295	churn_hdr	20153	0	0.6
1790481295	index_grow	20153	0	9.7
1790481270	dormant_flush	20152	0	41.4
1790481312	thread_storm	20153	0	0.7
1790481312	stw_mt	20154	0	1.7
1790481314	stw_mt+diag	20154	0	1.9
1790481316	stw_mt+diag	20154	0	1.8
1790481318	stw_mt_hdr_tlab	20154	0	2.3
1790481320	stw_mt_hdr_tlab_nursery	20154	0	3.4
1790481212	pattern_fuzz+diag	20151	0	120.4
1790481332	churn	20154	0	0.6
1790481333	churn_hdr	20154	0	0.6
1790481333	index_grow	20154	0	8.3
1790481305	dormant_flush	20153	0	52.2
1790481357	thread_storm	20154	0	0.7
1790481358	stw_mt	20155	0	1.7
1790481360	stw_mt+diag	20155	0	1.8
1790481361	stw_mt+diag	20155	0	1.8
1790481363	stw_mt_hdr_tlab	20155	0	2.3
1790481366	stw_mt_hdr_tlab_nursery	20155	0	3.3
1790481255	pattern_fuzz+diag	20152	0	121.6
1790481376	churn	20155	0	0.6
1790481377	churn_hdr	20155	0	0.6
1790481342	dormant_flush	20154	0	43.0
1790481377	index_grow	20155	0	8.6
1790481386	thread_storm	20155	0	0.7
1790481387	stw_mt	20156	0	1.8
1790481389	stw_mt+diag	20156	0	1.8
1790481390	stw_mt+diag	20156	0	1.8
1790481392	stw_mt_hdr_tlab	20156	0	2.1
1790481394	stw_mt_hdr_tlab_nursery	20156	0	3.3
1790481283	pattern_fuzz+diag	20153	0	120.6
1790481403	churn	20156	0	0.6
1790481404	churn_hdr	20156	0	0.6
1790481405	index_grow	20156	0	8.4
1790481385	dormant_flush	20155	0	43.2
1790481428	thread_storm	20156	0	0.7
1790481429	stw_mt	20157	0	1.8
1790481430	stw_mt+diag	20157	0	1.8
1790481432	stw_mt+diag	20157	0	1.8
1790481434	stw_mt_hdr_tlab	20157	0	2.0
1790481436	stw_mt_hdr_tlab_nursery	20157	0	3.3
1790481323	pattern_fuzz+diag	20154	0	122.1
1790481445	churn	20157	0	0.6
1790481446	churn_hdr	20157	0	0.6
1790481447	index_grow	20157	0	8.8
1790481413	dormant_flush	20156	0	49.9
1790481463	thread_storm	20157	0	0.7
1790481464	stw_mt	20158	0	1.8
1790481465	stw_mt+diag	20158	0	1.8
1790481467	stw_mt+diag	20158	0	1.8
1790481469	stw_mt_hdr_tlab	20158	0	2.2
1790481471	stw_mt_hdr_tlab_nursery	20158	0	3.6
1790481369	pattern_fuzz+diag	20155	0	122.4
1790481491	churn	20158	0	0.6
1790481492	churn_hdr	20158	0	0.6
1790481456	dormant_flush	20157	0	42.9
1790481492	index_grow	20158	0	9.1
1790481502	thread_storm	20158	0	0.7
1790481502	stw_mt	20159	0	1.8
1790481504	stw_mt+diag	20159	0	1.8
1790481506	stw_mt+diag	20159	0	1.8
1790481508	stw_mt_hdr_tlab	20159	0	2.1
1790481510	stw_mt_hdr_tlab_nursery	20159	0	3.3
1790481397	pattern_fuzz+diag	20156	0	121.5
1790481519	churn	20159	0	0.6
1790481520	churn_hdr	20159	0	0.6
1790481520	index_grow	20159	0	8.7
1790481498	dormant_flush	20158	0	51.2
1790481550	thread_storm	20159	0	0.7
1790481550	stw_mt	20160	0	1.7
1790481552	stw_mt+diag	20160	0	1.8
1790481554	stw_mt+diag	20160	0	1.8
1790481556	stw_mt_hdr_tlab	20160	0	2.3
1790481558	stw_mt_hdr_tlab_nursery	20160	0	3.3
1790481439	pattern_fuzz+diag	20157	0	122.8
1790481562	churn	20160	0	0.6
1790481563	churn_hdr	20160	0	0.6
1790481563	index_grow	20160	0	9.1
1790481529	dormant_flush	20159	0	46.5
1790481575	thread_storm	20160	0	0.7
1790481576	stw_mt	20161	0	1.8
1790481578	stw_mt+diag	20161	0	1.7
1790481580	stw_mt+diag	20161	0	1.8
1790481582	stw_mt_hdr_tlab	20161	0	2.2
1790481584	stw_mt_hdr_tlab_nursery	20161	0	3.3
1790481475	pattern_fuzz+diag	20158	0	121.1
1790481596	churn	20161	0	0.6
1790481596	churn_hdr	20161	0	0.6
1790481597	index_grow	20161	0	9.8
1790481573	dormant_flush	20160	0	46.2
1790481619	thread_storm	20161	0	0.7
1790481619	stw_mt	20162	0	1.8
1790481621	stw_mt+diag	20162	0	1.7
1790481623	stw_mt+diag	20162	0	1.8
1790481513	pattern_fuzz+diag	20159	0	121.7
1790481635	stw_mt_hdr_tlab_nursery	20162	0	3.8
1790481607	dormant_flush	20161	0	43.8
1790481651	churn	20162	0	0.6
1790481651	churn_hdr	20162	0	0.6
1790481652	index_grow	20162	0	9.8
1790481561	pattern_fuzz+diag	20160	0	119.6
1790481681	thread_storm	20162	0	0.8
1790481681	stw_mt	20163	0	2.3
1790481684	stw_mt+diag	20163	0	2.3
1790481686	stw_mt+diag	20163	0	2.2
1790481688	stw_mt_hdr_tlab	20163	0	2.5
1790481691	stw_mt_hdr_tlab_nursery	20163	0	4.0
1790481587	pattern_fuzz+diag	20161	0	121.3
1790481708	churn	20163	0	0.6
1790481662	dormant_flush	20162	0	47.4
1790481709	churn_hdr	20163	0	0.6
1790481709	index_grow	20163	0	6.9
1790481716	thread_storm	20163	0	0.8
1790481717	stw_mt	20164	0	2.1
1790481719	stw_mt+diag	20164	0	2.4
1790481721	stw_mt+diag	20164	0	2.2
1790481723	stw_mt_hdr_tlab	20164	0	2.5
1790481726	stw_mt_hdr_tlab_nursery	20164	0	3.8
1790481709	dormant_flush	20163	0	46.8
1790481756	churn	20164	0	0.6
1790481757	churn_hdr	20164	0	0.6
1790481639	pattern_fuzz+diag	20162	0	119.2
1790481757	index_grow	20164	0	6.6
1790481764	thread_storm	20164	0	0.8
1790481765	stw_mt	20165	0	2.2
1790481767	stw_mt+diag	20165	0	2.5
1790481769	stw_mt+diag	20165	0	2.4
1790481772	stw_mt_hdr_tlab	20165	0	2.5
1790481774	stw_mt_hdr_tlab_nursery	20165	0	4.0
1790481758	dormant_flush	20164	0	43.6
1790481801	churn	20165	0	0.6
1790481802	churn_hdr	20165	0	0.6
1790481803	index_grow	20165	0	9.5
1790481695	pattern_fuzz+diag	20163	0	118.2
1790481813	thread_storm	20165	0	0.8
1790481814	stw_mt	20166	0	2.6
1790481816	stw_mt+diag	20166	0	2.1
1790481818	stw_mt+diag	20166	0	2.3
1790481821	stw_mt_hdr_tlab	20166	0	2.8
1790481824	stw_mt_hdr_tlab_nursery	20166	0	3.6
1790481730	pattern_fuzz+diag	20164	0	120.2
1790481850	churn	20166	0	0.6
1790481851	churn_hdr	20166	0	0.6
1790481851	index_grow	20166	0	7.1
1790481812	dormant_flush	20165	0	47.5
1790481860	thread_storm	20166	0	0.8
1790481860	stw_mt	20167	0	2.1
1790481862	stw_mt+diag	20167	0	2.2
1790481865	stw_mt+diag	20167	0	2.2
1790481867	stw_mt_hdr_tlab	20167	0	2.5
1790481869	stw_mt_hdr_tlab_nursery	20167	0	3.9
1790481778	pattern_fuzz+diag	20165	0	120.7
1790481899	churn	20167	0	0.6
1790481900	churn_hdr	20167	0	0.6
1790481858	dormant_flush	20166	0	47.6
1790481900	index_grow	20167	0	6.2
1790481906	thread_storm	20167	0	0.8
1790481907	stw_mt	20168	0	2.4
1790481910	stw_mt+diag	20168	0	2.5
1790481912	stw_mt+diag	20168	0	2.0
1790481914	stw_mt_hdr_tlab	20168	0	2.3
1790481916	stw_mt_hdr_tlab_nursery	20168	0	3.9
1790481625	stw_mt_hdr_tlab	20162	TIMEOUT	300.1
1790481925	churn	20168	0	0.6
1790481925	churn_hdr	20168	0	0.6
1790481926	index_grow	20168	0	9.2
1790481827	pattern_fuzz+diag	20166	0	120.7
1790481948	thread_storm	20168	0	0.8
1790481949	stw_mt	20169	0	2.6
1790481951	stw_mt+diag	20169	0	2.4
1790481954	stw_mt+diag	20169	0	2.8
1790481906	dormant_flush	20167	0	51.5
1790481956	stw_mt_hdr_tlab	20169	0	2.5
1790481957	stw_mt_hdr_tlab_nursery	20169	0	3.5
1790481961	churn	20169	0	0.6
1790481961	churn_hdr	20169	0	0.6
1790481962	index_grow	20169	0	9.3
1790481935	dormant_flush	20168	0	54.2
1790481989	thread_storm	20169	0	0.7
1790481990	stw_mt	20170	0	1.8
1790481992	stw_mt+diag	20170	0	1.7
1790481994	stw_mt+diag	20170	0	1.7
1790481873	pattern_fuzz+diag	20167	0	122.8
1790481995	stw_mt_hdr_tlab	20170	0	2.3
1790481996	stw_mt_hdr_tlab_nursery	20170	0	3.4
1790481999	churn	20170	0	0.6
1790482000	churn_hdr	20170	0	0.6
1790482001	index_grow	20170	0	9.1
1790481971	dormant_flush	20169	0	44.2
1790482016	thread_storm	20170	0	0.8
1790482016	stw_mt	20171	0	1.8
1790482018	stw_mt+diag	20171	0	1.7
1790482020	stw_mt+diag	20171	0	1.8
1790482022	stw_mt_hdr_tlab	20171	0	2.2
1790482024	stw_mt_hdr_tlab_nursery	20171	0	3.3
1790481920	pattern_fuzz+diag	20168	0	121.9
1790482042	churn	20171	0	0.6
1790482043	churn_hdr	20171	0	0.6
1790482043	index_grow	20171	0	9.5
1790482010	dormant_flush	20170	0	47.8
1790482057	thread_storm	20171	0	0.7
1790482058	stw_mt	20172	0	1.8
1790482060	stw_mt+diag	20172	0	1.8
1790482062	stw_mt+diag	20172	0	1.8
1790482064	stw_mt_hdr_tlab	20172	0	2.3
1790482066	stw_mt_hdr_tlab_nursery	20172	0	3.6
1790481959	pattern_fuzz+diag	20169	0	121.0
1790482080	churn	20172	0	0.6
1790482081	churn_hdr	20172	0	0.6
1790482081	index_grow	20172	0	7.8
1790482053	dormant_flush	20171	0	43.3
1790482096	thread_storm	20172	0	0.7
1790482097	stw_mt	20173	0	1.8
1790482099	stw_mt+diag	20173	0	1.8
1790482101	stw_mt+diag	20173	0	1.8
1790482102	stw_mt_hdr_tlab	20173	0	2.2
1790482105	stw_mt_hdr_tlab_nursery	20173	0	3.5
1790481998	pattern_fuzz+diag	20170	0	120.9
1790482119	churn	20173	0	0.6
1790482119	churn_hdr	20173	0	0.6
1790482120	index_grow	20173	0	9.6
1790482089	dormant_flush	20172	0	43.2
1790482132	thread_storm	20173	0	0.7
1790482133	stw_mt	20174	0	1.7
1790482135	stw_mt+diag	20174	0	1.8
1790482136	stw_mt+diag	20174	0	1.7
1790482138	stw_mt_hdr_tlab	20174	0	2.1
1790482140	stw_mt_hdr_tlab_nursery	20174	0	3.5
1790482027	pattern_fuzz+diag	20171	0	120.2
1790482147	churn	20174	0	0.6
1790482148	churn_hdr	20174	0	0.6
1790482148	index_grow	20174	0	9.6
1790482129	dormant_flush	20173	0	44.6
1790482174	thread_storm	20174	0	0.7
1790482175	stw_mt	20175	0	1.7
1790482176	stw_mt+diag	20175	0	1.8
1790482178	stw_mt+diag	20175	0	1.9
1790482180	stw_mt_hdr_tlab	20175	0	2.2
1790482182	stw_mt_hdr_tlab_nursery	20175	0	3.3
1790482069	pattern_fuzz+diag	20172	0	120.4
1790482190	churn	20175	0	0.6
1790482190	churn_hdr	20175	0	0.6
1790482191	index_grow	20175	0	9.3
1790482158	dormant_flush	20174	0	45.1
1790482203	thread_storm	20175	0	0.7
1790482204	stw_mt	20176	0	1.8
1790482206	stw_mt+diag	20176	0	1.7
1790482207	stw_mt+diag	20176	0	1.8
1790482209	stw_mt_hdr_tlab	20176	0	2.2
1790482211	stw_mt_hdr_tlab_nursery	20176	0	3.4
1790482108	pattern_fuzz+diag	20173	0	120.9
1790482229	churn	20176	0	0.6
1790482230	churn_hdr	20176	0	0.6
1790482230	index_grow	20176	0	8.5
1790482200	dormant_flush	20175	0	46.3
1790482247	thread_storm	20176	0	0.7
1790482247	stw_mt	20177	0	1.8
1790482249	stw_mt+diag	20177	0	1.8
1790482251	stw_mt+diag	20177	0	1.8
1790482253	stw_mt_hdr_tlab	20177	0	2.2
1790482255	stw_mt_hdr_tlab_nursery	20177	0	3.3
1790482144	pattern_fuzz+diag	20174	0	120.7
1790482264	churn	20177	0	0.6
1790482265	churn_hdr	20177	0	0.6
1790482266	index_grow	20177	0	8.8
1790482239	dormant_flush	20176	0	45.2
1790482284	thread_storm	20177	0	0.8
1790482285	stw_mt	20178	0	1.8
1790482286	stw_mt+diag	20178	0	1.8
1790482288	stw_mt+diag	20178	0	1.7
1790482290	stw_mt_hdr_tlab	20178	0	2.3
1790482292	stw_mt_hdr_tlab_nursery	20178	0	3.4
1790482186	pattern_fuzz+diag	20175	0	122.1
1790482308	churn	20178	0	0.7
1790482308	churn_hdr	20178	0	0.6
1790482274	dormant_flush	20177	0	43.4
1790482309	index_grow	20178	0	9.3
1790482318	thread_storm	20178	0	0.7
1790482319	stw_mt	20179	0	1.8
1790482321	stw_mt+diag	20179	0	1.7
1790482323	stw_mt+diag	20179	0	1.8
1790482324	stw_mt_hdr_tlab	20179	0	2.3
1790482327	stw_mt_hdr_tlab_nursery	20179	0	3.5
1790482215	pattern_fuzz+diag	20176	0	122.0
1790482337	churn	20179	0	0.6
1790482337	churn_hdr	20179	0	0.6
1790482338	index_grow	20179	0	8.6
1790482318	dormant_flush	20178	0	44.0
1790482362	thread_storm	20179	0	0.8
1790482363	stw_mt	20180	0	1.8
1790482364	stw_mt+diag	20180	0	1.8
1790482366	stw_mt+diag	20180	0	1.7
1790482368	stw_mt_hdr_tlab	20180	0	2.2
1790482370	stw_mt_hdr_tlab_nursery	20180	0	3.3
1790482258	pattern_fuzz+diag	20177	0	121.9
1790482380	churn	20180	0	0.6
1790482381	churn_hdr	20180	0	0.6
1790482346	dormant_flush	20179	0	41.7
1790482381	index_grow	20180	0	8.9
1790482390	thread_storm	20180	0	0.7
1790482391	stw_mt	20181	0	1.7
1790482392	stw_mt+diag	20181	0	1.8
1790482394	stw_mt+diag	20181	0	1.7
1790482396	stw_mt_hdr_tlab	20181	0	2.2
1790482398	stw_mt_hdr_tlab_nursery	20181	0	3.2
1790482296	pattern_fuzz+diag	20178	0	120.3
1790482388	dormant_flush	20180	0	39.6
1790482330	pattern_fuzz+diag	20179	0	118.9
1790482373	pattern_fuzz+diag	20180	0	111.4
1790482401	pattern_fuzz+diag	20181	0	106.4
