1790450604	stw_mt	20000	0	4.0
1790450604	stw_mt+diag	20000	0	4.0
1790450604	stw_mt+diag	20000	0	4.1
1790450608	churn	20000	0	0.6
1790450608	churn_hdr	20000	0	0.7
1790450609	index_grow	20000	0	1.8
1790450611	thread_storm	20000	0	1.0
1790450612	stw_mt	20001	0	5.0
1790450617	stw_mt+diag	20001	0	4.1
1790450621	stw_mt+diag	20001	0	4.5
1790450609	dormant_flush	20000	0	69.6
1790450608	pattern_fuzz+diag	20000	0	128.0
1790450736	pattern_fuzz+diag	20001	0	151.5
1790450888	churn	20001	0	1.2
1790450889	churn_hdr	20001	0	1.4
1790450890	index_grow	20001	0	1.0
1790450604	stw_mt_hdr_tlab	20000	TIMEOUT	300.2
1790450604	stw_mt_hdr_tlab_nursery	20000	TIMEOUT	300.3
1790450905	thread_storm	20001	0	1.1
1790450905	stw_mt	20002	0	6.5
1790450906	stw_mt+diag	20002	0	6.0
1790450911	stw_mt+diag	20002	0	6.9
1790450625	stw_mt_hdr_tlab	20001	TIMEOUT	300.2
1790450891	dormant_flush	20001	0	72.0
1790450963	churn	20002	0	2.6
1790450966	churn_hdr	20002	0	2.5
1790450968	index_grow	20002	0	1.3
1790450679	stw_mt_hdr_tlab_nursery	20001	TIMEOUT	300.4
1790450979	thread_storm	20002	0	2.8
1790450982	stw_mt	20003	0	18.2
1790451000	stw_mt+diag	20003	0	14.8
1790451015	stw_mt+diag	20003	0	14.7
1790450970	dormant_flush	20002	0	63.9
1790450926	pattern_fuzz+diag	20002	0	220.7
1790450912	stw_mt_hdr_tlab	20002	TIMEOUT	300.4
1790451212	churn	20003	0	2.8
1790451215	churn_hdr	20003	0	2.9
1790450918	stw_mt_hdr_tlab_nursery	20002	TIMEOUT	300.2
1790451218	index_grow	20003	0	1.6
1790451219	thread_storm	20003	0	3.1
1790451222	stw_mt	20004	0	20.4
1790451243	stw_mt+diag	20004	0	20.3
1790451218	dormant_flush	20003	0	61.9
1790451263	stw_mt+diag	20004	0	21.2
1790451029	stw_mt_hdr_tlab	20003	TIMEOUT	300.4
1790451034	stw_mt_hdr_tlab_nursery	20003	TIMEOUT	300.3
1790451334	churn	20004	0	2.6
1790451337	churn_hdr	20004	0	1.8
1790451338	index_grow	20004	0	1.1
1790451339	dormant_flush	20004	0	59.9
1790451399	thread_storm	20004	0	2.6
1790451146	pattern_fuzz+diag	20003	0	265.6
1790451402	stw_mt	20005	0	10.7
1790451413	stw_mt+diag	20005	0	19.7
1790451412	stw_mt+diag	20005	0	22.4
1790451280	stw_mt_hdr_tlab	20004	TIMEOUT	300.5
1790451284	stw_mt_hdr_tlab_nursery	20004	TIMEOUT	300.6
1790451585	churn	20005	0	2.0
1790451587	churn_hdr	20005	0	2.6
1790451590	index_grow	20005	0	2.4
1790451592	dormant_flush	20005	0	58.7
1790451651	thread_storm	20005	0	3.1
1790451654	stw_mt	20006	0	13.3
1790451667	stw_mt+diag	20006	0	12.7
1790451680	stw_mt+diag	20006	0	16.0
1790451330	pattern_fuzz+diag	20004	0	378.6
1790451432	stw_mt_hdr_tlab	20005	TIMEOUT	300.7
1790451434	stw_mt_hdr_tlab_nursery	20005	TIMEOUT	300.3
1790451735	churn	20006	0	2.3
1790451737	churn_hdr	20006	0	2.1
1790451739	index_grow	20006	0	1.5
1790451741	dormant_flush	20006	0	50.8
1790451791	thread_storm	20006	0	2.4
1790451794	stw_mt	20007	0	12.6
1790451806	stw_mt+diag	20007	0	11.1
1790451818	stw_mt+diag	20007	0	13.3
1790451581	pattern_fuzz+diag	20005	0	394.2
1790451696	stw_mt_hdr_tlab	20006	TIMEOUT	300.4
1790451708	stw_mt_hdr_tlab_nursery	20006	TIMEOUT	300.4
1790452009	churn	20007	0	2.2
1790452011	churn_hdr	20007	0	2.1
1790452013	index_grow	20007	0	1.8
1790452015	dormant_flush	20007	0	59.9
1790452075	thread_storm	20007	0	2.6
1790452078	stw_mt	20008	0	9.8
1790452087	stw_mt+diag	20008	0	12.8
1790452100	stw_mt+diag	20008	0	10.9
1790451733	pattern_fuzz+diag	20006	0	382.4
1790451831	stw_mt_hdr_tlab	20007	TIMEOUT	300.3
1790451975	stw_mt_hdr_tlab_nursery	20007	TIMEOUT	300.4
1790452275	churn	20008	0	2.8
1790452278	churn_hdr	20008	0	2.4
1790452281	index_grow	20008	0	2.0
1790452283	dormant_flush	20008	0	52.9
1790452336	thread_storm	20008	0	2.8
1790452338	stw_mt	20009	0	11.3
1790452350	stw_mt+diag	20009	0	12.5
1790451996	pattern_fuzz+diag	20007	0	374.1
1790452362	stw_mt+diag	20009	0	14.0
1790452111	stw_mt_hdr_tlab	20008	TIMEOUT	300.6
1790452115	stw_mt_hdr_tlab_nursery	20008	TIMEOUT	300.2
1790452416	churn	20009	0	2.7
1790452418	churn_hdr	20009	0	2.3
1790452421	index_grow	20009	0	2.2
1790452131	pattern_fuzz+diag	20008	0	338.0
1790452469	thread_storm	20009	0	1.0
1790452470	stw_mt	20010	0	4.7
1790452423	dormant_flush	20009	0	55.3
1790452475	stw_mt+diag	20010	0	4.0
1790452478	stw_mt+diag	20010	0	3.5
1790452412	pattern_fuzz+diag	20009	0	161.0
1790452370	stw_mt_hdr_tlab	20009	TIMEOUT	300.4
1790452671	churn	20010	0	1.5
1790452672	churn_hdr	20010	0	1.4
1790452674	index_grow	20010	0	1.3
1790452376	stw_mt_hdr_tlab_nursery	20009	TIMEOUT	300.3
1790452676	thread_storm	20010	0	2.7
1790452679	stw_mt	20011	0	10.6
1790452690	stw_mt+diag	20011	0	6.3
1790452696	stw_mt+diag	20011	0	6.1
1790452573	pattern_fuzz+diag	20010	0	160.1
1790452675	dormant_flush	20010	0	65.2
1790452479	stw_mt_hdr_tlab	20010	TIMEOUT	300.2
1790452779	churn	20011	0	0.6
1790452779	churn_hdr	20011	0	0.7
1790452482	stw_mt_hdr_tlab_nursery	20010	TIMEOUT	300.1
1790452780	index_grow	20011	0	9.5
1790452790	thread_storm	20011	0	0.8
1790452790	stw_mt	20012	0	2.1
1790452792	stw_mt+diag	20012	0	2.2
1790452795	stw_mt+diag	20012	0	2.3
1790452782	dormant_flush	20011	0	50.0
1790452740	pattern_fuzz+diag	20011	0	123.3
1790452702	stw_mt_hdr_tlab	20011	TIMEOUT	300.4
1790453002	churn	20012	0	1.8
1790453004	churn_hdr	20012	0	1.7
1790453006	index_grow	20012	0	1.3
1790452733	stw_mt_hdr_tlab_nursery	20011	TIMEOUT	300.4
1790453033	thread_storm	20012	0	2.0
1790453035	stw_mt	20013	0	10.4
1790453046	stw_mt+diag	20013	0	11.4
1790453007	dormant_flush	20012	0	57.2
1790453057	stw_mt+diag	20013	0	11.2
1790452863	pattern_fuzz+diag	20012	0	232.3
1790452797	stw_mt_hdr_tlab	20012	TIMEOUT	300.5
1790453097	churn	20013	0	1.5
1790453099	churn_hdr	20013	0	1.9
1790453101	index_grow	20013	0	1.5
1790452832	stw_mt_hdr_tlab_nursery	20012	TIMEOUT	300.3
1790453132	thread_storm	20013	0	2.2
1790453134	stw_mt	20014	0	9.6
1790453102	dormant_flush	20013	0	49.4
1790453144	stw_mt+diag	20014	0	11.3
1790453152	stw_mt+diag	20014	0	13.0
1790453065	stw_mt_hdr_tlab	20013	TIMEOUT	300.4
1790453068	stw_mt_hdr_tlab_nursery	20013	TIMEOUT	300.3
1790453096	pattern_fuzz+diag	20013	0	274.7
1790453369	churn	20014	0	1.9
1790453370	index_grow	20014	0	1.8
1790453370	churn_hdr	20014	0	2.0
1790453372	thread_storm	20014	0	1.8
1790453374	stw_mt	20015	0	12.4
1790453386	stw_mt+diag	20015	0	12.9
1790453399	stw_mt+diag	20015	0	16.3
1790453372	dormant_flush	20014	0	63.2
1790453155	stw_mt_hdr_tlab	20014	TIMEOUT	300.3
1790453165	stw_mt_hdr_tlab_nursery	20014	TIMEOUT	300.4
1790453465	churn	20015	0	1.9
1790453467	churn_hdr	20015	0	2.1
1790453469	index_grow	20015	0	1.7
1790453471	dormant_flush	20015	0	53.9
1790453525	thread_storm	20015	0	2.3
1790453527	stw_mt	20016	0	11.3
1790453538	stw_mt+diag	20016	0	11.7
1790453550	stw_mt+diag	20016	0	12.6
1790453365	pattern_fuzz+diag	20014	0	303.7
1790453416	stw_mt_hdr_tlab	20015	TIMEOUT	300.4
1790453436	stw_mt_hdr_tlab_nursery	20015	TIMEOUT	300.5
1790453736	churn	20016	0	2.0
1790453738	churn_hdr	20016	0	2.2
1790453740	index_grow	20016	0	1.4
1790453456	pattern_fuzz+diag	20015	0	299.8
1790453755	thread_storm	20016	0	2.6
1790453758	stw_mt	20017	0	11.5
1790453769	stw_mt+diag	20017	0	11.3
1790453742	dormant_flush	20016	0	49.7
1790453781	stw_mt+diag	20017	0	13.1
1790453563	stw_mt_hdr_tlab	20016	TIMEOUT	300.4
1790453669	stw_mt_hdr_tlab_nursery	20016	TIMEOUT	300.5
1790453969	churn	20017	0	1.7
1790453971	churn_hdr	20017	0	2.0
1790453973	index_grow	20017	0	1.2
1790453716	pattern_fuzz+diag	20016	0	280.3
1790453996	thread_storm	20017	0	2.4
1790453999	stw_mt	20018	0	11.0
1790454010	stw_mt+diag	20018	0	10.6
1790453974	dormant_flush	20017	0	59.6
1790454020	stw_mt+diag	20018	0	13.8
1790454034	stw_mt_hdr_tlab	20018	0	7.1
1790454034	stw_mt_hdr_tlab_nursery	20018	0	9.9
1790454044	churn	20018	0	1.7
1790454046	churn_hdr	20018	0	1.8
1790454048	index_grow	20018	0	1.1
1790453791	stw_mt_hdr_tlab	20017	TIMEOUT	300.4
1790453794	stw_mt_hdr_tlab_nursery	20017	TIMEOUT	300.4
1790454092	thread_storm	20018	0	2.6
1790454094	stw_mt	20019	0	11.6
1790454094	stw_mt+diag	20019	0	11.8
1790454049	dormant_flush	20018	0	63.2
1790454106	stw_mt_hdr_tlab	20019	0	8.0
1790454106	stw_mt+diag	20019	0	11.7
1790454117	churn	20019	0	1.7
1790453863	pattern_fuzz+diag	20017	0	256.5
1790454120	index_grow	20019	0	1.5
1790454119	churn_hdr	20019	0	2.1
1790454112	stw_mt_hdr_tlab_nursery	20019	0	10.8
1790454121	thread_storm	20019	0	2.4
1790454123	stw_mt	20020	0	10.1
1790454124	stw_mt+diag	20020	0	10.4
1790454134	stw_mt_hdr_tlab	20020	0	8.0
1790454133	stw_mt+diag	20020	0	11.6
1790454142	stw_mt_hdr_tlab_nursery	20020	0	10.2
1790454152	churn	20020	0	1.8
1790454154	churn_hdr	20020	0	1.9
1790454156	index_grow	20020	0	1.4
1790454121	dormant_flush	20019	0	55.1
1790454176	thread_storm	20020	0	2.4
1790454179	stw_mt	20021	0	10.9
1790454190	stw_mt+diag	20021	0	9.0
1790454157	dormant_flush	20020	0	51.3
1790454199	stw_mt+diag	20021	0	10.3
1790454209	stw_mt_hdr_tlab	20021	0	7.1
1790454209	stw_mt_hdr_tlab_nursery	20021	0	9.2
1790454218	churn	20021	0	1.5
1790454220	churn_hdr	20021	0	1.7
1790454221	index_grow	20021	0	1.1
1790454223	dormant_flush	20021	0	68.6
1790454291	thread_storm	20021	0	2.0
1790454041	pattern_fuzz+diag	20018	0	253.3
1790454293	stw_mt	20022	0	10.0
1790454294	stw_mt+diag	20022	0	9.4
1790454303	stw_mt_hdr_tlab	20022	0	8.4
1790454303	stw_mt+diag	20022	0	9.0
1790454312	stw_mt_hdr_tlab_nursery	20022	0	9.0
1790454321	churn	20022	0	1.6
1790454322	churn_hdr	20022	0	1.6
1790454324	index_grow	20022	0	1.5
1790454114	pattern_fuzz+diag	20019	0	251.7
1790454366	thread_storm	20022	0	2.2
1790454368	stw_mt	20023	0	11.3
1790454326	dormant_flush	20022	0	61.8
1790454379	stw_mt+diag	20023	0	9.4
1790454144	pattern_fuzz+diag	20020	0	249.8
1790454387	stw_mt+diag	20023	0	8.5
1790454389	stw_mt_hdr_tlab	20023	0	7.6
1790454396	churn	20023	0	1.9
1790454398	churn_hdr	20023	0	1.5
1790454400	index_grow	20023	0	1.6
1790454394	stw_mt_hdr_tlab_nursery	20023	0	9.9
1790454404	thread_storm	20023	0	2.0
1790454406	stw_mt	20024	0	11.3
1790454417	stw_mt+diag	20024	0	10.9
1790454428	stw_mt+diag	20024	0	10.8
1790454439	stw_mt_hdr_tlab	20024	0	7.4
1790454447	stw_mt_hdr_tlab_nursery	20024	0	10.0
1790454216	pattern_fuzz+diag	20021	0	245.3
1790454461	churn	20024	0	2.0
1790454401	dormant_flush	20023	0	62.7
1790454463	churn_hdr	20024	0	1.7
1790454464	index_grow	20024	0	1.3
1790454466	thread_storm	20024	0	2.2
1790454468	stw_mt	20025	0	10.1
1790454478	stw_mt+diag	20025	0	11.8
1790454490	stw_mt+diag	20025	0	10.1
1790454500	stw_mt_hdr_tlab	20025	0	7.5
1790454507	stw_mt_hdr_tlab_nursery	20025	0	11.1
1790454465	dormant_flush	20024	0	56.4
1790454521	churn	20025	0	1.5
1790454523	churn_hdr	20025	0	1.8
1790454525	index_grow	20025	0	1.7
1790454312	pattern_fuzz+diag	20022	0	249.2
1790454561	thread_storm	20025	0	1.7
1790454563	stw_mt	20026	0	10.7
1790454574	stw_mt+diag	20026	0	9.8
1790454526	dormant_flush	20025	0	60.4
1790454587	stw_mt_hdr_tlab	20026	0	7.6
1790454583	stw_mt+diag	20026	0	11.0
1790454594	stw_mt_hdr_tlab_nursery	20026	0	10.0
1790454604	churn	20026	0	1.7
1790454606	churn_hdr	20026	0	1.4
1790454607	index_grow	20026	0	1.5
1790454396	pattern_fuzz+diag	20023	0	251.0
1790454647	thread_storm	20026	0	2.0
1790454649	stw_mt	20027	0	9.2
1790454658	stw_mt+diag	20027	0	9.8
1790454609	dormant_flush	20026	0	67.0
1790454668	stw_mt+diag	20027	0	9.2
1790454676	stw_mt_hdr_tlab	20027	0	7.6
1790454677	stw_mt_hdr_tlab_nursery	20027	0	9.9
1790454687	churn	20027	0	1.7
1790454689	churn_hdr	20027	0	1.6
1790454690	index_grow	20027	0	1.3
1790454457	pattern_fuzz+diag	20024	0	246.5
1790454703	thread_storm	20027	0	2.3
1790454705	stw_mt	20028	0	10.7
1790454716	stw_mt+diag	20028	0	9.3
1790454725	stw_mt+diag	20028	0	9.8
1790454735	stw_mt_hdr_tlab	20028	0	6.4
1790454742	stw_mt_hdr_tlab_nursery	20028	0	11.3
1790454692	dormant_flush	20027	0	67.8
1790454759	churn	20028	0	1.5
1790454761	churn_hdr	20028	0	1.6
1790454762	index_grow	20028	0	1.2
1790454518	pattern_fuzz+diag	20025	0	247.9
1790454766	thread_storm	20028	0	2.2
1790454768	stw_mt	20029	0	10.0
1790454778	stw_mt+diag	20029	0	9.4
1790454788	stw_mt+diag	20029	0	10.5
1790454798	stw_mt_hdr_tlab	20029	0	7.8
1790454806	stw_mt_hdr_tlab_nursery	20029	0	10.0
1790454764	dormant_flush	20028	0	61.0
1790454825	churn	20029	0	1.6
1790454826	churn_hdr	20029	0	1.6
1790454828	index_grow	20029	0	1.2
1790454594	pattern_fuzz+diag	20026	0	253.8
1790454848	thread_storm	20029	0	2.2
1790454850	stw_mt	20030	0	10.4
1790454861	stw_mt+diag	20030	0	10.2
1790454871	stw_mt+diag	20030	0	11.5
1790454829	dormant_flush	20029	0	57.5
1790454882	stw_mt_hdr_tlab	20030	0	8.3
1790454887	stw_mt_hdr_tlab_nursery	20030	0	9.1
1790454896	churn	20030	0	1.4
1790454897	churn_hdr	20030	0	1.6
1790454899	index_grow	20030	0	1.3
1790454684	pattern_fuzz+diag	20027	0	246.0
1790454929	thread_storm	20030	0	2.3
1790454932	stw_mt	20031	0	11.6
1790454943	stw_mt+diag	20031	0	10.5
1790454900	dormant_flush	20030	0	63.3
1790454954	stw_mt+diag	20031	0	9.6
1790454963	stw_mt_hdr_tlab	20031	0	6.5
1790454964	stw_mt_hdr_tlab_nursery	20031	0	10.3
1790454974	churn	20031	0	1.6
1790454975	churn_hdr	20031	0	1.5
1790454977	index_grow	20031	0	1.1
1790454753	pattern_fuzz+diag	20028	0	254.3
1790455007	thread_storm	20031	0	2.3
1790455009	stw_mt	20032	0	9.6
1790455019	stw_mt+diag	20032	0	9.5
1790454978	dormant_flush	20031	0	58.7
1790455029	stw_mt+diag	20032	0	9.8
1790455037	stw_mt_hdr_tlab	20032	0	8.0
1790455038	stw_mt_hdr_tlab_nursery	20032	0	10.3
1790455049	churn	20032	0	1.5
1790455050	churn_hdr	20032	0	1.5
1790455052	index_grow	20032	0	1.7
1790454816	pattern_fuzz+diag	20029	0	244.7
1790455061	thread_storm	20032	0	2.2
1790455063	stw_mt	20033	0	11.7
1790455075	stw_mt+diag	20033	0	10.2
1790455085	stw_mt+diag	20033	0	12.5
1790455097	stw_mt_hdr_tlab	20033	0	8.6
1790455054	dormant_flush	20032	0	57.5
1790455106	stw_mt_hdr_tlab_nursery	20033	0	10.0
1790455116	churn	20033	0	1.5
1790455118	churn_hdr	20033	0	1.8
1790455119	index_grow	20033	0	1.3
1790454891	pattern_fuzz+diag	20030	0	247.3
1790455138	thread_storm	20033	0	2.0
1790455140	stw_mt	20034	0	11.4
1790455152	stw_mt+diag	20034	0	10.9
1790455162	stw_mt+diag	20034	0	9.9
1790455121	dormant_flush	20033	0	54.8
1790455172	stw_mt_hdr_tlab	20034	0	7.4
1790455176	stw_mt_hdr_tlab_nursery	20034	0	10.4
1790455186	churn	20034	0	1.3
1790455187	churn_hdr	20034	0	1.5
1790455189	index_grow	20034	0	1.3
1790454970	pattern_fuzz+diag	20031	0	247.4
1790455217	thread_storm	20034	0	1.8
1790455219	stw_mt	20035	0	11.6
1790455190	dormant_flush	20034	0	49.9
1790455231	stw_mt+diag	20035	0	9.3
1790455240	stw_mt_hdr_tlab	20035	0	7.3
1790455240	stw_mt+diag	20035	0	8.4
1790455247	stw_mt_hdr_tlab_nursery	20035	0	10.3
1790455258	churn	20035	0	1.4
1790455259	churn_hdr	20035	0	1.6
1790455261	index_grow	20035	0	1.3
1790455045	pattern_fuzz+diag	20032	0	245.6
1790455290	thread_storm	20035	0	0.8
1790455291	stw_mt	20036	0	2.0
1790455293	stw_mt+diag	20036	0	1.9
1790455295	stw_mt+diag	20036	0	1.9
1790455297	stw_mt_hdr_tlab	20036	0	2.1
1790455262	dormant_flush	20035	0	40.5
1790455299	stw_mt_hdr_tlab_nursery	20036	0	3.5
1790455303	churn	20036	0	0.6
1790455303	churn_hdr	20036	0	0.6
1790455304	index_grow	20036	0	11.5
1790455111	pattern_fuzz+diag	20033	0	214.7
1790455326	thread_storm	20036	0	0.8
1790455327	stw_mt	20037	0	1.9
1790455328	stw_mt+diag	20037	0	1.9
1790455330	stw_mt+diag	20037	0	1.8
1790455332	stw_mt_hdr_tlab	20037	0	2.1
1790455334	stw_mt_hdr_tlab_nursery	20037	0	3.7
1790455315	dormant_flush	20036	0	44.6
1790455360	churn	20037	0	0.6
1790455180	pattern_fuzz+diag	20034	0	181.5
1790455361	churn_hdr	20037	0	0.6
1790455361	index_grow	20037	0	11.9
1790455373	thread_storm	20037	0	0.7
1790455374	stw_mt	20038	0	1.8
1790455376	stw_mt+diag	20038	0	1.8
1790455377	stw_mt+diag	20038	0	1.9
1790455379	stw_mt_hdr_tlab	20038	0	2.2
1790455382	stw_mt_hdr_tlab_nursery	20038	0	3.5
1790455248	pattern_fuzz+diag	20035	0	145.8
1790455394	churn	20038	0	0.7
1790455395	churn_hdr	20038	0	0.7
1790455396	index_grow	20038	0	7.7
1790455361	dormant_flush	20037	0	54.9
1790455416	thread_storm	20038	0	0.8
1790455417	stw_mt	20039	0	1.9
1790455419	stw_mt+diag	20039	0	1.9
1790455421	stw_mt+diag	20039	0	1.8
1790455422	stw_mt_hdr_tlab	20039	0	2.1
1790455425	stw_mt_hdr_tlab_nursery	20039	0	3.5
1790455303	pattern_fuzz+diag	20036	0	129.8
1790455432	churn	20039	0	0.7
1790455433	churn_hdr	20039	0	0.7
1790455434	index_grow	20039	0	11.3
1790455403	dormant_flush	20038	0	53.3
1790455457	thread_storm	20039	0	0.7
1790455457	stw_mt	20040	0	1.8
1790455459	stw_mt+diag	20040	0	1.8
1790455461	stw_mt+diag	20040	0	1.9
1790455463	stw_mt_hdr_tlab	20040	0	2.2
1790455465	stw_mt_hdr_tlab_nursery	20040	0	3.5
1790455338	pattern_fuzz+diag	20037	0	131.7
1790455470	churn	20040	0	0.7
1790455470	churn_hdr	20040	0	0.7
1790455471	index_grow	20040	0	10.2
1790455445	dormant_flush	20039	0	48.5
1790455493	thread_storm	20040	0	0.8
1790455494	stw_mt	20041	0	3.4
1790455498	stw_mt+diag	20041	0	4.1
1790455502	stw_mt+diag	20041	0	2.8
1790455505	stw_mt_hdr_tlab	20041	0	2.9
1790455507	stw_mt_hdr_tlab_nursery	20041	0	4.0
1790455385	pattern_fuzz+diag	20038	0	131.9
1790455517	churn	20041	0	0.7
1790455518	churn_hdr	20041	0	0.7
1790455518	index_grow	20041	0	8.9
1790455481	dormant_flush	20040	0	61.9
1790455543	thread_storm	20041	0	0.8
1790455544	stw_mt	20042	0	1.9
1790455546	stw_mt+diag	20042	0	1.9
1790455548	stw_mt+diag	20042	0	1.9
1790455549	stw_mt_hdr_tlab	20042	0	2.1
1790455552	stw_mt_hdr_tlab_nursery	20042	0	3.3
1790455428	pattern_fuzz+diag	20039	0	133.6
1790455562	churn	20042	0	0.8
1790455562	churn_hdr	20042	0	0.7
1790455563	index_grow	20042	0	7.6
1790455527	dormant_flush	20041	0	66.9
1790455594	thread_storm	20042	0	0.8
1790455595	stw_mt	20043	0	2.2
1790455597	stw_mt+diag	20043	0	2.8
1790455600	stw_mt+diag	20043	0	1.9
1790455602	stw_mt_hdr_tlab	20043	1	0.7
1790455468	pattern_fuzz+diag	20040	0	135.4
1790455603	stw_mt_hdr_tlab_nursery	20043	0	3.5
1790455606	churn	20043	0	0.7
1790455607	churn_hdr	20043	0	0.7
1790455607	index_grow	20043	0	12.1
1790455571	dormant_flush	20042	0	64.8
1790455635	thread_storm	20043	0	0.8
1790455636	stw_mt	20044	0	1.9
1790455638	stw_mt+diag	20044	0	1.9
1790455640	stw_mt+diag	20044	0	1.9
1790455642	stw_mt_hdr_tlab	20044	0	2.2
1790455511	pattern_fuzz+diag	20041	0	132.7
1790455644	stw_mt_hdr_tlab_nursery	20044	0	3.5
1790455648	churn	20044	0	0.7
1790455648	churn_hdr	20044	0	0.7
1790455649	index_grow	20044	0	9.4
1790455619	dormant_flush	20043	0	46.9
1790455666	thread_storm	20044	0	0.8
1790455667	stw_mt	20045	0	1.9
1790455669	stw_mt+diag	20045	0	1.9
1790455671	stw_mt+diag	20045	0	1.9
1790455673	stw_mt_hdr_tlab	20045	0	2.1
1790455675	stw_mt_hdr_tlab_nursery	20045	0	3.5
1790455555	pattern_fuzz+diag	20042	0	132.2
1790455687	churn	20045	0	0.6
1790455688	churn_hdr	20045	0	0.7
1790455688	index_grow	20045	0	11.9
1790455658	dormant_flush	20044	0	49.4
1790455708	thread_storm	20045	0	0.8
1790455708	stw_mt	20046	0	1.8
1790455710	stw_mt+diag	20046	0	1.9
1790455712	stw_mt+diag	20046	0	2.0
1790455714	stw_mt_hdr_tlab	20046	0	2.3
1790455717	stw_mt_hdr_tlab_nursery	20046	0	3.6
1790455604	pattern_fuzz+diag	20043	0	132.5
1790455736	churn	20046	0	0.7
1790455737	churn_hdr	20046	0	0.7
1790455738	index_grow	20046	0	12.2
1790455700	dormant_flush	20045	0	53.9
1790455754	thread_storm	20046	0	0.8
1790455755	stw_mt	20047	0	2.0
1790455757	stw_mt+diag	20047	0	2.0
1790455759	stw_mt+diag	20047	0	2.0
1790455761	stw_mt_hdr_tlab	20047	0	2.3
1790455763	stw_mt_hdr_tlab_nursery	20047	0	3.9
1790455644	pattern_fuzz+diag	20044	0	132.9
1790455777	churn	20047	0	0.7
1790455778	churn_hdr	20047	0	0.7
1790455778	index_grow	20047	0	12.0
1790455750	dormant_flush	20046	0	53.2
1790455803	thread_storm	20047	0	0.8
1790455804	stw_mt	20048	0	2.0
1790455806	stw_mt+diag	20048	0	2.0
1790455808	stw_mt+diag	20048	0	2.0
1790455810	stw_mt_hdr_tlab	20048	0	2.3
1790455678	pattern_fuzz+diag	20045	0	135.8
1790455812	stw_mt_hdr_tlab_nursery	20048	0	3.4
1790455816	churn	20048	0	0.7
1790455816	churn_hdr	20048	0	0.6
1790455817	index_grow	20048	0	11.1
1790455790	dormant_flush	20047	0	51.5
1790455842	thread_storm	20048	0	0.7
1790455843	stw_mt	20049	0	1.9
1790455845	stw_mt+diag	20049	0	1.8
1790455846	stw_mt+diag	20049	0	1.8
1790455848	stw_mt_hdr_tlab	20049	0	2.1
1790455850	stw_mt_hdr_tlab_nursery	20049	0	3.3
1790455720	pattern_fuzz+diag	20046	0	134.9
1790455855	churn	20049	0	0.6
1790455856	churn_hdr	20049	0	0.7
1790455856	index_grow	20049	0	10.3
1790455828	dormant_flush	20048	0	47.4
1790455875	thread_storm	20049	0	0.7
1790455876	stw_mt	20050	0	1.8
1790455878	stw_mt+diag	20050	0	1.8
1790455880	stw_mt+diag	20050	0	1.8
1790455882	stw_mt_hdr_tlab	20050	0	2.1
1790455884	stw_mt_hdr_tlab_nursery	20050	0	3.3
1790455767	pattern_fuzz+diag	20047	0	130.9
1790455898	churn	20050	0	0.7
1790455899	churn_hdr	20050	0	0.6
1790455867	dormant_flush	20049	0	41.7
1790455899	index_grow	20050	0	11.6
1790455911	thread_storm	20050	0	0.7
1790455912	stw_mt	20051	0	1.8
1790455913	stw_mt+diag	20051	0	1.9
1790455915	stw_mt+diag	20051	0	1.7
1790455917	stw_mt_hdr_tlab	20051	0	2.0
1790455919	stw_mt_hdr_tlab_nursery	20051	0	3.3
1790455814	pattern_fuzz+diag	20048	0	125.3
1790455939	churn	20051	0	0.7
1790455940	churn_hdr	20051	0	0.7
1790455908	dormant_flush	20050	0	43.4
1790455941	index_grow	20051	0	10.9
1790455952	thread_storm	20051	0	0.7
1790455952	stw_mt	20052	0	1.7
1790455954	stw_mt+diag	20052	0	1.8
1790455956	stw_mt+diag	20052	0	1.7
1790455958	stw_mt_hdr_tlab	20052	0	2.1
1790455960	stw_mt_hdr_tlab_nursery	20052	0	3.3
1790455854	pattern_fuzz+diag	20049	0	125.4
1790455979	churn	20052	0	0.6
1790455980	churn_hdr	20052	0	0.6
1790455980	index_grow	20052	0	10.3
1790455952	dormant_flush	20051	0	52.9
1790456005	thread_storm	20052	0	0.7
1790456005	stw_mt	20053	0	1.8
1790456007	stw_mt+diag	20053	0	1.8
1790455887	pattern_fuzz+diag	20050	0	123.6
1790456009	stw_mt+diag	20053	0	1.8
1790456011	stw_mt_hdr_tlab	20053	0	2.4
1790456011	stw_mt_hdr_tlab_nursery	20053	0	3.7
1790456014	churn	20053	0	0.6
1790456015	churn_hdr	20053	0	0.6
1790456016	index_grow	20053	0	13.1
1790455991	dormant_flush	20052	0	54.2
1790456045	thread_storm	20053	0	0.8
1790456046	stw_mt	20054	0	1.8
1790455922	pattern_fuzz+diag	20051	0	125.3
1790456047	stw_mt+diag	20054	0	1.9
1790456047	stw_mt+diag	20054	0	2.1
1790456049	stw_mt_hdr_tlab	20054	0	2.1
1790456049	stw_mt_hdr_tlab_nursery	20054	0	3.4
1790456053	churn	20054	0	0.6
1790456053	churn_hdr	20054	0	0.6
1790456054	index_grow	20054	0	10.7
1790456029	dormant_flush	20053	0	47.1
1790456076	thread_storm	20054	0	0.7
1790456077	stw_mt	20055	0	1.9
1790456078	stw_mt+diag	20055	0	1.9
1790456080	stw_mt+diag	20055	0	1.7
1790456082	stw_mt_hdr_tlab	20055	1	0.7
1790456083	stw_mt_hdr_tlab_nursery	20055	0	3.6
1790455963	pattern_fuzz+diag	20052	0	125.5
1790456089	churn	20055	0	0.6
1790456089	churn_hdr	20055	0	0.6
1790456090	index_grow	20055	0	11.9
1790456065	dormant_flush	20054	0	44.3
1790456109	thread_storm	20055	0	0.7
1790456110	stw_mt	20056	0	1.8
1790456112	stw_mt+diag	20056	0	1.9
1790456114	stw_mt+diag	20056	0	1.8
1790456115	stw_mt_hdr_tlab	20056	1	2.1
1790456118	stw_mt_hdr_tlab_nursery	20056	0	3.6
1790456013	pattern_fuzz+diag	20053	0	127.3
1790456140	churn	20056	0	0.6
1790456141	churn_hdr	20056	0	0.6
1790456102	dormant_flush	20055	0	42.0
1790456141	index_grow	20056	0	11.4
1790456153	thread_storm	20056	0	0.7
1790456154	stw_mt	20057	0	1.8
1790456155	stw_mt+diag	20057	0	1.8
1790456157	stw_mt+diag	20057	0	1.9
1790456159	stw_mt_hdr_tlab	20057	0	2.0
1790456161	stw_mt_hdr_tlab_nursery	20057	0	3.4
1790456051	pattern_fuzz+diag	20054	0	125.4
1790456177	churn	20057	0	0.7
1790456178	churn_hdr	20057	0	0.7
1790456144	dormant_flush	20056	0	43.5
1790456178	index_grow	20057	0	11.9
1790456190	thread_storm	20057	0	0.7
1790456191	stw_mt	20058	0	1.8
1790456193	stw_mt+diag	20058	0	1.7
1790456194	stw_mt+diag	20058	0	1.8
1790456196	stw_mt_hdr_tlab	20058	0	2.1
1790456198	stw_mt_hdr_tlab_nursery	20058	0	3.4
1790456086	pattern_fuzz+diag	20055	0	124.5
1790456211	churn	20058	0	0.7
1790456212	churn_hdr	20058	0	0.7
1790456212	index_grow	20058	0	14.0
1790456187	dormant_flush	20057	0	46.0
1790456233	thread_storm	20058	0	0.7
1790456234	stw_mt	20059	0	1.9
1790456236	stw_mt+diag	20059	0	1.8
1790456238	stw_mt+diag	20059	0	1.9
1790456240	stw_mt_hdr_tlab	20059	0	2.1
1790456242	stw_mt_hdr_tlab_nursery	20059	0	3.5
1790456121	pattern_fuzz+diag	20056	0	125.6
1790456247	churn	20059	0	0.6
1790456247	churn_hdr	20059	0	0.7
1790456248	index_grow	20059	0	12.3
1790456226	dormant_flush	20058	0	51.8
1790456278	thread_storm	20059	0	0.8
1790456279	stw_mt	20060	0	2.0
1790456281	stw_mt+diag	20060	0	1.9
1790456283	stw_mt+diag	20060	0	1.9
1790456284	stw_mt_hdr_tlab	20060	0	2.1
1790456287	stw_mt_hdr_tlab_nursery	20060	0	3.5
1790456164	pattern_fuzz+diag	20057	0	128.0
1790456292	churn	20060	0	0.7
1790456293	churn_hdr	20060	0	0.7
1790456294	index_grow	20060	0	11.9
1790456260	dormant_flush	20059	0	47.3
1790456308	thread_storm	20060	0	0.8
1790456308	stw_mt	20061	0	1.9
1790456310	stw_mt+diag	20061	0	1.8
1790456312	stw_mt+diag	20061	0	1.7
1790456314	stw_mt_hdr_tlab	20061	0	2.2
1790456316	stw_mt_hdr_tlab_nursery	20061	0	3.4
1790456202	pattern_fuzz+diag	20058	0	128.6
1790456330	churn	20061	0	0.6
1790456331	churn_hdr	20061	0	0.6
1790456331	index_grow	20061	0	11.0
1790456306	dormant_flush	20060	0	46.7
1790456352	thread_storm	20061	0	0.7
1790456353	stw_mt	20062	0	1.9
1790456355	stw_mt+diag	20062	0	1.9
1790456357	stw_mt+diag	20062	0	1.8
1790456245	pattern_fuzz+diag	20059	0	128.5
1790456374	stw_mt_hdr_tlab_nursery	20062	0	3.8
1790456342	dormant_flush	20061	0	45.4
1790456388	churn	20062	0	0.6
1790456388	churn_hdr	20062	0	0.6
1790456389	index_grow	20062	0	11.5
1790456290	pattern_fuzz+diag	20060	0	125.5
1790456416	thread_storm	20062	0	0.8
1790456416	stw_mt	20063	0	2.4
1790456419	stw_mt+diag	20063	0	2.6
1790456421	stw_mt+diag	20063	0	2.3
1790456424	stw_mt_hdr_tlab	20063	0	2.3
1790456426	stw_mt_hdr_tlab_nursery	20063	0	4.2
1790456319	pattern_fuzz+diag	20061	0	123.2
1790456442	churn	20063	0	0.7
1790456443	churn_hdr	20063	0	0.7
1790456444	index_grow	20063	0	7.0
1790456400	dormant_flush	20062	0	55.8
1790456456	thread_storm	20063	0	0.8
1790456457	stw_mt	20064	0	3.6
1790456461	stw_mt+diag	20064	0	2.1
1790456463	stw_mt+diag	20064	0	2.2
1790456465	stw_mt_hdr_tlab	20064	0	2.5
1790456467	stw_mt_hdr_tlab_nursery	20064	0	3.8
1790456377	pattern_fuzz+diag	20062	0	128.0
1790456451	dormant_flush	20063	0	55.0
1790456505	churn	20064	0	0.7
1790456506	churn_hdr	20064	0	0.6
1790456506	index_grow	20064	0	7.2
1790456513	thread_storm	20064	0	0.8
1790456514	stw_mt	20065	0	2.1
1790456516	stw_mt+diag	20065	0	2.2
1790456518	stw_mt+diag	20065	0	2.3
1790456521	stw_mt_hdr_tlab	20065	0	2.5
1790456523	stw_mt_hdr_tlab_nursery	20065	0	3.8
1790456430	pattern_fuzz+diag	20063	0	125.3
1790456506	dormant_flush	20064	0	49.2
1790456556	churn	20065	0	0.6
1790456556	churn_hdr	20065	0	0.6
1790456556	index_grow	20065	0	8.7
1790456565	thread_storm	20065	0	0.8
1790456566	stw_mt	20066	0	2.4
1790456568	stw_mt+diag	20066	0	2.4
1790456570	stw_mt+diag	20066	0	2.0
1790456572	stw_mt_hdr_tlab	20066	0	2.3
1790456575	stw_mt_hdr_tlab_nursery	20066	0	3.8
1790456471	pattern_fuzz+diag	20064	0	124.5
1790456596	churn	20066	0	0.7
1790456596	churn_hdr	20066	0	0.6
1790456597	index_grow	20066	0	6.9
1790456556	dormant_flush	20065	0	47.9
1790456604	thread_storm	20066	0	0.8
1790456605	stw_mt	20067	0	2.4
1790456607	stw_mt+diag	20067	0	2.3
1790456610	stw_mt+diag	20067	0	2.1
1790456612	stw_mt_hdr_tlab	20067	0	2.3
1790456614	stw_mt_hdr_tlab_nursery	20067	0	3.9
1790456604	dormant_flush	20066	0	46.7
1790456650	churn	20067	0	0.6
1790456651	churn_hdr	20067	0	0.6
1790456527	pattern_fuzz+diag	20065	0	125.0
1790456652	index_grow	20067	0	6.5
1790456359	stw_mt_hdr_tlab	20062	TIMEOUT	300.2
1790456658	thread_storm	20067	0	0.8
1790456659	stw_mt	20068	0	1.9
1790456659	stw_mt+diag	20068	0	1.9
1790456661	stw_mt+diag	20068	0	2.0
1790456661	stw_mt_hdr_tlab	20068	0	2.4
1790456663	stw_mt_hdr_tlab_nursery	20068	0	3.4
1790456666	churn	20068	0	0.6
1790456667	churn_hdr	20068	0	0.7
1790456668	index_grow	20068	0	11.3
1790456652	dormant_flush	20067	0	50.2
1790456702	thread_storm	20068	0	0.7
1790456578	pattern_fuzz+diag	20066	0	126.3
1790456703	stw_mt	20069	0	1.8
1790456705	stw_mt+diag	20069	0	2.1
1790456705	stw_mt+diag	20069	0	2.1
1790456707	stw_mt_hdr_tlab	20069	0	2.4
1790456707	stw_mt_hdr_tlab_nursery	20069	0	3.6
1790456711	churn	20069	0	0.6
1790456711	churn_hdr	20069	0	0.6
1790456712	index_grow	20069	0	11.3
1790456679	dormant_flush	20068	0	56.2
1790456735	thread_storm	20069	0	0.8
1790456736	stw_mt	20070	0	2.1
1790456738	stw_mt+diag	20070	0	2.6
1790456741	stw_mt+diag	20070	0	2.7
1790456743	stw_mt_hdr_tlab	20070	0	2.8
1790456618	pattern_fuzz+diag	20067	0	132.6
1790456746	stw_mt_hdr_tlab_nursery	20070	0	4.5
1790456751	churn	20070	0	0.7
1790456751	churn_hdr	20070	0	0.7
1790456752	index_grow	20070	0	10.9
1790456723	dormant_flush	20069	0	58.7
1790456782	thread_storm	20070	0	0.8
1790456783	stw_mt	20071	0	1.8
1790456784	stw_mt+diag	20071	0	1.7
1790456786	stw_mt+diag	20071	0	1.9
1790456788	stw_mt_hdr_tlab	20071	0	2.1
1790456790	stw_mt_hdr_tlab_nursery	20071	0	3.5
1790456663	pattern_fuzz+diag	20068	0	134.1
1790456797	churn	20071	0	0.7
1790456798	churn_hdr	20071	0	0.7
1790456799	index_grow	20071	0	12.6
1790456763	dormant_flush	20070	0	50.0
1790456813	thread_storm	20071	0	0.7
1790456814	stw_mt	20072	0	1.8
1790456815	stw_mt+diag	20072	0	2.0
1790456817	stw_mt+diag	20072	0	1.8
1790456819	stw_mt_hdr_tlab	20072	0	2.2
1790456821	stw_mt_hdr_tlab_nursery	20072	0	3.7
1790456709	pattern_fuzz+diag	20069	0	132.4
1790456842	churn	20072	0	0.7
1790456842	churn_hdr	20072	0	0.7
1790456843	index_grow	20072	0	10.1
1790456811	dormant_flush	20071	0	47.1
1790456858	thread_storm	20072	0	0.7
1790456859	stw_mt	20073	0	1.8
1790456861	stw_mt+diag	20073	0	1.9
1790456863	stw_mt+diag	20073	0	1.9
1790456865	stw_mt_hdr_tlab	20073	0	2.1
1790456867	stw_mt_hdr_tlab_nursery	20073	0	3.6
1790456751	pattern_fuzz+diag	20070	0	129.3
1790456880	churn	20073	0	0.7
1790456881	churn_hdr	20073	0	0.7
1790456881	index_grow	20073	0	11.8
1790456853	dormant_flush	20072	0	47.7
1790456901	thread_storm	20073	0	0.7
1790456902	stw_mt	20074	0	1.8
1790456903	stw_mt+diag	20074	0	1.8
1790456905	stw_mt+diag	20074	0	1.9
1790456907	stw_mt_hdr_tlab	20074	0	2.0
1790456909	stw_mt_hdr_tlab_nursery	20074	0	3.6
1790456794	pattern_fuzz+diag	20071	0	130.0
1790456924	churn	20074	0	0.7
1790456924	churn_hdr	20074	0	0.7
1790456925	index_grow	20074	0	9.3
1790456893	dormant_flush	20073	0	48.2
1790456941	thread_storm	20074	0	0.7
1790456942	stw_mt	20075	0	1.8
1790456944	stw_mt+diag	20075	0	1.9
1790456946	stw_mt+diag	20075	0	1.9
1790456948	stw_mt_hdr_tlab	20075	0	2.2
1790456950	stw_mt_hdr_tlab_nursery	20075	0	3.5
1790456825	pattern_fuzz+diag	20072	0	130.4
1790456955	churn	20075	0	0.7
1790456956	churn_hdr	20075	0	0.6
1790456957	index_grow	20075	0	11.2
1790456934	dormant_flush	20074	0	49.2
1790456983	thread_storm	20075	0	0.7
1790456984	stw_mt	20076	0	1.9
1790456986	stw_mt+diag	20076	0	1.9
1790456988	stw_mt+diag	20076	0	1.9
1790456990	stw_mt_hdr_tlab	20076	0	2.1
1790456992	stw_mt_hdr_tlab_nursery	20076	0	3.7
1790456871	pattern_fuzz+diag	20073	0	129.7
1790457000	churn	20076	0	0.7
1790457001	churn_hdr	20076	0	0.7
1790457002	index_grow	20076	0	9.4
1790456968	dormant_flush	20075	0	51.1
1790457019	thread_storm	20076	0	0.7
1790457020	stw_mt	20077	0	1.8
1790457022	stw_mt+diag	20077	0	2.4
1790457024	stw_mt+diag	20077	0	3.6
1790457028	stw_mt_hdr_tlab	20077	0	3.9
1790457032	stw_mt_hdr_tlab_nursery	20077	0	5.2
1790456913	pattern_fuzz+diag	20074	0	131.3
1790457044	churn	20077	0	0.8
1790457045	churn_hdr	20077	0	0.7
1790457045	index_grow	20077	0	10.8
1790457011	dormant_flush	20076	0	66.3
1790457077	thread_storm	20077	0	0.8
1790457078	stw_mt	20078	0	1.9
1790457080	stw_mt+diag	20078	0	2.0
1790457082	stw_mt+diag	20078	0	1.9
1790457084	stw_mt_hdr_tlab	20078	0	2.1
1790456953	pattern_fuzz+diag	20075	0	134.4
1790457086	stw_mt_hdr_tlab_nursery	20078	0	3.6
1790457090	churn	20078	0	0.6
1790457090	churn_hdr	20078	0	0.7
1790457091	index_grow	20078	0	9.8
1790457056	dormant_flush	20077	0	50.2
1790457106	thread_storm	20078	0	0.8
1790457107	stw_mt	20079	0	1.9
1790457109	stw_mt+diag	20079	0	1.9
1790457111	stw_mt+diag	20079	0	1.9
1790457113	stw_mt_hdr_tlab	20079	0	2.2
1790457115	stw_mt_hdr_tlab_nursery	20079	0	3.5
1790456996	pattern_fuzz+diag	20076	0	134.6
1790457130	churn	20079	0	0.6
1790457131	churn_hdr	20079	0	0.7
1790457131	index_grow	20079	0	11.1
1790457101	dormant_flush	20078	0	46.3
1790457147	thread_storm	20079	0	0.8
1790457148	stw_mt	20080	0	2.0
1790457150	stw_mt+diag	20080	0	1.9
1790457152	stw_mt+diag	20080	0	1.9
1790457153	stw_mt_hdr_tlab	20080	0	2.1
1790457156	stw_mt_hdr_tlab_nursery	20080	0	3.3
1790457037	pattern_fuzz+diag	20077	0	131.8
1790457169	churn	20080	0	0.7
1790457169	churn_hdr	20080	0	0.7
1790457170	index_grow	20080	0	10.4
1790457143	dormant_flush	20079	0	46.2
1790457189	thread_storm	20080	0	0.7
1790457189	stw_mt	20081	0	1.9
1790457191	stw_mt+diag	20081	0	1.9
1790457193	stw_mt+diag	20081	0	1.9
1790457195	stw_mt_hdr_tlab	20081	0	2.2
1790457197	stw_mt_hdr_tlab_nursery	20081	0	3.4
1790457088	pattern_fuzz+diag	20078	0	128.9
1790457217	churn	20081	0	0.6
1790457217	churn_hdr	20081	0	0.7
1790457180	dormant_flush	20080	0	46.6
1790457218	index_grow	20081	0	11.7
1790457230	thread_storm	20081	0	0.8
1790457230	stw_mt	20082	0	1.9
1790457232	stw_mt+diag	20082	0	1.8
1790457234	stw_mt+diag	20082	0	1.9
1790457236	stw_mt_hdr_tlab	20082	0	2.1
1790457238	stw_mt_hdr_tlab_nursery	20082	0	3.5
1790457119	pattern_fuzz+diag	20079	0	127.9
1790457246	churn	20082	0	0.7
1790457247	churn_hdr	20082	0	0.7
1790457248	index_grow	20082	0	10.7
1790457227	dormant_flush	20081	0	46.9
1790457274	thread_storm	20082	0	0.8
1790457274	stw_mt	20083	0	1.8
1790457276	stw_mt+diag	20083	0	1.8
1790457278	stw_mt+diag	20083	0	2.0
1790457280	stw_mt_hdr_tlab	20083	0	2.1
1790457282	stw_mt_hdr_tlab_nursery	20083	0	3.5
1790457159	pattern_fuzz+diag	20080	0	127.6
1790457287	churn	20083	0	0.6
1790457287	churn_hdr	20083	0	0.7
1790457288	index_grow	20083	0	11.6
1790457259	dormant_flush	20082	0	53.3
1790457312	thread_storm	20083	0	0.8
1790457313	stw_mt	20084	0	2.0
1790457315	stw_mt+diag	20084	0	1.8
1790457316	stw_mt+diag	20084	0	1.9
1790457318	stw_mt_hdr_tlab	20084	0	2.1
1790457320	stw_mt_hdr_tlab_nursery	20084	0	3.4
1790457201	pattern_fuzz+diag	20081	0	128.9
1790457330	churn	20084	0	0.7
1790457330	churn_hdr	20084	0	0.6
1790457331	index_grow	20084	0	11.4
1790457299	dormant_flush	20083	0	47.9
1790457347	thread_storm	20084	0	0.8
1790457348	stw_mt	20085	0	1.8
1790457350	stw_mt+diag	20085	0	1.8
1790457352	stw_mt+diag	20085	0	1.9
1790457354	stw_mt_hdr_tlab	20085	1	0.5
1790457354	stw_mt_hdr_tlab_nursery	20085	0	3.3
1790457241	pattern_fuzz+diag	20082	0	126.7
1790457368	churn	20085	0	0.6
1790457369	churn_hdr	20085	0	0.6
1790457369	index_grow	20085	0	9.8
1790457342	dormant_flush	20084	0	43.9
1790457386	thread_storm	20085	0	0.7
1790457387	stw_mt	20086	0	1.8
1790457389	stw_mt+diag	20086	0	1.8
1790457391	stw_mt+diag	20086	0	1.8
1790457392	stw_mt_hdr_tlab	20086	0	2.0
1790457394	stw_mt_hdr_tlab_nursery	20086	0	3.5
1790457286	pattern_fuzz+diag	20083	0	126.7
1790457412	churn	20086	0	0.6
1790457413	churn_hdr	20086	0	0.6
1790457379	dormant_flush	20085	0	43.8
1790457414	index_grow	20086	0	11.0
1790457425	thread_storm	20086	0	0.7
1790457425	stw_mt	20087	0	1.8
1790457427	stw_mt+diag	20087	0	1.8
1790457429	stw_mt+diag	20087	0	1.7
1790457431	stw_mt_hdr_tlab	20087	0	2.0
1790457433	stw_mt_hdr_tlab_nursery	20087	0	3.4
1790457324	pattern_fuzz+diag	20084	0	124.5
1790457448	churn	20087	0	0.6
1790457449	churn_hdr	20087	0	0.6
1790457449	index_grow	20087	0	10.4
1790457423	dormant_flush	20086	0	45.7
1790457469	thread_storm	20087	0	0.8
1790457470	stw_mt	20088	0	1.8
1790457471	stw_mt+diag	20088	0	1.8
1790457473	stw_mt+diag	20088	0	1.7
1790457475	stw_mt_hdr_tlab	20088	0	2.0
1790457477	stw_mt_hdr_tlab_nursery	20088	0	3.4
1790457357	pattern_fuzz+diag	20085	0	124.8
1790457482	churn	20088	0	0.7
1790457483	churn_hdr	20088	0	0.7
1790457484	index_grow	20088	0	8.7
1790457460	dormant_flush	20087	0	52.4
1790457512	thread_storm	20088	0	0.8
1790457513	stw_mt	20089	0	2.1
1790457515	stw_mt+diag	20089	0	1.9
1790457517	stw_mt+diag	20089	0	1.8
1790457519	stw_mt_hdr_tlab	20089	0	2.1
1790457398	pattern_fuzz+diag	20086	0	125.6
1790457521	stw_mt_hdr_tlab_nursery	20089	0	3.6
1790457524	churn	20089	0	0.7
1790457525	churn_hdr	20089	0	0.7
1790457526	index_grow	20089	0	11.6
1790457492	dormant_flush	20088	0	54.7
1790457547	thread_storm	20089	0	0.7
1790457548	stw_mt	20090	0	1.9
1790457550	stw_mt+diag	20090	0	1.9
1790457551	stw_mt+diag	20090	0	1.9
1790457553	stw_mt_hdr_tlab	20090	0	2.2
1790457556	stw_mt_hdr_tlab_nursery	20090	0	3.6
1790457436	pattern_fuzz+diag	20087	0	127.6
1790457564	churn	20090	0	0.7
1790457564	churn_hdr	20090	0	0.7
1790457565	index_grow	20090	0	11.6
1790457538	dormant_flush	20089	0	53.7
1790457591	thread_storm	20090	0	0.8
1790457592	stw_mt	20091	0	1.9
1790457594	stw_mt+diag	20091	0	2.0
1790457596	stw_mt+diag	20091	0	2.1
1790457598	stw_mt_hdr_tlab	20091	0	2.2
1790457600	stw_mt_hdr_tlab_nursery	20091	0	3.6
1790457480	pattern_fuzz+diag	20088	0	130.4
1790457611	churn	20091	0	0.7
1790457611	churn_hdr	20091	0	0.7
1790457612	index_grow	20091	0	10.4
1790457577	dormant_flush	20090	0	49.0
1790457626	thread_storm	20091	0	0.8
1790457626	stw_mt	20092	0	2.0
1790457628	stw_mt+diag	20092	0	1.9
1790457630	stw_mt+diag	20092	0	1.9
1790457632	stw_mt_hdr_tlab	20092	0	2.2
1790457634	stw_mt_hdr_tlab_nursery	20092	0	3.6
1790457524	pattern_fuzz+diag	20089	0	130.9
1790457654	churn	20092	0	0.6
1790457655	churn_hdr	20092	0	0.6
1790457656	index_grow	20092	0	10.7
1790457622	dormant_flush	20091	0	50.0
1790457672	thread_storm	20092	0	0.7
1790457673	stw_mt	20093	0	1.8
1790457675	stw_mt+diag	20093	0	1.8
1790457677	stw_mt+diag	20093	0	1.8
1790457678	stw_mt_hdr_tlab	20093	0	2.1
1790457681	stw_mt_hdr_tlab_nursery	20093	0	3.5
1790457559	pattern_fuzz+diag	20090	0	128.8
1790457688	churn	20093	0	0.6
1790457689	churn_hdr	20093	0	0.6
1790457689	index_grow	20093	0	10.6
1790457666	dormant_flush	20092	0	50.4
1790457717	thread_storm	20093	0	0.8
1790457718	stw_mt	20094	0	1.9
1790457719	stw_mt+diag	20094	0	1.9
1790457721	stw_mt+diag	20094	0	2.1
1790457723	stw_mt_hdr_tlab	20094	0	2.1
1790457726	stw_mt_hdr_tlab_nursery	20094	0	3.8
1790457604	pattern_fuzz+diag	20091	0	130.7
1790457734	churn	20094	0	0.7
1790457735	churn_hdr	20094	0	0.7
1790457736	index_grow	20094	0	9.2
1790457700	dormant_flush	20093	0	58.1
1790457758	thread_storm	20094	0	0.8
1790457759	stw_mt	20095	0	1.8
1790457760	stw_mt+diag	20095	0	2.0
1790457762	stw_mt+diag	20095	0	2.0
1790457764	stw_mt_hdr_tlab	20095	0	2.1
1790457638	pattern_fuzz+diag	20092	0	131.8
1790457767	stw_mt_hdr_tlab_nursery	20095	0	3.5
1790457770	churn	20095	0	0.7
1790457771	churn_hdr	20095	0	0.7
1790457771	index_grow	20095	0	11.0
1790457745	dormant_flush	20094	0	49.2
1790457794	thread_storm	20095	0	0.7
1790457795	stw_mt	20096	0	2.0
1790457797	stw_mt+diag	20096	0	1.8
1790457799	stw_mt+diag	20096	0	1.9
1790457801	stw_mt_hdr_tlab	20096	0	2.2
1790457803	stw_mt_hdr_tlab_nursery	20096	0	3.5
1790457684	pattern_fuzz+diag	20093	0	130.4
1790457782	dormant_flush	20095	0	44.9
1790457729	pattern_fuzz+diag	20094	0	124.5
1790457770	pattern_fuzz+diag	20095	0	119.2
