tlab_nursery	1	0	8.3
tlab	1	0	9.6
tlab_dormant	1	0	10.1
tlab	2	0	6.4
tlab_nursery_dormant	1	0	11.5
tlab_nursery	2	0	9.9
tlab_dormant	2	0	6.0
tlab	3	0	8.3
tlab_nursery	3	0	8.3
tlab_nursery_dormant	2	0	11.8
tlab_dormant	3	0	6.6
tlab	4	0	5.1
tlab_nursery_dormant	3	0	8.3
tlab_dormant	4	0	6.7
tlab_nursery	4	0	10.6
tlab_nursery_dormant	4	0	10.5
tlab	5	0	6.2
tlab_dormant	5	0	7.6
tlab_nursery_dormant	5	0	9.7
tlab_nursery	5	0	14.3
tlab	6	0	5.8
tlab_dormant	6	0	6.4
tlab_nursery	6	0	12.8
tlab_nursery_dormant	6	0	9.8
tlab	7	0	7.4
tlab_dormant	7	0	5.5
tlab_nursery_dormant	7	0	7.7
tlab_nursery	7	0	9.2
tlab	8	0	5.2
tlab_nursery	8	0	7.3
tlab_dormant	8	0	7.8
tlab_nursery_dormant	8	0	8.6
tlab	9	0	6.6
tlab_nursery	9	0	10.0
tlab_dormant	9	0	7.8
tlab_nursery_dormant	9	0	7.6
tlab	10	0	5.4
tlab_nursery	10	0	9.9
tlab_dormant	10	0	8.0
tlab_nursery_dormant	10	0	11.2
tlab	11	0	6.7
tlab_nursery	11	0	8.8
tlab_dormant	11	0	6.3
tlab	12	0	7.1
tlab_nursery_dormant	11	0	11.0
tlab_nursery	12	0	8.0
tlab_dormant	12	0	6.1
tlab	13	0	6.0
tlab_nursery_dormant	12	0	10.7
tlab_dormant	13	0	5.5
tlab_nursery	13	0	11.1
tlab	14	0	5.6
tlab_nursery_dormant	13	0	9.9
tlab_nursery	14	0	8.5
tlab_dormant	14	0	7.0
tlab_nursery_dormant	14	0	10.4
tlab	15	0	5.3
tlab_nursery	15	0	7.6
tlab_dormant	15	0	5.3
tlab_nursery_dormant	15	0	6.7
tlab	16	0	5.3
tlab_dormant	16	0	7.0
tlab_nursery	16	0	11.0
tlab_nursery_dormant	16	0	9.8
tlab	17	0	7.6
tlab_dormant	17	0	6.3
tlab_nursery	17	0	10.5
tlab_nursery_dormant	17	0	8.2
tlab	18	0	5.1
tlab_dormant	18	0	5.6
tlab_nursery	18	0	9.1
tlab_nursery_dormant	18	0	6.3
tlab	19	0	5.5
tlab_dormant	19	0	7.0
tlab_nursery	19	0	9.4
tlab	20	0	5.2
tlab_nursery_dormant	19	0	8.7
tlab_dormant	20	0	5.6
tlab_nursery	20	0	10.4
tlab_nursery_dormant	20	0	7.1
tlab	21	0	5.0
tlab_dormant	21	0	5.8
tlab_nursery	21	0	8.2
tlab	22	0	6.9
tlab_nursery_dormant	21	0	11.2
tlab_dormant	22	0	7.8
tlab_nursery	22	0	13.4
tlab_nursery_dormant	22	0	11.6
tlab	23	0	8.7
tlab_nursery	23	0	10.6
tlab_dormant	23	0	8.0
tlab	24	0	5.6
tlab_nursery_dormant	23	0	8.7
tlab_nursery	24	0	8.5
tlab_dormant	24	0	5.7
tlab_nursery_dormant	24	0	10.0
tlab	25	0	6.8
tlab_dormant	25	0	5.4
tlab_nursery	25	0	11.3
tlab_nursery_dormant	25	0	9.5
tlab	26	0	5.5
tlab_dormant	26	0	5.8
tlab_nursery	26	0	11.7
tlab_nursery_dormant	26	0	9.9
tlab	27	0	5.2
tlab_nursery	27	0	8.3
tlab_dormant	27	0	6.3
tlab_nursery_dormant	27	0	7.6
tlab	28	0	4.9
tlab_dormant	28	0	5.3
tlab_nursery	28	0	8.1
tlab_nursery_dormant	28	0	7.1
tlab	29	0	5.0
tlab_dormant	29	0	4.9
tlab_nursery	29	0	8.6
tlab	30	0	4.8
tlab_nursery_dormant	29	0	9.3
tlab_dormant	30	0	4.9
tlab_nursery	30	0	11.5
tlab_nursery_dormant	30	0	6.5
