1790595421	stw_mt_hdr_tlab	20000	0	4.8
1790595421	stw_mt_hdr_tlab_nursery	20000	0	6.0
1790595421	stw_mt+diag	20000	0	6.4
1790595421	stw_mt+diag	20000	0	6.5
1790595421	stw_mt	20000	0	6.7
1790595427	churn	20000	0	0.9
1790595428	churn_hdr	20000	0	1.0
1790595428	index_grow	20000	0	1.4
1790595428	thread_storm	20000	0	1.1
1790595429	stw_mt	20001	0	6.0
1790595429	stw_mt+diag	20001	0	6.6
1790595429	stw_mt+diag	20001	0	6.8
1790595435	stw_mt_hdr_tlab	20001	0	5.0
1790595440	churn	20001	0	0.9
1790595441	churn_hdr	20001	0	0.9
1790595436	stw_mt_hdr_tlab_nursery	20001	0	6.4
1790595442	index_grow	20001	0	1.4
1790595443	thread_storm	20001	0	1.1
1790595444	stw_mt	20002	0	6.2
1790595450	stw_mt+diag	20002	0	6.9
1790595457	stw_mt+diag	20002	0	7.5
1790595465	stw_mt_hdr_tlab	20002	0	5.3
1790595470	stw_mt_hdr_tlab_nursery	20002	0	7.2
1790595428	dormant_flush	20000	0	74.9
1790595503	churn	20002	0	1.3
1790595504	churn_hdr	20002	0	1.0
1790595442	dormant_flush	20001	0	64.3
1790595505	index_grow	20002	0	2.3
1790595508	thread_storm	20002	0	1.2
1790595509	stw_mt	20003	0	6.0
1790595515	stw_mt+diag	20003	0	5.7
1790595520	stw_mt+diag	20003	0	5.9
1790595526	stw_mt_hdr_tlab	20003	0	4.6
1790595531	stw_mt_hdr_tlab_nursery	20003	0	5.6
1790595507	dormant_flush	20002	0	77.9
1790595426	pattern_fuzz+diag	20000	0	158.7
1790595585	churn	20003	0	0.8
1790595585	churn_hdr	20003	0	0.8
1790595585	index_grow	20003	0	1.3
1790595587	thread_storm	20003	0	0.9
1790595588	stw_mt	20004	0	5.5
1790595436	pattern_fuzz+diag	20001	0	157.5
1790595593	stw_mt+diag	20004	0	6.0
1790595594	stw_mt+diag	20004	0	6.1
1790595599	stw_mt_hdr_tlab	20004	0	4.7
1790595600	stw_mt_hdr_tlab_nursery	20004	0	5.8
1790595606	churn	20004	0	0.8
1790595607	churn_hdr	20004	0	0.8
1790595607	index_grow	20004	0	1.1
1790595477	pattern_fuzz+diag	20002	0	156.2
1790595633	thread_storm	20004	0	1.2
1790595635	stw_mt	20005	0	6.3
1790595641	stw_mt+diag	20005	0	6.6
1790595647	stw_mt+diag	20005	0	6.5
1790595586	dormant_flush	20003	0	70.4
1790595654	stw_mt_hdr_tlab	20005	0	4.3
1790595656	stw_mt_hdr_tlab_nursery	20005	0	6.0
1790595662	churn	20005	0	0.9
1790595663	churn_hdr	20005	0	0.9
1790595664	index_grow	20005	0	1.3
1790595537	pattern_fuzz+diag	20003	0	146.5
1790595683	thread_storm	20005	0	1.2
1790595684	stw_mt	20006	0	6.5
1790595691	stw_mt+diag	20006	0	6.0
1790595697	stw_mt+diag	20006	0	6.2
1790595703	stw_mt_hdr_tlab	20006	0	4.5
1790595708	stw_mt_hdr_tlab_nursery	20006	0	6.6
1790595608	dormant_flush	20004	0	115.9
1790595724	churn	20006	0	0.9
1790595725	churn_hdr	20006	0	0.8
1790595726	index_grow	20006	0	1.3
1790595604	pattern_fuzz+diag	20004	0	148.3
1790595752	thread_storm	20006	0	1.1
1790595753	stw_mt	20007	0	6.2
1790595760	stw_mt+diag	20007	0	6.9
1790595665	dormant_flush	20005	0	101.9
1790595767	stw_mt_hdr_tlab	20007	0	4.5
1790595766	stw_mt+diag	20007	0	5.7
1790595772	stw_mt_hdr_tlab_nursery	20007	0	6.2
1790595778	churn	20007	0	1.0
1790595779	churn_hdr	20007	0	0.9
1790595780	index_grow	20007	0	1.5
1790595658	pattern_fuzz+diag	20005	0	148.9
1790595807	thread_storm	20007	0	1.1
1790595808	stw_mt	20008	0	7.0
1790595727	dormant_flush	20006	0	94.6
1790595815	stw_mt+diag	20008	0	6.8
1790595822	stw_mt_hdr_tlab	20008	0	5.1
1790595822	stw_mt+diag	20008	0	6.3
1790595827	stw_mt_hdr_tlab_nursery	20008	0	6.0
1790595833	churn	20008	0	0.9
1790595834	churn_hdr	20008	0	0.9
1790595835	index_grow	20008	0	1.3
1790595781	dormant_flush	20007	0	79.9
1790595861	thread_storm	20008	0	1.0
1790595714	pattern_fuzz+diag	20006	0	148.7
1790595862	stw_mt	20009	0	6.3
1790595863	stw_mt+diag	20009	0	5.9
1790595869	stw_mt_hdr_tlab	20009	0	4.9
1790595868	stw_mt+diag	20009	0	5.8
1790595874	stw_mt_hdr_tlab_nursery	20009	0	7.4
1790595881	churn	20009	0	1.2
1790595882	churn_hdr	20009	0	1.1
1790595883	index_grow	20009	0	3.2
1790595772	pattern_fuzz+diag	20007	0	154.5
1790595927	thread_storm	20009	0	1.2
1790595836	dormant_flush	20008	0	93.8
1790595928	stw_mt	20010	0	6.6
1790595930	stw_mt+diag	20010	0	6.3
1790595935	stw_mt+diag	20010	0	6.0
1790595936	stw_mt_hdr_tlab	20010	0	4.6
1790595941	stw_mt_hdr_tlab_nursery	20010	0	6.3
1790595947	churn	20010	0	0.9
1790595948	churn_hdr	20010	0	0.8
1790595949	index_grow	20010	0	1.6
1790595887	dormant_flush	20009	0	78.3
1790595965	thread_storm	20010	0	1.1
1790595966	stw_mt	20011	0	5.7
1790595972	stw_mt+diag	20011	0	5.8
1790595828	pattern_fuzz+diag	20008	0	151.8
1790595978	stw_mt+diag	20011	0	6.2
1790595980	stw_mt_hdr_tlab	20011	0	4.7
1790595984	stw_mt_hdr_tlab_nursery	20011	0	6.0
1790595990	churn	20011	0	0.9
1790595991	churn_hdr	20011	0	0.8
1790595991	index_grow	20011	0	1.5
1790595874	pattern_fuzz+diag	20009	0	154.8
1790596029	thread_storm	20011	0	0.8
1790595950	dormant_flush	20010	0	80.0
1790596030	stw_mt	20012	0	2.9
1790596030	stw_mt+diag	20012	0	3.0
1790596033	stw_mt+diag	20012	0	2.6
1790596033	stw_mt_hdr_tlab	20012	0	3.0
1790596035	stw_mt_hdr_tlab_nursery	20012	0	4.3
1790596040	churn	20012	0	0.7
1790596040	churn_hdr	20012	0	0.7
1790596041	index_grow	20012	0	5.7
1790595993	dormant_flush	20011	0	74.0
1790596067	thread_storm	20012	0	0.7
1790596068	stw_mt	20013	0	1.8
1790596069	stw_mt+diag	20013	0	1.8
1790596071	stw_mt+diag	20013	0	1.8
1790596073	stw_mt_hdr_tlab	20013	0	2.8
1790596076	stw_mt_hdr_tlab_nursery	20013	0	4.3
1790595941	pattern_fuzz+diag	20010	0	141.5
1790596082	churn	20013	0	0.7
1790596083	churn_hdr	20013	0	0.7
1790596084	index_grow	20013	0	6.8
1790596047	dormant_flush	20012	1	61.4
1790596108	thread_storm	20013	0	0.7
1790596109	stw_mt	20014	0	2.6
1790596111	stw_mt+diag	20014	0	2.6
1790596114	stw_mt+diag	20014	0	2.6
1790596117	stw_mt_hdr_tlab	20014	0	3.1
1790596120	stw_mt_hdr_tlab_nursery	20014	0	4.2
1790595985	pattern_fuzz+diag	20011	0	140.5
1790596125	churn	20014	0	0.7
1790596126	churn_hdr	20014	0	0.8
1790596127	index_grow	20014	0	4.8
1790596091	dormant_flush	20013	1	63.3
1790596154	thread_storm	20014	0	0.8
1790596155	stw_mt	20015	0	2.4
1790596157	stw_mt+diag	20015	0	1.7
1790596159	stw_mt+diag	20015	0	1.9
1790596161	stw_mt_hdr_tlab	20015	0	2.3
1790596036	pattern_fuzz+diag	20012	0	130.1
1790596163	stw_mt_hdr_tlab_nursery	20015	0	4.1
1790596167	churn	20015	0	0.7
1790596168	churn_hdr	20015	0	0.7
1790596169	index_grow	20015	0	5.1
1790596080	pattern_fuzz+diag	20013	0	132.8
1790596213	thread_storm	20015	0	1.0
1790596214	stw_mt	20016	0	5.3
1790596132	dormant_flush	20014	0	90.0
1790596219	stw_mt+diag	20016	0	5.5
1790596222	stw_mt+diag	20016	0	5.4
1790596225	stw_mt_hdr_tlab	20016	0	4.6
1790596227	stw_mt_hdr_tlab_nursery	20016	0	6.1
1790596233	churn	20016	0	0.9
1790596234	churn_hdr	20016	0	0.9
1790596235	index_grow	20016	0	1.8
1790596174	dormant_flush	20015	0	83.6
1790596257	thread_storm	20016	0	0.9
1790596124	pattern_fuzz+diag	20014	0	137.5
1790596258	stw_mt	20017	0	4.4
1790596262	stw_mt+diag	20017	0	5.0
1790596263	stw_mt+diag	20017	0	4.9
1790596267	stw_mt_hdr_tlab	20017	0	4.7
1790596267	stw_mt_hdr_tlab_nursery	20017	0	6.4
1790596274	churn	20017	0	0.9
1790596275	churn_hdr	20017	0	0.9
1790596276	index_grow	20017	0	1.2
1790596166	pattern_fuzz+diag	20015	0	141.0
1790596307	thread_storm	20017	0	1.0
1790596237	dormant_flush	20016	0	76.5
1790596308	stw_mt	20018	0	5.7
1790596313	stw_mt+diag	20018	0	5.5
1790596314	stw_mt+diag	20018	0	5.4
1790596319	stw_mt_hdr_tlab	20018	0	4.4
1790596319	stw_mt_hdr_tlab_nursery	20018	0	5.9
1790596325	churn	20018	0	0.7
1790596326	churn_hdr	20018	0	0.8
1790596327	index_grow	20018	0	1.9
1790596277	dormant_flush	20017	0	87.4
1790596364	thread_storm	20018	0	0.9
1790596365	stw_mt	20019	0	3.8
1790596229	pattern_fuzz+diag	20016	0	143.4
1790596369	stw_mt+diag	20019	0	5.1
1790596373	stw_mt+diag	20019	0	4.8
1790596374	stw_mt_hdr_tlab	20019	0	4.1
1790596377	stw_mt_hdr_tlab_nursery	20019	0	5.3
1790596383	churn	20019	0	0.8
1790596383	churn_hdr	20019	0	0.8
1790596384	index_grow	20019	0	1.5
1790596271	pattern_fuzz+diag	20017	0	142.3
1790596329	dormant_flush	20018	0	85.2
1790596414	thread_storm	20019	0	1.0
1790596414	stw_mt	20020	0	4.7
1790596415	stw_mt+diag	20020	0	5.3
1790596419	stw_mt+diag	20020	0	4.9
1790596420	stw_mt_hdr_tlab	20020	0	4.1
1790596423	stw_mt_hdr_tlab_nursery	20020	0	5.5
1790596429	churn	20020	0	0.7
1790596430	churn_hdr	20020	0	0.8
1790596430	index_grow	20020	0	2.6
1790596323	pattern_fuzz+diag	20018	0	141.1
1790596464	thread_storm	20020	0	1.1
1790596386	dormant_flush	20019	0	84.9
1790596465	stw_mt	20021	0	5.5
1790596471	stw_mt+diag	20021	0	4.7
1790596471	stw_mt+diag	20021	0	4.8
1790596475	stw_mt_hdr_tlab	20021	0	4.2
1790596476	stw_mt_hdr_tlab_nursery	20021	0	5.6
1790596481	churn	20021	0	0.8
1790596482	churn_hdr	20021	0	0.8
1790596483	index_grow	20021	0	1.5
1790596378	pattern_fuzz+diag	20019	0	140.8
1790596519	thread_storm	20021	0	1.3
1790596433	dormant_flush	20020	0	91.6
1790596520	stw_mt	20022	0	6.1
1790596525	stw_mt+diag	20022	0	6.1
1790596526	stw_mt+diag	20022	0	6.4
1790596531	stw_mt_hdr_tlab	20022	0	4.8
1790596533	stw_mt_hdr_tlab_nursery	20022	0	6.3
1790596539	churn	20022	0	0.9
1790596540	churn_hdr	20022	0	0.9
1790596541	index_grow	20022	0	1.5
1790596484	dormant_flush	20021	0	67.6
1790596552	thread_storm	20022	0	1.0
1790596553	stw_mt	20023	0	6.1
1790596559	stw_mt+diag	20023	0	5.8
1790596424	pattern_fuzz+diag	20020	0	144.0
1790596565	stw_mt+diag	20023	0	5.6
1790596568	stw_mt_hdr_tlab	20023	0	4.7
1790596570	stw_mt_hdr_tlab_nursery	20023	0	6.2
1790596576	churn	20023	0	0.8
1790596577	churn_hdr	20023	0	0.8
1790596578	index_grow	20023	0	1.6
1790596480	pattern_fuzz+diag	20021	0	147.0
1790596627	thread_storm	20023	0	1.0
1790596542	dormant_flush	20022	0	85.7
1790596628	stw_mt	20024	0	5.9
1790596628	stw_mt+diag	20024	0	5.7
1790596634	stw_mt_hdr_tlab	20024	0	4.8
1790596633	stw_mt+diag	20024	0	5.9
1790596639	stw_mt_hdr_tlab_nursery	20024	0	6.2
1790596645	churn	20024	0	0.8
1790596645	churn_hdr	20024	0	0.8
1790596646	index_grow	20024	0	1.3
1790596580	dormant_flush	20023	0	78.2
1790596658	thread_storm	20024	0	1.0
1790596659	stw_mt	20025	0	6.0
1790596665	stw_mt+diag	20025	0	5.3
1790596670	stw_mt+diag	20025	0	6.0
1790596676	stw_mt_hdr_tlab	20025	0	4.1
1790596535	pattern_fuzz+diag	20022	0	146.7
1790596680	stw_mt_hdr_tlab_nursery	20025	0	6.6
1790596687	churn	20025	0	0.7
1790596688	churn_hdr	20025	0	0.9
1790596688	index_grow	20025	0	1.4
1790596573	pattern_fuzz+diag	20023	0	146.3
1790596719	thread_storm	20025	0	1.2
1790596720	stw_mt	20026	0	6.7
1790596727	stw_mt+diag	20026	0	5.8
1790596733	stw_mt+diag	20026	0	6.3
1790596739	stw_mt_hdr_tlab	20026	0	4.8
1790596744	stw_mt_hdr_tlab_nursery	20026	0	6.6
1790596648	dormant_flush	20024	0	102.7
1790596750	churn	20026	0	0.9
1790596751	churn_hdr	20026	0	0.9
1790596752	index_grow	20026	0	1.6
1790596690	dormant_flush	20025	0	91.4
1790596781	thread_storm	20026	0	1.0
1790596639	pattern_fuzz+diag	20024	0	147.2
1790596782	stw_mt	20027	0	6.0
1790596787	stw_mt+diag	20027	0	5.7
1790596788	stw_mt+diag	20027	0	5.9
1790596792	stw_mt_hdr_tlab	20027	0	4.8
1790596794	stw_mt_hdr_tlab_nursery	20027	0	5.5
1790596800	churn	20027	0	0.7
1790596800	churn_hdr	20027	0	0.7
1790596801	index_grow	20027	0	6.8
1790596754	dormant_flush	20026	0	66.8
1790596821	thread_storm	20027	0	0.8
1790596821	stw_mt	20028	0	2.5
1790596824	stw_mt+diag	20028	0	2.1
1790596826	stw_mt+diag	20028	0	2.4
1790596682	pattern_fuzz+diag	20025	0	146.4
1790596828	stw_mt_hdr_tlab	20028	0	3.1
1790596829	stw_mt_hdr_tlab_nursery	20028	0	4.4
1790596833	churn	20028	0	0.7
1790596834	churn_hdr	20028	0	0.7
1790596834	index_grow	20028	0	6.7
1790596808	dormant_flush	20027	0	64.9
1790596873	thread_storm	20028	0	0.8
1790596874	stw_mt	20029	0	2.6
1790596876	stw_mt+diag	20029	0	2.2
1790596878	stw_mt+diag	20029	0	2.1
1790596880	stw_mt_hdr_tlab	20029	0	2.7
1790596883	stw_mt_hdr_tlab_nursery	20029	0	4.4
1790596750	pattern_fuzz+diag	20026	0	140.1
1790596890	churn	20029	0	0.7
1790596891	churn_hdr	20029	0	0.7
1790596892	index_grow	20029	0	1.7
1790596841	dormant_flush	20028	0	81.7
1790596923	thread_storm	20029	0	0.9
1790596924	stw_mt	20030	0	5.8
1790596929	stw_mt+diag	20030	0	5.8
1790596797	pattern_fuzz+diag	20027	0	140.7
1790596935	stw_mt+diag	20030	0	5.9
1790596938	stw_mt_hdr_tlab	20030	0	4.4
1790596941	stw_mt_hdr_tlab_nursery	20030	0	6.3
1790596948	churn	20030	0	0.9
1790596948	churn_hdr	20030	0	0.9
1790596949	index_grow	20030	0	1.5
1790596831	pattern_fuzz+diag	20028	0	146.0
1790596977	thread_storm	20030	0	1.1
1790596979	stw_mt	20031	0	7.2
1790596986	stw_mt+diag	20031	0	6.3
1790596992	stw_mt+diag	20031	0	6.4
1790596998	stw_mt_hdr_tlab	20031	0	5.1
1790596893	dormant_flush	20029	0	113.6
1790597004	stw_mt_hdr_tlab_nursery	20031	0	6.4
1790597010	churn	20031	0	0.9
1790597011	churn_hdr	20031	0	0.9
1790597012	index_grow	20031	0	1.4
1790596888	pattern_fuzz+diag	20029	0	153.2
1790597041	thread_storm	20031	0	1.3
1790597042	stw_mt	20032	0	6.7
1790596951	dormant_flush	20030	0	100.9
1790597049	stw_mt+diag	20032	0	6.6
1790597052	stw_mt+diag	20032	0	6.3
1790597055	stw_mt_hdr_tlab	20032	0	4.4
1790597058	stw_mt_hdr_tlab_nursery	20032	0	6.4
1790597064	churn	20032	0	0.8
1790597065	churn_hdr	20032	0	0.9
1790597066	index_grow	20032	0	1.7
1790597013	dormant_flush	20031	0	72.7
1790597086	thread_storm	20032	0	1.1
1790597087	stw_mt	20033	0	5.8
1790596942	pattern_fuzz+diag	20030	0	153.7
1790597093	stw_mt+diag	20033	0	5.8
1790597096	stw_mt+diag	20033	0	6.5
1790597099	stw_mt_hdr_tlab	20033	0	4.7
1790597102	stw_mt_hdr_tlab_nursery	20033	0	6.3
1790597109	churn	20033	0	0.9
1790597109	churn_hdr	20033	0	0.9
1790597110	index_grow	20033	0	1.3
1790597068	dormant_flush	20032	0	79.1
1790597147	thread_storm	20033	0	1.1
1790597148	stw_mt	20034	0	5.2
1790597153	stw_mt+diag	20034	0	6.1
1790597007	pattern_fuzz+diag	20031	0	155.8
1790597159	stw_mt+diag	20034	0	6.1
1790597163	stw_mt_hdr_tlab	20034	0	4.6
1790597165	stw_mt_hdr_tlab_nursery	20034	0	6.5
1790597172	churn	20034	0	0.9
1790597173	churn_hdr	20034	0	0.9
1790597174	index_grow	20034	0	1.8
1790597060	pattern_fuzz+diag	20032	0	154.6
1790597214	thread_storm	20034	0	1.0
1790597215	stw_mt	20035	0	7.0
1790597112	dormant_flush	20033	0	112.3
1790597222	stw_mt+diag	20035	0	6.2
1790597224	stw_mt+diag	20035	0	6.5
1790597229	stw_mt_hdr_tlab	20035	0	4.7
1790597230	stw_mt_hdr_tlab_nursery	20035	0	6.1
1790597237	churn	20035	0	0.9
1790597237	churn_hdr	20035	0	0.9
1790597238	index_grow	20035	0	1.5
1790597176	dormant_flush	20034	0	65.4
1790597241	thread_storm	20035	0	1.2
1790597242	stw_mt	20036	0	5.8
1790597248	stw_mt+diag	20036	0	6.0
1790597103	pattern_fuzz+diag	20033	0	154.7
1790597254	stw_mt+diag	20036	0	6.4
1790597258	stw_mt_hdr_tlab	20036	0	4.7
1790597260	stw_mt_hdr_tlab_nursery	20036	0	6.4
1790597267	churn	20036	0	0.9
1790597268	churn_hdr	20036	0	0.9
1790597268	index_grow	20036	0	1.3
1790597167	pattern_fuzz+diag	20034	0	154.7
1790597240	dormant_flush	20035	0	83.2
1790597322	thread_storm	20036	0	1.1
1790597323	stw_mt	20037	0	5.8
1790597323	stw_mt+diag	20037	0	6.1
1790597329	stw_mt_hdr_tlab	20037	0	4.6
1790597329	stw_mt+diag	20037	0	6.4
1790597334	stw_mt_hdr_tlab_nursery	20037	0	6.1
1790597340	churn	20037	0	0.9
1790597341	churn_hdr	20037	0	0.8
1790597270	dormant_flush	20036	0	72.2
1790597342	index_grow	20037	0	1.5
1790597343	thread_storm	20037	0	1.1
1790597344	stw_mt	20038	0	6.1
1790597350	stw_mt+diag	20038	0	5.6
1790597356	stw_mt+diag	20038	0	6.0
1790597362	stw_mt_hdr_tlab	20038	0	4.9
1790597367	stw_mt_hdr_tlab_nursery	20038	0	6.2
1790597233	pattern_fuzz+diag	20035	0	154.2
1790597387	churn	20038	0	0.9
1790597388	churn_hdr	20038	0	0.9
1790597389	index_grow	20038	0	1.5
1790597263	pattern_fuzz+diag	20036	0	152.6
1790597415	thread_storm	20038	0	1.1
1790597416	stw_mt	20039	0	6.1
1790597423	stw_mt+diag	20039	0	6.5
1790597429	stw_mt+diag	20039	0	5.9
1790597342	dormant_flush	20037	0	94.7
1790597435	stw_mt_hdr_tlab	20039	0	4.2
1790597437	stw_mt_hdr_tlab_nursery	20039	0	5.9
1790597442	churn	20039	0	0.8
1790597443	churn_hdr	20039	0	0.8
1790597444	index_grow	20039	0	1.2
1790597391	dormant_flush	20038	0	83.4
1790597474	thread_storm	20039	0	0.9
1790597475	stw_mt	20040	0	5.6
1790597335	pattern_fuzz+diag	20037	0	147.6
1790597481	stw_mt+diag	20040	0	6.0
1790597483	stw_mt+diag	20040	0	6.2
1790597487	stw_mt_hdr_tlab	20040	0	4.9
1790597489	stw_mt_hdr_tlab_nursery	20040	0	6.7
1790597496	churn	20040	0	0.8
1790597497	churn_hdr	20040	0	0.9
1790597498	index_grow	20040	0	1.3
1790597373	pattern_fuzz+diag	20038	0	145.1
1790597518	thread_storm	20040	0	1.0
1790597519	stw_mt	20041	0	6.5
1790597526	stw_mt+diag	20041	0	6.1
1790597445	dormant_flush	20039	0	92.5
1790597532	stw_mt+diag	20041	0	6.2
1790597538	stw_mt_hdr_tlab	20041	0	4.3
1790597538	stw_mt_hdr_tlab_nursery	20041	0	5.7
1790597544	churn	20041	0	0.8
1790597545	churn_hdr	20041	0	0.8
1790597545	index_grow	20041	0	1.5
1790597499	dormant_flush	20040	0	76.9
1790597576	thread_storm	20041	0	1.1
1790597439	pattern_fuzz+diag	20039	0	143.2
1790597577	stw_mt	20042	0	5.8
1790597582	stw_mt+diag	20042	0	6.1
1790597583	stw_mt+diag	20042	0	5.9
1790597588	stw_mt_hdr_tlab	20042	0	4.6
1790597589	stw_mt_hdr_tlab_nursery	20042	0	6.0
1790597595	churn	20042	0	0.8
1790597595	churn_hdr	20042	0	0.8
1790597596	index_grow	20042	0	1.7
1790597547	dormant_flush	20041	0	84.3
1790597631	thread_storm	20042	0	1.1
1790597492	pattern_fuzz+diag	20040	0	144.8
1790597632	stw_mt	20043	0	5.5
1790597637	stw_mt+diag	20043	0	6.1
1790597638	stw_mt+diag	20043	0	6.2
1790597643	stw_mt_hdr_tlab	20043	0	4.5
1790597644	stw_mt_hdr_tlab_nursery	20043	0	6.0
1790597650	churn	20043	0	0.8
1790597651	churn_hdr	20043	0	0.8
1790597652	index_grow	20043	0	1.8
1790597542	pattern_fuzz+diag	20041	0	142.4
1790597685	thread_storm	20043	0	0.9
1790597598	dormant_flush	20042	0	89.2
1790597685	stw_mt	20044	0	3.1
1790597687	stw_mt+diag	20044	0	2.6
1790597689	stw_mt+diag	20044	0	2.3
1790597690	stw_mt_hdr_tlab	20044	0	2.4
1790597691	stw_mt_hdr_tlab_nursery	20044	0	4.0
1790597695	churn	20044	0	0.7
1790597695	churn_hdr	20044	0	0.6
1790597696	index_grow	20044	0	7.0
1790597593	pattern_fuzz+diag	20042	0	137.0
1790597730	thread_storm	20044	0	1.0
1790597653	dormant_flush	20043	0	79.3
1790597731	stw_mt	20045	0	3.1
1790597733	stw_mt+diag	20045	0	2.6
1790597734	stw_mt+diag	20045	0	2.7
1790597735	stw_mt_hdr_tlab	20045	0	2.7
1790597737	stw_mt_hdr_tlab_nursery	20045	0	3.9
1790597741	churn	20045	0	0.7
1790597741	churn_hdr	20045	0	0.7
1790597742	index_grow	20045	0	7.1
1790597703	dormant_flush	20044	0	68.0
1790597771	thread_storm	20045	0	0.7
1790597772	stw_mt	20046	0	1.7
1790597774	stw_mt+diag	20046	0	1.8
1790597647	pattern_fuzz+diag	20043	0	129.2
1790597775	stw_mt+diag	20046	0	1.7
1790597776	stw_mt_hdr_tlab	20046	0	2.5
1790597777	stw_mt_hdr_tlab_nursery	20046	0	3.5
1790597781	churn	20046	0	0.6
1790597781	churn_hdr	20046	0	0.6
1790597782	index_grow	20046	0	9.7
1790597749	dormant_flush	20045	0	53.3
1790597802	thread_storm	20046	0	0.7
1790597803	stw_mt	20047	0	1.6
1790597805	stw_mt+diag	20047	0	1.8
1790597807	stw_mt+diag	20047	0	1.7
1790597808	stw_mt_hdr_tlab	20047	0	2.1
1790597810	stw_mt_hdr_tlab_nursery	20047	0	3.4
1790597692	pattern_fuzz+diag	20044	0	125.8
1790597818	churn	20047	0	0.6
1790597819	churn_hdr	20047	0	0.7
1790597819	index_grow	20047	0	8.9
1790597791	dormant_flush	20046	0	48.8
1790597840	thread_storm	20047	0	0.8
1790597841	stw_mt	20048	0	1.7
1790597843	stw_mt+diag	20048	0	1.9
1790597845	stw_mt+diag	20048	0	1.8
1790597846	stw_mt_hdr_tlab	20048	0	2.1
1790597848	stw_mt_hdr_tlab_nursery	20048	0	3.3
1790597738	pattern_fuzz+diag	20045	0	123.5
1790597861	churn	20048	0	0.7
1790597862	churn_hdr	20048	0	0.7
1790597863	index_grow	20048	0	9.3
1790597828	dormant_flush	20047	0	49.0
1790597877	thread_storm	20048	0	0.7
1790597878	stw_mt	20049	0	1.6
1790597879	stw_mt+diag	20049	0	1.7
1790597881	stw_mt+diag	20049	0	1.7
1790597883	stw_mt_hdr_tlab	20049	0	2.1
1790597885	stw_mt_hdr_tlab_nursery	20049	0	3.5
1790597779	pattern_fuzz+diag	20046	0	123.0
1790597902	churn	20049	0	0.7
1790597903	churn_hdr	20049	0	0.7
1790597903	index_grow	20049	0	3.1
1790597872	dormant_flush	20048	0	60.0
1790597932	thread_storm	20049	0	0.8
1790597933	stw_mt	20050	0	1.9
1790597935	stw_mt+diag	20050	0	2.4
1790597814	pattern_fuzz+diag	20047	0	125.3
1790597937	stw_mt+diag	20050	0	3.0
1790597939	stw_mt_hdr_tlab	20050	0	4.1
1790597940	stw_mt_hdr_tlab_nursery	20050	0	5.2
1790597945	churn	20050	0	0.7
1790597946	churn_hdr	20050	0	0.7
1790597947	index_grow	20050	0	5.1
1790597852	pattern_fuzz+diag	20048	0	127.1
1790597906	dormant_flush	20049	0	72.6
1790597979	thread_storm	20050	0	0.8
1790597979	stw_mt	20051	0	2.7
1790597980	stw_mt+diag	20051	0	2.7
1790597982	stw_mt+diag	20051	0	2.2
1790597982	stw_mt_hdr_tlab	20051	0	2.5
1790597984	stw_mt_hdr_tlab_nursery	20051	0	4.0
1790597988	churn	20051	0	0.7
1790597989	churn_hdr	20051	0	0.7
1790597989	index_grow	20051	0	7.1
1790597888	pattern_fuzz+diag	20049	0	128.8
1790598017	thread_storm	20051	0	0.8
1790598018	stw_mt	20052	0	3.9
1790597952	dormant_flush	20050	0	72.8
1790598022	stw_mt+diag	20052	0	3.6
1790598025	stw_mt+diag	20052	0	2.7
1790598025	stw_mt_hdr_tlab	20052	0	2.8
1790598027	stw_mt_hdr_tlab_nursery	20052	0	3.9
1790598031	churn	20052	0	0.7
1790598032	churn_hdr	20052	0	0.7
1790598033	index_grow	20052	0	4.8
1790597943	pattern_fuzz+diag	20050	0	129.7
1790598073	thread_storm	20052	0	0.9
1790597996	dormant_flush	20051	0	77.7
1790598074	stw_mt	20053	0	2.5
1790598074	stw_mt+diag	20053	0	2.4
1790598076	stw_mt+diag	20053	0	3.1
1790598076	stw_mt_hdr_tlab	20053	0	3.1
1790598080	stw_mt_hdr_tlab_nursery	20053	0	4.4
1790598084	churn	20053	0	0.7
1790598085	churn_hdr	20053	0	0.7
1790598085	index_grow	20053	0	6.7
1790597985	pattern_fuzz+diag	20051	0	128.7
1790598114	thread_storm	20053	0	0.9
1790598038	dormant_flush	20052	0	79.4
1790598115	stw_mt	20054	0	3.5
1790598117	stw_mt+diag	20054	0	2.8
1790598118	stw_mt+diag	20054	0	2.6
1790598120	stw_mt_hdr_tlab	20054	0	2.8
1790598121	stw_mt_hdr_tlab_nursery	20054	0	4.2
1790598125	churn	20054	0	0.7
1790598126	churn_hdr	20054	0	0.7
1790598126	index_grow	20054	0	5.6
1790598028	pattern_fuzz+diag	20052	0	129.8
1790598158	thread_storm	20054	0	0.8
1790598092	dormant_flush	20053	0	67.7
1790598159	stw_mt	20055	0	2.1
1790598160	stw_mt+diag	20055	0	1.9
1790598161	stw_mt+diag	20055	0	1.9
1790598162	stw_mt_hdr_tlab	20055	0	2.1
1790598163	stw_mt_hdr_tlab_nursery	20055	0	3.2
1790598166	churn	20055	0	0.6
1790598167	churn_hdr	20055	0	0.6
1790598167	index_grow	20055	0	9.6
1790598132	dormant_flush	20054	0	57.8
1790598190	thread_storm	20055	0	0.7
1790598190	stw_mt	20056	0	1.8
1790598192	stw_mt+diag	20056	0	1.6
1790598194	stw_mt+diag	20056	0	1.8
1790598196	stw_mt_hdr_tlab	20056	0	2.4
1790598198	stw_mt_hdr_tlab_nursery	20056	0	3.5
1790598080	pattern_fuzz+diag	20053	0	125.4
1790598205	churn	20056	0	0.6
1790598206	churn_hdr	20056	0	0.6
1790598206	index_grow	20056	0	9.7
1790598177	dormant_flush	20055	0	51.9
1790598229	thread_storm	20056	0	0.8
1790598230	stw_mt	20057	0	2.1
1790598232	stw_mt+diag	20057	0	1.9
1790598234	stw_mt+diag	20057	0	2.3
1790598236	stw_mt_hdr_tlab	20057	0	2.6
1790598238	stw_mt_hdr_tlab_nursery	20057	0	3.3
1790598123	pattern_fuzz+diag	20054	0	124.6
1790598247	churn	20057	0	0.7
1790598248	churn_hdr	20057	0	0.7
1790598249	index_grow	20057	0	5.7
1790598216	dormant_flush	20056	0	58.2
1790598274	thread_storm	20057	0	0.8
1790598275	stw_mt	20058	0	2.2
1790598277	stw_mt+diag	20058	0	2.4
1790598279	stw_mt+diag	20058	0	2.0
1790598281	stw_mt_hdr_tlab	20058	0	2.5
1790598284	stw_mt_hdr_tlab_nursery	20058	0	3.8
1790598164	pattern_fuzz+diag	20055	0	124.5
1790598288	churn	20058	0	0.7
1790598289	churn_hdr	20058	0	0.7
1790598290	index_grow	20058	0	3.9
1790598254	dormant_flush	20057	0	59.4
1790598314	thread_storm	20058	0	0.8
1790598314	stw_mt	20059	0	2.3
1790598317	stw_mt+diag	20059	0	1.9
1790598319	stw_mt+diag	20059	0	2.4
1790598321	stw_mt_hdr_tlab	20059	0	2.3
1790598201	pattern_fuzz+diag	20056	0	124.8
1790598323	stw_mt_hdr_tlab_nursery	20059	0	3.4
1790598327	churn	20059	0	0.7
1790598327	churn_hdr	20059	0	0.7
1790598328	index_grow	20059	0	9.4
1790598294	dormant_flush	20058	0	54.8
1790598348	thread_storm	20059	0	0.7
1790598349	stw_mt	20060	0	1.7
1790598351	stw_mt+diag	20060	0	1.7
1790598352	stw_mt+diag	20060	0	2.0
1790598354	stw_mt_hdr_tlab	20060	0	2.2
1790598357	stw_mt_hdr_tlab_nursery	20060	0	3.3
1790598242	pattern_fuzz+diag	20057	0	126.9
1790598369	churn	20060	0	0.8
1790598369	churn_hdr	20060	0	0.8
1790598370	index_grow	20060	0	4.4
1790598288	pattern_fuzz+diag	20058	0	128.1
1790598337	dormant_flush	20059	0	79.1
1790598416	thread_storm	20060	0	1.1
1790598417	stw_mt	20061	0	5.0
1790598417	stw_mt+diag	20061	0	5.9
1790598422	stw_mt+diag	20061	0	5.7
1790598423	stw_mt_hdr_tlab	20061	0	4.5
1790598427	stw_mt_hdr_tlab_nursery	20061	0	5.9
1790598433	churn	20061	0	0.8
1790598434	churn_hdr	20061	0	0.8
1790598435	index_grow	20061	0	1.6
1790598326	pattern_fuzz+diag	20059	0	133.9
1790598460	thread_storm	20061	0	1.5
1790598462	stw_mt	20062	0	5.4
1790598467	stw_mt+diag	20062	0	6.0
1790598473	stw_mt+diag	20062	0	6.2
1790598479	stw_mt_hdr_tlab	20062	0	4.6
1790598484	stw_mt_hdr_tlab_nursery	20062	0	7.3
1790598360	pattern_fuzz+diag	20060	0	145.3
1790598505	churn	20062	0	1.3
1790598507	churn_hdr	20062	0	1.0
1790598508	index_grow	20062	0	1.7
1790598437	dormant_flush	20061	0	78.5
1790598515	thread_storm	20062	0	1.3
1790598516	stw_mt	20063	0	6.9
1790598523	stw_mt+diag	20063	0	7.0
1790598530	stw_mt+diag	20063	0	6.6
1790598537	stw_mt_hdr_tlab	20063	0	5.0
1790598542	stw_mt_hdr_tlab_nursery	20063	0	6.3
1790598375	dormant_flush	20060	1	193.4
1790598568	churn	20063	0	0.9
1790598569	churn_hdr	20063	0	0.8
1790598570	index_grow	20063	0	1.7
1790598428	pattern_fuzz+diag	20061	0	152.4
1790598580	thread_storm	20063	0	1.3
1790598581	stw_mt	20064	0	7.1
1790598588	stw_mt+diag	20064	0	6.6
1790598509	dormant_flush	20062	0	88.1
1790598595	stw_mt+diag	20064	0	6.3
1790598597	stw_mt_hdr_tlab	20064	0	4.7
1790598601	stw_mt_hdr_tlab_nursery	20064	0	6.2
1790598607	churn	20064	0	0.9
1790598608	churn_hdr	20064	0	0.9
1790598609	index_grow	20064	0	1.4
1790598491	pattern_fuzz+diag	20062	0	154.8
1790598646	thread_storm	20064	0	1.2
1790598571	dormant_flush	20063	0	78.6
1790598647	stw_mt	20065	0	6.2
1790598650	stw_mt+diag	20065	0	6.3
1790598653	stw_mt+diag	20065	0	6.9
1790598656	stw_mt_hdr_tlab	20065	0	6.4
1790598660	stw_mt_hdr_tlab_nursery	20065	0	7.4
1790598667	churn	20065	0	1.2
1790598669	churn_hdr	20065	0	1.1
1790598670	index_grow	20065	0	1.7
1790598611	dormant_flush	20064	0	73.8
1790598684	thread_storm	20065	0	1.0
1790598685	stw_mt	20066	0	5.3
1790598691	stw_mt+diag	20066	0	4.5
1790598695	stw_mt+diag	20066	0	5.1
1790598548	pattern_fuzz+diag	20063	0	156.2
1790598700	stw_mt_hdr_tlab	20066	0	4.7
1790598704	stw_mt_hdr_tlab_nursery	20066	0	6.3
1790598711	churn	20066	0	0.9
1790598712	churn_hdr	20066	0	0.9
1790598712	index_grow	20066	0	1.6
1790598602	pattern_fuzz+diag	20064	0	156.5
1790598671	dormant_flush	20065	0	87.5
1790598759	thread_storm	20066	0	1.1
1790598759	stw_mt	20067	0	5.9
1790598760	stw_mt+diag	20067	0	6.0
1790598766	stw_mt_hdr_tlab	20067	0	4.5
1790598765	stw_mt+diag	20067	0	6.4
1790598770	stw_mt_hdr_tlab_nursery	20067	0	6.2
1790598776	churn	20067	0	0.8
1790598777	churn_hdr	20067	0	0.8
1790598778	index_grow	20067	0	2.2
1790598714	dormant_flush	20066	0	88.1
1790598802	thread_storm	20067	0	1.0
1790598803	stw_mt	20068	0	5.9
1790598809	stw_mt+diag	20068	0	5.9
1790598663	pattern_fuzz+diag	20065	0	152.2
1790598815	stw_mt_hdr_tlab	20068	0	4.5
1790598815	stw_mt+diag	20068	0	6.1
1790598819	stw_mt_hdr_tlab_nursery	20068	0	6.1
1790598825	churn	20068	0	0.9
1790598826	churn_hdr	20068	0	0.8
1790598827	index_grow	20068	0	1.7
1790598705	pattern_fuzz+diag	20066	0	151.3
1790598856	thread_storm	20068	0	1.0
1790598857	stw_mt	20069	0	6.6
1790598780	dormant_flush	20067	0	84.1
1790598864	stw_mt+diag	20069	0	6.0
1790598864	stw_mt+diag	20069	0	6.0
1790598870	stw_mt_hdr_tlab	20069	0	4.5
1790598870	stw_mt_hdr_tlab_nursery	20069	0	6.2
1790598876	churn	20069	0	0.8
1790598877	churn_hdr	20069	0	0.8
1790598878	index_grow	20069	0	1.5
1790598771	pattern_fuzz+diag	20067	0	148.6
1790598920	thread_storm	20069	0	1.1
1790598921	stw_mt	20070	0	6.2
1790598829	dormant_flush	20068	0	99.5
1790598927	stw_mt+diag	20070	0	5.9
1790598928	stw_mt+diag	20070	0	5.9
1790598933	stw_mt_hdr_tlab	20070	0	4.2
1790598934	stw_mt_hdr_tlab_nursery	20070	0	5.5
1790598940	churn	20070	0	0.8
1790598941	churn_hdr	20070	0	0.8
1790598941	index_grow	20070	0	1.5
1790598821	pattern_fuzz+diag	20068	0	148.3
1790598969	thread_storm	20070	0	1.1
1790598880	dormant_flush	20069	0	94.0
1790598970	stw_mt	20071	0	5.8
1790598974	stw_mt+diag	20071	0	6.5
1790598976	stw_mt+diag	20071	0	6.8
1790598980	stw_mt_hdr_tlab	20071	0	4.3
1790598983	stw_mt_hdr_tlab_nursery	20071	0	6.3
1790598989	churn	20071	0	1.3
1790598990	churn_hdr	20071	0	1.1
1790598992	index_grow	20071	0	1.1
1790598943	dormant_flush	20070	0	76.4
1790599019	thread_storm	20071	0	1.5
1790599021	stw_mt	20072	0	6.5
1790598874	pattern_fuzz+diag	20069	0	153.2
1790599028	stw_mt+diag	20072	0	7.0
1790599027	stw_mt+diag	20072	0	7.5
1790599035	stw_mt_hdr_tlab	20072	0	6.4
1790599035	stw_mt_hdr_tlab_nursery	20072	0	11.1
1790599046	churn	20072	0	1.9
1790599048	churn_hdr	20072	0	1.8
1790599050	index_grow	20072	0	1.7
1790598993	dormant_flush	20071	0	68.7
1790599061	thread_storm	20072	0	1.3
1790599063	stw_mt	20073	0	6.0
1790599069	stw_mt+diag	20073	0	5.3
1790599074	stw_mt+diag	20073	0	5.8
1790599080	stw_mt_hdr_tlab	20073	0	3.9
1790599084	stw_mt_hdr_tlab_nursery	20073	0	5.8
1790598937	pattern_fuzz+diag	20070	0	160.2
1790599097	churn	20073	0	0.8
1790599098	churn_hdr	20073	0	0.8
1790599099	index_grow	20073	0	1.7
1790599051	dormant_flush	20072	0	81.8
1790599133	thread_storm	20073	0	1.0
1790599134	stw_mt	20074	0	5.1
1790598984	pattern_fuzz+diag	20071	0	156.9
1790599139	stw_mt+diag	20074	0	6.5
1790599141	stw_mt+diag	20074	0	6.6
1790599146	stw_mt_hdr_tlab	20074	0	5.0
1790599148	stw_mt_hdr_tlab_nursery	20074	0	6.1
1790599154	churn	20074	0	0.9
1790599155	churn_hdr	20074	0	0.9
1790599156	index_grow	20074	0	1.4
1790599101	dormant_flush	20073	0	85.1
1790599186	thread_storm	20074	0	0.9
1790599187	stw_mt	20075	0	5.5
1790599041	pattern_fuzz+diag	20072	0	151.6
1790599192	stw_mt+diag	20075	0	6.3
1790599193	stw_mt+diag	20075	0	6.0
1790599198	stw_mt_hdr_tlab	20075	0	4.3
1790599199	stw_mt_hdr_tlab_nursery	20075	0	6.1
1790599205	churn	20075	0	0.9
1790599206	churn_hdr	20075	0	0.9
1790599207	index_grow	20075	0	1.3
1790599157	dormant_flush	20074	0	71.6
1790599229	thread_storm	20075	0	1.0
1790599230	stw_mt	20076	0	5.8
1790599090	pattern_fuzz+diag	20073	0	147.4
1790599235	stw_mt+diag	20076	0	6.3
1790599237	stw_mt+diag	20076	0	6.4
1790599242	stw_mt_hdr_tlab	20076	0	4.1
1790599243	stw_mt_hdr_tlab_nursery	20076	0	6.2
1790599250	churn	20076	0	0.8
1790599250	churn_hdr	20076	0	0.8
1790599251	index_grow	20076	0	1.6
1790599151	pattern_fuzz+diag	20074	0	148.2
1790599208	dormant_flush	20075	0	92.1
1790599299	thread_storm	20076	0	1.0
1790599300	stw_mt+diag	20077	0	6.3
1790599300	stw_mt	20077	0	6.5
1790599306	stw_mt_hdr_tlab	20077	0	4.4
1790599306	stw_mt+diag	20077	0	5.9
1790599311	stw_mt_hdr_tlab_nursery	20077	0	6.1
1790599317	churn	20077	0	0.9
1790599318	churn_hdr	20077	0	0.9
1790599319	index_grow	20077	0	1.6
1790599253	dormant_flush	20076	0	92.6
1790599345	thread_storm	20077	0	1.0
1790599203	pattern_fuzz+diag	20075	0	147.4
1790599346	stw_mt	20078	0	5.9
1790599350	stw_mt+diag	20078	0	6.4
1790599352	stw_mt+diag	20078	0	6.1
1790599356	stw_mt_hdr_tlab	20078	0	4.3
1790599358	stw_mt_hdr_tlab_nursery	20078	0	6.2
1790599365	churn	20078	0	0.8
1790599366	churn_hdr	20078	0	0.9
1790599366	index_grow	20078	0	1.3
1790599246	pattern_fuzz+diag	20076	0	149.0
1790599395	thread_storm	20078	0	1.3
1790599396	stw_mt	20079	0	7.1
1790599320	dormant_flush	20077	0	85.8
1790599403	stw_mt+diag	20079	0	5.9
1790599406	stw_mt+diag	20079	0	6.1
1790599409	stw_mt_hdr_tlab	20079	0	4.7
1790599412	stw_mt_hdr_tlab_nursery	20079	0	6.3
1790599419	churn	20079	0	0.8
1790599419	churn_hdr	20079	0	0.9
1790599420	index_grow	20079	0	1.4
1790599368	dormant_flush	20078	0	85.6
1790599453	thread_storm	20079	0	1.0
1790599454	stw_mt	20080	0	4.5
1790599312	pattern_fuzz+diag	20077	0	147.6
1790599459	stw_mt+diag	20080	0	5.4
1790599460	stw_mt+diag	20080	0	5.3
1790599464	stw_mt_hdr_tlab	20080	0	4.3
1790599465	stw_mt_hdr_tlab_nursery	20080	0	5.6
1790599471	churn	20080	0	0.8
1790599472	churn_hdr	20080	0	0.8
1790599472	index_grow	20080	0	1.7
1790599422	dormant_flush	20079	0	78.4
1790599500	thread_storm	20080	0	1.0
1790599501	stw_mt	20081	0	4.7
1790599361	pattern_fuzz+diag	20078	0	145.3
1790599506	stw_mt+diag	20081	0	5.2
1790599506	stw_mt+diag	20081	0	5.4
1790599511	stw_mt_hdr_tlab	20081	0	4.4
1790599511	stw_mt_hdr_tlab_nursery	20081	0	5.9
1790599517	churn	20081	0	0.8
1790599518	churn_hdr	20081	0	0.8
1790599519	index_grow	20081	0	1.5
1790599414	pattern_fuzz+diag	20079	0	145.2
1790599559	thread_storm	20081	0	1.2
1790599560	stw_mt	20082	0	7.2
1790599474	dormant_flush	20080	0	93.2
1790599567	stw_mt+diag	20082	0	6.2
1790599567	stw_mt+diag	20082	0	6.2
1790599573	stw_mt_hdr_tlab	20082	0	4.6
1790599573	stw_mt_hdr_tlab_nursery	20082	0	5.9
1790599579	churn	20082	0	0.8
1790599580	churn_hdr	20082	0	0.9
1790599581	index_grow	20082	0	1.5
1790599520	dormant_flush	20081	0	80.1
1790599600	thread_storm	20082	0	1.0
1790599601	stw_mt	20083	0	5.7
1790599607	stw_mt+diag	20083	0	5.1
1790599469	pattern_fuzz+diag	20080	0	146.4
1790599612	stw_mt+diag	20083	0	5.3
1790599615	stw_mt_hdr_tlab	20083	0	4.5
1790599618	stw_mt_hdr_tlab_nursery	20083	0	5.7
1790599623	churn	20083	0	0.8
1790599624	churn_hdr	20083	0	0.9
1790599625	index_grow	20083	0	1.2
1790599515	pattern_fuzz+diag	20081	0	152.5
1790599668	thread_storm	20083	0	1.1
1790599583	dormant_flush	20082	0	88.0
1790599669	stw_mt	20084	0	5.2
1790599671	stw_mt+diag	20084	0	5.7
1790599674	stw_mt+diag	20084	0	6.3
1790599676	stw_mt_hdr_tlab	20084	0	4.4
1790599680	stw_mt_hdr_tlab_nursery	20084	0	5.7
1790599686	churn	20084	0	0.8
1790599687	churn_hdr	20084	0	0.8
1790599688	index_grow	20084	0	1.7
1790599626	dormant_flush	20083	0	88.0
1790599714	thread_storm	20084	0	1.0
1790599715	stw_mt	20085	0	5.0
1790599578	pattern_fuzz+diag	20082	0	146.5
1790599720	stw_mt+diag	20085	0	4.3
1790599725	stw_mt_hdr_tlab	20085	0	4.7
1790599725	stw_mt+diag	20085	0	5.6
1790599729	stw_mt_hdr_tlab_nursery	20085	0	5.8
1790599735	churn	20085	0	0.8
1790599736	churn_hdr	20085	0	0.8
1790599737	index_grow	20085	0	1.6
1790599689	dormant_flush	20084	0	75.4
1790599765	thread_storm	20085	0	0.9
1790599620	pattern_fuzz+diag	20083	0	146.8
1790599766	stw_mt	20086	0	5.0
1790599766	stw_mt+diag	20086	0	5.5
1790599772	stw_mt_hdr_tlab	20086	0	4.3
1790599771	stw_mt+diag	20086	0	5.5
1790599776	stw_mt_hdr_tlab_nursery	20086	0	5.8
1790599782	churn	20086	0	0.8
1790599783	churn_hdr	20086	0	0.8
1790599783	index_grow	20086	0	1.3
1790599738	dormant_flush	20085	0	85.7
1790599824	thread_storm	20086	0	1.1
1790599681	pattern_fuzz+diag	20084	0	144.8
1790599825	stw_mt	20087	0	5.6
1790599826	stw_mt+diag	20087	0	5.4
1790599831	stw_mt_hdr_tlab	20087	0	4.3
1790599831	stw_mt+diag	20087	0	5.9
1790599835	stw_mt_hdr_tlab_nursery	20087	0	5.6
1790599841	churn	20087	0	0.8
1790599842	churn_hdr	20087	0	0.8
1790599843	index_grow	20087	0	1.7
1790599785	dormant_flush	20086	0	76.4
1790599861	thread_storm	20087	0	0.9
1790599862	stw_mt	20088	0	4.5
1790599867	stw_mt+diag	20088	0	4.7
1790599730	pattern_fuzz+diag	20085	0	144.9
1790599871	stw_mt+diag	20088	0	5.2
1790599875	stw_mt_hdr_tlab	20088	0	4.3
1790599877	stw_mt_hdr_tlab_nursery	20088	0	6.1
1790599883	churn	20088	0	0.8
1790599884	churn_hdr	20088	0	0.8
1790599884	index_grow	20088	0	1.8
1790599844	dormant_flush	20087	0	77.2
1790599776	pattern_fuzz+diag	20086	0	145.8
1790599921	thread_storm	20088	0	1.0
1790599922	stw_mt	20089	0	4.7
1790599922	stw_mt+diag	20089	0	4.6
1790599927	stw_mt_hdr_tlab	20089	0	4.5
1790599927	stw_mt+diag	20089	0	5.5
1790599932	stw_mt_hdr_tlab_nursery	20089	0	6.0
1790599938	churn	20089	0	0.8
1790599938	churn_hdr	20089	0	0.8
1790599939	index_grow	20089	0	1.8
1790599886	dormant_flush	20088	0	100.0
1790599986	thread_storm	20089	0	3.0
1790599989	stw_mt	20090	0	12.3
1790599837	pattern_fuzz+diag	20087	0	166.4
1790600001	stw_mt+diag	20090	0	5.1
1790599941	dormant_flush	20089	0	66.0
1790600003	stw_mt+diag	20090	0	5.0
1790600007	stw_mt_hdr_tlab	20090	0	4.0
1790600011	churn	20090	0	0.8
1790600011	churn_hdr	20090	0	0.8
1790600007	stw_mt_hdr_tlab_nursery	20090	0	5.5
1790600012	index_grow	20090	0	1.4
1790600014	thread_storm	20090	0	0.9
1790600015	stw_mt	20091	0	6.0
1790600021	stw_mt+diag	20091	0	5.3
1790600026	stw_mt+diag	20091	0	5.9
1790600032	stw_mt_hdr_tlab	20091	0	4.0
1790600036	stw_mt_hdr_tlab_nursery	20091	0	5.8
1790599879	pattern_fuzz+diag	20088	0	166.6
1790600046	churn	20091	0	1.2
1790600047	churn_hdr	20091	0	1.2
1790600048	index_grow	20091	0	1.8
1790600013	dormant_flush	20090	0	74.8
1790600087	thread_storm	20091	0	1.5
1790600089	stw_mt	20092	0	6.7
1790600096	stw_mt+diag	20092	0	7.0
1790600103	stw_mt+diag	20092	0	7.3
1790599932	pattern_fuzz+diag	20089	0	178.4
1790600110	stw_mt_hdr_tlab	20092	0	7.9
1790600110	stw_mt_hdr_tlab_nursery	20092	0	10.4
1790600050	dormant_flush	20091	0	70.6
1790600121	churn	20092	0	0.8
1790600121	churn_hdr	20092	0	0.8
1790600122	index_grow	20092	0	1.1
1790600123	thread_storm	20092	0	1.2
1790600124	stw_mt	20093	0	5.2
1790600129	stw_mt+diag	20093	0	5.5
1790600135	stw_mt+diag	20093	0	5.9
1790600141	stw_mt_hdr_tlab	20093	0	4.9
1790600145	stw_mt_hdr_tlab_nursery	20093	0	6.0
1790600008	pattern_fuzz+diag	20090	0	160.5
1790600169	churn	20093	0	0.9
1790600169	churn_hdr	20093	0	0.8
1790600170	index_grow	20093	0	1.7
1790600122	dormant_flush	20092	0	81.0
1790600203	thread_storm	20093	0	1.0
1790600042	pattern_fuzz+diag	20091	0	163.0
1790600204	stw_mt	20094	0	5.9
1790600205	stw_mt+diag	20094	0	6.5
1790600211	stw_mt_hdr_tlab	20094	0	4.5
1790600210	stw_mt+diag	20094	0	6.8
1790600216	stw_mt_hdr_tlab_nursery	20094	0	6.0
1790600222	churn	20094	0	0.9
1790600222	churn_hdr	20094	0	0.9
1790600223	index_grow	20094	0	1.3
1790600172	dormant_flush	20093	0	86.5
1790600259	thread_storm	20094	0	1.1
1790600260	stw_mt	20095	0	5.4
1790600118	pattern_fuzz+diag	20092	0	151.1
1790600265	stw_mt+diag	20095	0	6.0
1790600269	stw_mt+diag	20095	0	6.3
1790600271	stw_mt_hdr_tlab	20095	0	4.7
1790600275	stw_mt_hdr_tlab_nursery	20095	0	6.0
1790600281	churn	20095	0	0.8
1790600282	churn_hdr	20095	0	0.8
1790600283	index_grow	20095	0	1.4
1790600151	pattern_fuzz+diag	20093	0	148.4
1790600300	thread_storm	20095	0	1.1
1790600225	dormant_flush	20094	0	78.4
1790600301	stw_mt	20096	0	6.0
1790600303	stw_mt+diag	20096	0	5.6
1790600309	stw_mt_hdr_tlab	20096	0	4.3
1790600307	stw_mt+diag	20096	0	6.1
1790600313	stw_mt_hdr_tlab_nursery	20096	0	6.1
1790600319	churn	20096	0	0.8
1790600320	churn_hdr	20096	0	0.8
1790600321	index_grow	20096	0	1.4
1790600216	pattern_fuzz+diag	20094	0	148.6
1790600365	thread_storm	20096	0	1.2
1790600284	dormant_flush	20095	0	87.3
1790600366	stw_mt	20097	0	6.0
1790600372	stw_mt+diag	20097	0	6.2
1790600372	stw_mt+diag	20097	0	6.5
1790600378	stw_mt_hdr_tlab	20097	0	5.1
1790600379	stw_mt_hdr_tlab_nursery	20097	0	6.1
1790600385	churn	20097	0	0.9
1790600386	churn_hdr	20097	0	0.8
1790600387	index_grow	20097	0	1.2
1790600322	dormant_flush	20096	0	80.5
1790600402	thread_storm	20097	0	1.0
1790600403	stw_mt	20098	0	5.5
1790600409	stw_mt+diag	20098	0	5.8
1790600415	stw_mt+diag	20098	0	5.8
1790600276	pattern_fuzz+diag	20095	0	148.6
1790600420	stw_mt_hdr_tlab	20098	0	4.8
1790600424	stw_mt_hdr_tlab_nursery	20098	0	5.9
1790600430	churn	20098	0	0.8
1790600431	churn_hdr	20098	0	0.8
1790600432	index_grow	20098	0	1.4
1790600388	dormant_flush	20097	0	70.5
1790600458	thread_storm	20098	0	1.0
1790600313	pattern_fuzz+diag	20096	0	149.0
1790600459	stw_mt	20099	0	5.8
1790600462	stw_mt+diag	20099	0	5.9
1790600465	stw_mt+diag	20099	0	6.1
1790600468	stw_mt_hdr_tlab	20099	0	4.4
1790600471	stw_mt_hdr_tlab_nursery	20099	0	6.0
1790600477	churn	20099	0	0.8
1790600478	churn_hdr	20099	0	0.8
1790600479	index_grow	20099	0	1.5
1790600433	dormant_flush	20098	0	93.4
1790600527	thread_storm	20099	0	1.0
1790600383	pattern_fuzz+diag	20097	0	146.7
1790600528	stw_mt	20100	0	4.9
1790600529	stw_mt+diag	20100	0	5.5
1790600533	stw_mt+diag	20100	0	5.6
1790600535	stw_mt_hdr_tlab	20100	0	4.6
1790600538	stw_mt_hdr_tlab_nursery	20100	0	5.5
1790600544	churn	20100	0	0.8
1790600544	churn_hdr	20100	0	0.8
1790600545	index_grow	20100	0	1.7
1790600480	dormant_flush	20099	0	77.9
1790600558	thread_storm	20100	0	1.0
1790600559	stw_mt	20101	0	5.5
1790600565	stw_mt+diag	20101	0	5.3
1790600425	pattern_fuzz+diag	20098	0	145.2
1790600570	stw_mt_hdr_tlab	20101	0	4.4
1790600570	stw_mt+diag	20101	0	5.6
1790600575	stw_mt_hdr_tlab_nursery	20101	0	6.2
1790600581	churn	20101	0	0.8
1790600582	churn_hdr	20101	0	0.9
1790600583	index_grow	20101	0	1.6
1790600472	pattern_fuzz+diag	20099	0	145.8
1790600618	thread_storm	20101	0	1.2
1790600619	stw_mt	20102	0	6.7
1790600626	stw_mt+diag	20102	0	7.2
1790600633	stw_mt+diag	20102	0	6.4
1790600640	stw_mt_hdr_tlab	20102	0	5.0
1790600547	dormant_flush	20100	0	102.8
1790600645	stw_mt_hdr_tlab_nursery	20102	0	6.4
1790600651	churn	20102	0	0.9
1790600652	churn_hdr	20102	0	0.8
1790600653	index_grow	20102	0	1.6
1790600584	dormant_flush	20101	0	85.1
1790600669	thread_storm	20102	0	1.0
1790600670	stw_mt	20103	0	5.7
1790600676	stw_mt+diag	20103	0	5.0
1790600681	stw_mt+diag	20103	0	5.6
1790600687	stw_mt_hdr_tlab	20103	0	4.6
1790600540	pattern_fuzz+diag	20100	0	155.0
1790600691	stw_mt_hdr_tlab_nursery	20103	0	6.5
1790600698	churn	20103	0	0.9
1790600699	churn_hdr	20103	0	0.8
1790600700	index_grow	20103	0	1.6
1790600576	pattern_fuzz+diag	20101	0	157.3
1790600733	thread_storm	20103	0	1.0
1790600654	dormant_flush	20102	0	84.3
1790600734	stw_mt	20104	0	5.7
1790600739	stw_mt+diag	20104	0	5.6
1790600740	stw_mt+diag	20104	0	5.8
1790600744	stw_mt_hdr_tlab	20104	0	4.3
1790600746	stw_mt_hdr_tlab_nursery	20104	0	5.7
1790600751	churn	20104	0	0.9
1790600752	churn_hdr	20104	0	0.8
1790600753	index_grow	20104	0	1.5
1790600701	dormant_flush	20103	0	78.1
1790600779	thread_storm	20104	0	0.9
1790600780	stw_mt	20105	0	5.0
1790600785	stw_mt+diag	20105	0	4.9
1790600790	stw_mt+diag	20105	0	4.9
1790600795	stw_mt_hdr_tlab	20105	0	4.2
1790600650	pattern_fuzz+diag	20102	0	150.2
1790600799	stw_mt_hdr_tlab_nursery	20105	0	5.8
1790600805	churn	20105	0	0.8
1790600806	churn_hdr	20105	0	0.8
1790600807	index_grow	20105	0	1.4
1790600694	pattern_fuzz+diag	20103	0	145.4
1790600840	thread_storm	20105	0	1.2
1790600754	dormant_flush	20104	0	86.8
1790600841	stw_mt	20106	0	5.8
1790600841	stw_mt+diag	20106	0	5.7
1790600847	stw_mt_hdr_tlab	20106	0	4.5
1790600847	stw_mt+diag	20106	0	6.3
1790600851	stw_mt_hdr_tlab_nursery	20106	0	6.2
1790600858	churn	20106	0	0.9
1790600859	churn_hdr	20106	0	0.8
1790600859	index_grow	20106	0	1.6
1790600748	pattern_fuzz+diag	20104	0	146.0
1790600894	thread_storm	20106	0	1.2
1790600896	stw_mt	20107	0	6.7
1790600808	dormant_flush	20105	0	94.8
1790600902	stw_mt+diag	20107	0	6.1
1790600903	stw_mt+diag	20107	0	6.4
1790600908	stw_mt_hdr_tlab	20107	0	4.5
1790600909	stw_mt_hdr_tlab_nursery	20107	0	6.0
1790600915	churn	20107	0	0.8
1790600916	churn_hdr	20107	0	0.9
1790600917	index_grow	20107	0	1.3
1790600861	dormant_flush	20106	0	80.9
1790600942	thread_storm	20107	0	1.0
1790600800	pattern_fuzz+diag	20105	0	146.5
1790600943	stw_mt	20108	0	5.6
1790600946	stw_mt+diag	20108	0	6.6
1790600948	stw_mt+diag	20108	0	6.3
1790600953	stw_mt_hdr_tlab	20108	0	4.4
1790600955	stw_mt_hdr_tlab_nursery	20108	0	6.0
1790600961	churn	20108	0	0.9
1790600962	churn_hdr	20108	0	0.8
1790600962	index_grow	20108	0	1.2
1790600853	pattern_fuzz+diag	20106	0	147.0
1790601000	thread_storm	20108	0	1.1
1790600918	dormant_flush	20107	0	83.5
1790601001	stw_mt	20109	0	6.1
1790601002	stw_mt+diag	20109	0	6.1
1790601008	stw_mt_hdr_tlab	20109	0	4.5
1790601007	stw_mt+diag	20109	0	5.9
1790601012	stw_mt_hdr_tlab_nursery	20109	0	6.0
1790601018	churn	20109	0	0.8
1790601019	churn_hdr	20109	0	0.8
1790601020	index_grow	20109	0	1.5
1790600964	dormant_flush	20108	0	88.8
1790601052	thread_storm	20109	0	1.0
1790601053	stw_mt	20110	0	5.5
1790600913	pattern_fuzz+diag	20107	0	147.5
1790601059	stw_mt+diag	20110	0	6.1
1790601060	stw_mt+diag	20110	0	6.2
1790601065	stw_mt_hdr_tlab	20110	0	4.6
1790601067	stw_mt_hdr_tlab_nursery	20110	0	6.3
1790601073	churn	20110	0	0.8
1790601074	churn_hdr	20110	0	0.9
1790601075	index_grow	20110	0	1.6
1790600957	pattern_fuzz+diag	20108	0	147.8
1790601105	thread_storm	20110	0	1.3
1790601106	stw_mt	20111	0	6.4
1790601022	dormant_flush	20109	0	96.4
1790601113	stw_mt+diag	20111	0	6.0
1790601119	stw_mt_hdr_tlab	20111	0	4.7
1790601118	stw_mt+diag	20111	0	6.1
1790601124	stw_mt_hdr_tlab_nursery	20111	0	6.2
1790601130	churn	20111	0	0.8
1790601131	churn_hdr	20111	0	0.8
1790601131	index_grow	20111	0	1.2
1790601076	dormant_flush	20110	0	78.8
1790601155	thread_storm	20111	0	1.0
1790601156	stw_mt	20112	0	5.6
1790601013	pattern_fuzz+diag	20109	0	149.3
1790601162	stw_mt+diag	20112	0	6.0
1790601163	stw_mt+diag	20112	0	6.3
1790601168	stw_mt_hdr_tlab	20112	0	4.6
1790601169	stw_mt_hdr_tlab_nursery	20112	0	6.4
1790601175	churn	20112	0	0.8
1790601176	churn_hdr	20112	0	0.8
1790601177	index_grow	20112	0	1.2
1790601133	dormant_flush	20111	0	83.0
1790601216	thread_storm	20112	0	1.1
1790601070	pattern_fuzz+diag	20110	0	149.5
1790601217	stw_mt	20113	0	6.1
1790601219	stw_mt+diag	20113	0	5.8
1790601223	stw_mt+diag	20113	0	5.9
1790601225	stw_mt_hdr_tlab	20113	0	4.7
1790601229	stw_mt_hdr_tlab_nursery	20113	0	6.1
1790601235	churn	20113	0	0.9
1790601236	churn_hdr	20113	0	0.8
1790601237	index_grow	20113	0	1.8
1790601178	dormant_flush	20112	0	81.7
1790601260	thread_storm	20113	0	1.0
1790601261	stw_mt	20114	0	5.8
1790601124	pattern_fuzz+diag	20111	0	147.7
1790601267	stw_mt+diag	20114	0	5.9
1790601273	stw_mt_hdr_tlab	20114	0	5.0
1790601272	stw_mt+diag	20114	0	6.3
1790601278	stw_mt_hdr_tlab_nursery	20114	0	6.1
1790601284	churn	20114	0	0.8
1790601285	churn_hdr	20114	0	0.8
1790601285	index_grow	20114	0	1.6
1790601238	dormant_flush	20113	0	78.1
1790601316	thread_storm	20114	0	1.0
1790601172	pattern_fuzz+diag	20112	0	148.4
1790601317	stw_mt	20115	0	5.1
1790601321	stw_mt+diag	20115	0	5.6
1790601323	stw_mt+diag	20115	0	5.8
1790601326	stw_mt_hdr_tlab	20115	0	4.2
1790601328	stw_mt_hdr_tlab_nursery	20115	0	5.4
1790601334	churn	20115	0	0.8
1790601335	churn_hdr	20115	0	0.8
1790601335	index_grow	20115	0	1.7
1790601287	dormant_flush	20114	0	77.8
1790601365	thread_storm	20115	0	0.9
1790601366	stw_mt	20116	0	5.0
1790601230	pattern_fuzz+diag	20113	0	144.2
1790601371	stw_mt+diag	20116	0	4.6
1790601374	stw_mt+diag	20116	0	5.3
1790601375	stw_mt_hdr_tlab	20116	0	4.5
1790601379	stw_mt_hdr_tlab_nursery	20116	0	6.1
1790601385	churn	20116	0	0.8
1790601386	churn_hdr	20116	0	0.8
1790601387	index_grow	20116	0	1.4
1790601337	dormant_flush	20115	0	74.8
1790601412	thread_storm	20116	0	1.0
1790601413	stw_mt	20117	0	5.9
1790601278	pattern_fuzz+diag	20114	0	143.7
1790601419	stw_mt+diag	20117	0	5.8
1790601422	stw_mt+diag	20117	0	6.5
1790601425	stw_mt_hdr_tlab	20117	0	4.7
1790601428	stw_mt_hdr_tlab_nursery	20117	0	6.0
1790601434	churn	20117	0	0.9
1790601435	churn_hdr	20117	0	0.9
1790601436	index_grow	20117	0	1.4
1790601388	dormant_flush	20116	0	75.5
1790601464	thread_storm	20117	0	1.0
1790601465	stw_mt	20118	0	5.7
1790601330	pattern_fuzz+diag	20115	0	143.4
1790601470	stw_mt+diag	20118	0	5.5
1790601474	stw_mt+diag	20118	0	5.9
1790601476	stw_mt_hdr_tlab	20118	0	4.3
1790601480	stw_mt_hdr_tlab_nursery	20118	0	5.8
1790601486	churn	20118	0	0.8
1790601486	churn_hdr	20118	0	0.9
1790601487	index_grow	20118	0	1.3
1790601380	pattern_fuzz+diag	20116	0	143.9
1790601524	thread_storm	20118	0	1.0
1790601437	dormant_flush	20117	0	88.0
1790601525	stw_mt	20119	0	6.3
1790601525	stw_mt+diag	20119	0	6.3
1790601532	stw_mt_hdr_tlab	20119	0	4.2
1790601531	stw_mt+diag	20119	0	5.2
1790601536	stw_mt_hdr_tlab_nursery	20119	0	6.1
1790601542	churn	20119	0	0.9
1790601543	churn_hdr	20119	0	0.9
1790601544	index_grow	20119	0	1.9
1790601489	dormant_flush	20118	0	78.9
1790601567	thread_storm	20119	0	1.0
1790601568	stw_mt	20120	0	4.4
1790601429	pattern_fuzz+diag	20117	0	146.8
1790601573	stw_mt+diag	20120	0	5.0
1790601576	stw_mt+diag	20120	0	6.0
1790601578	stw_mt_hdr_tlab	20120	0	4.3
1790601582	stw_mt_hdr_tlab_nursery	20120	0	5.6
1790601588	churn	20120	0	0.8
1790601588	churn_hdr	20120	0	0.8
1790601589	index_grow	20120	0	1.9
1790601480	pattern_fuzz+diag	20118	0	143.5
1790601624	thread_storm	20120	0	1.1
1790601625	stw_mt	20121	0	6.4
1790601631	stw_mt+diag	20121	0	6.2
1790601546	dormant_flush	20119	0	97.5
1790601637	stw_mt+diag	20121	0	6.2
1790601643	stw_mt_hdr_tlab	20121	0	4.1
1790601644	stw_mt_hdr_tlab_nursery	20121	0	5.7
1790601649	churn	20121	0	0.8
1790601650	churn_hdr	20121	0	0.8
1790601651	index_grow	20121	0	1.7
1790601591	dormant_flush	20120	0	74.3
1790601666	thread_storm	20121	0	1.0
1790601666	stw_mt	20122	0	5.0
1790601672	stw_mt+diag	20122	0	5.0
1790601536	pattern_fuzz+diag	20119	0	144.5
1790601677	stw_mt+diag	20122	0	4.3
1790601681	stw_mt_hdr_tlab	20122	0	4.5
1790601681	stw_mt_hdr_tlab_nursery	20122	0	5.9
1790601687	churn	20122	0	0.8
1790601688	churn_hdr	20122	0	0.8
1790601688	index_grow	20122	0	1.3
1790601582	pattern_fuzz+diag	20120	0	143.6
1790601726	thread_storm	20122	0	1.2
1790601727	stw_mt	20123	0	7.1
1790601734	stw_mt+diag	20123	0	6.6
1790601741	stw_mt+diag	20123	0	6.4
1790601747	stw_mt_hdr_tlab	20123	0	5.2
1790601752	stw_mt_hdr_tlab_nursery	20123	0	7.2
1790601653	dormant_flush	20121	0	113.4
1790601766	churn	20123	0	0.9
1790601690	dormant_flush	20122	0	77.4
1790601767	churn_hdr	20123	0	0.8
1790601767	index_grow	20123	0	1.5
1790601769	thread_storm	20123	0	1.0
1790601770	stw_mt	20124	0	5.9
1790601775	stw_mt+diag	20124	0	4.6
1790601780	stw_mt+diag	20124	0	5.2
1790601785	stw_mt_hdr_tlab	20124	0	4.8
1790601647	pattern_fuzz+diag	20121	0	146.8
1790601790	stw_mt_hdr_tlab_nursery	20124	0	7.0
1790601797	churn	20124	0	1.4
1790601798	churn_hdr	20124	0	1.3
1790601800	index_grow	20124	0	1.1
1790601685	pattern_fuzz+diag	20122	0	153.7
1790601839	thread_storm	20124	0	1.7
1790601841	stw_mt	20125	0	7.1
1790601768	dormant_flush	20123	0	91.0
1790601848	stw_mt+diag	20125	0	12.0
1790601860	stw_mt_hdr_tlab	20125	0	5.9
1790601859	stw_mt+diag	20125	0	7.5
1790601866	stw_mt_hdr_tlab_nursery	20125	0	6.1
1790601872	churn	20125	0	0.8
1790601873	churn_hdr	20125	0	0.9
1790601873	index_grow	20125	0	1.7
1790601801	dormant_flush	20124	0	75.1
1790601876	thread_storm	20125	0	1.1
1790601877	stw_mt	20126	0	6.3
1790601883	stw_mt+diag	20126	0	5.8
1790601889	stw_mt+diag	20126	0	4.9
1790601894	stw_mt_hdr_tlab	20126	0	4.0
1790601898	stw_mt_hdr_tlab_nursery	20126	0	6.1
1790601759	pattern_fuzz+diag	20123	0	157.2
1790601917	churn	20126	0	1.0
1790601918	churn_hdr	20126	0	1.0
1790601919	index_grow	20126	0	1.2
1790601794	pattern_fuzz+diag	20124	0	159.4
1790601953	thread_storm	20126	0	1.1
1790601955	stw_mt	20127	0	6.3
1790601961	stw_mt+diag	20127	0	6.5
1790601875	dormant_flush	20125	0	95.0
1790601967	stw_mt+diag	20127	0	6.7
1790601970	stw_mt_hdr_tlab	20127	0	4.4
1790601974	stw_mt_hdr_tlab_nursery	20127	0	5.6
1790601980	churn	20127	0	0.8
1790601981	churn_hdr	20127	0	0.8
1790601981	index_grow	20127	0	1.3
1790601920	dormant_flush	20126	0	73.4
1790601993	thread_storm	20127	0	1.3
1790601995	stw_mt	20128	0	6.2
1790602001	stw_mt+diag	20128	0	4.2
1790602005	stw_mt+diag	20128	0	4.8
1790602010	stw_mt_hdr_tlab	20128	0	4.2
1790601866	pattern_fuzz+diag	20125	0	148.6
1790602014	stw_mt_hdr_tlab_nursery	20128	0	5.6
1790602019	churn	20128	0	0.8
1790602020	churn_hdr	20128	0	0.8
1790602021	index_grow	20128	0	1.3
1790601904	pattern_fuzz+diag	20126	0	150.6
1790602054	thread_storm	20128	0	1.3
1790602056	stw_mt	20129	0	6.8
1790601983	dormant_flush	20127	0	84.2
1790602063	stw_mt+diag	20129	0	6.6
1790602067	stw_mt+diag	20129	0	6.5
1790602069	stw_mt_hdr_tlab	20129	0	5.1
1790602073	stw_mt_hdr_tlab_nursery	20129	0	6.3
1790602079	churn	20129	0	0.9
1790602080	churn_hdr	20129	0	1.0
1790602081	index_grow	20129	0	1.7
1790602022	dormant_flush	20128	0	67.3
1790602090	thread_storm	20129	0	1.0
1790602091	stw_mt	20130	0	6.1
1790602097	stw_mt+diag	20130	0	4.7
1790602102	stw_mt+diag	20130	0	4.8
1790602106	stw_mt_hdr_tlab	20130	0	4.5
1790602111	stw_mt_hdr_tlab_nursery	20130	0	6.0
1790601975	pattern_fuzz+diag	20127	0	147.6
1790602122	churn	20130	0	0.8
1790602123	churn_hdr	20130	0	0.8
1790602124	index_grow	20130	0	1.9
1790602083	dormant_flush	20129	0	77.9
1790602161	thread_storm	20130	0	0.9
1790602015	pattern_fuzz+diag	20128	0	147.4
1790602162	stw_mt	20131	0	5.5
1790602162	stw_mt+diag	20131	0	5.3
1790602168	stw_mt_hdr_tlab	20131	0	4.1
1790602167	stw_mt+diag	20131	0	4.6
1790602172	stw_mt_hdr_tlab_nursery	20131	0	5.7
1790602177	churn	20131	0	0.8
1790602178	churn_hdr	20131	0	0.8
1790602179	index_grow	20131	0	1.6
1790602126	dormant_flush	20130	0	74.7
1790602200	thread_storm	20131	0	0.9
1790602201	stw_mt	20132	0	4.9
1790602206	stw_mt+diag	20132	0	4.6
1790602211	stw_mt+diag	20132	0	4.9
1790602074	pattern_fuzz+diag	20129	0	143.2
1790602216	stw_mt_hdr_tlab	20132	0	4.5
1790602217	stw_mt_hdr_tlab_nursery	20132	0	5.7
1790602223	churn	20132	0	0.9
1790602224	churn_hdr	20132	0	0.8
1790602225	index_grow	20132	0	1.5
1790602117	pattern_fuzz+diag	20130	0	141.7
1790602259	thread_storm	20132	0	1.1
1790602260	stw_mt	20133	0	6.5
1790602266	stw_mt+diag	20133	0	5.7
1790602181	dormant_flush	20131	0	94.0
1790602272	stw_mt+diag	20133	0	5.0
1790602275	stw_mt_hdr_tlab	20133	0	4.4
1790602277	stw_mt_hdr_tlab_nursery	20133	0	5.9
1790602283	churn	20133	0	0.8
1790602284	churn_hdr	20133	0	0.8
1790602284	index_grow	20133	0	1.9
1790602226	dormant_flush	20132	0	80.2
1790602306	thread_storm	20133	0	1.1
1790602172	pattern_fuzz+diag	20131	0	139.4
1790602308	stw_mt	20134	0	5.4
1790602311	stw_mt+diag	20134	0	5.1
1790602313	stw_mt+diag	20134	0	5.1
1790602317	stw_mt_hdr_tlab	20134	0	4.5
1790602318	stw_mt_hdr_tlab_nursery	20134	0	6.0
1790602324	churn	20134	0	0.8
1790602325	churn_hdr	20134	0	0.8
1790602326	index_grow	20134	0	1.7
1790602220	pattern_fuzz+diag	20132	0	148.6
1790602369	thread_storm	20134	0	1.2
1790602370	stw_mt	20135	0	7.3
1790602377	stw_mt+diag	20135	0	7.4
1790602385	stw_mt+diag	20135	0	6.9
1790602392	stw_mt_hdr_tlab	20135	0	5.9
1790602286	dormant_flush	20133	0	114.5
1790602397	stw_mt_hdr_tlab_nursery	20135	0	7.5
1790602405	churn	20135	0	0.8
1790602406	churn_hdr	20135	0	0.8
1790602406	index_grow	20135	0	1.8
1790602327	dormant_flush	20134	0	105.8
1790602433	thread_storm	20135	0	1.0
1790602279	pattern_fuzz+diag	20133	0	158.4
1790602434	stw_mt	20136	0	5.7
1790602437	stw_mt+diag	20136	0	6.4
1790602440	stw_mt+diag	20136	0	6.2
1790602444	stw_mt_hdr_tlab	20136	0	4.6
1790602446	stw_mt_hdr_tlab_nursery	20136	0	6.4
1790602452	churn	20136	0	0.9
1790602453	churn_hdr	20136	0	0.9
1790602454	index_grow	20136	0	1.7
1790602321	pattern_fuzz+diag	20134	0	167.2
1790602488	thread_storm	20136	0	1.1
1790602489	stw_mt	20137	0	6.4
1790602408	dormant_flush	20135	0	90.8
1790602496	stw_mt+diag	20137	0	6.2
1790602499	stw_mt+diag	20137	0	6.0
1790602502	stw_mt_hdr_tlab	20137	0	4.8
1790602505	stw_mt_hdr_tlab_nursery	20137	0	6.3
1790602511	churn	20137	0	0.9
1790602512	churn_hdr	20137	0	0.9
1790602513	index_grow	20137	0	1.8
1790602456	dormant_flush	20136	0	94.6
1790602550	thread_storm	20137	0	1.1
1790602552	stw_mt	20138	0	5.3
1790602557	stw_mt+diag	20138	0	5.3
1790602401	pattern_fuzz+diag	20135	0	161.3
1790602562	stw_mt_hdr_tlab	20138	0	4.8
1790602562	stw_mt+diag	20138	0	6.0
1790602567	stw_mt_hdr_tlab_nursery	20138	0	6.7
1790602574	churn	20138	0	0.9
1790602575	churn_hdr	20138	0	0.9
1790602575	index_grow	20138	0	1.9
1790602448	pattern_fuzz+diag	20136	0	160.1
1790602609	thread_storm	20138	0	1.3
1790602610	stw_mt	20139	0	7.3
1790602515	dormant_flush	20137	0	104.0
1790602617	stw_mt+diag	20139	0	6.3
1790602619	stw_mt+diag	20139	0	4.9
1790602577	dormant_flush	20138	0	73.1
1790602507	pattern_fuzz+diag	20137	0	152.2
1790602568	pattern_fuzz+diag	20138	0	139.0
