1790603176	dormant_flush	20000	0	76.0
1790603176	dormant_flush	20003	0	77.4
1790603176	dormant_flush	20004	0	80.5
1790603176	dormant_flush	20001	0	89.8
1790603176	dormant_flush	20002	0	92.4
1790603252	dormant_flush	20005	0	75.8
1790603266	dormant_flush	20008	0	63.5
1790603254	dormant_flush	20006	0	90.1
1790603257	dormant_flush	20007	0	91.5
1790603269	dormant_flush	20009	0	95.7
1790603348	dormant_flush	20013	0	67.5
1790603328	dormant_flush	20010	0	88.4
1790603344	dormant_flush	20012	0	83.1
1790603330	dormant_flush	20011	0	115.9
1790603365	dormant_flush	20014	0	92.9
1790603416	dormant_flush	20016	0	70.5
1790603416	dormant_flush	20015	0	76.6
1790603427	dormant_flush	20017	0	82.8
1790603446	dormant_flush	20018	0	93.4
1790603457	dormant_flush	20019	0	98.3
1790603510	dormant_flush	20022	0	67.4
1790603487	dormant_flush	20020	0	103.7
1790603492	dormant_flush	20021	0	110.2
1790603539	dormant_flush	20023	0	81.2
1790603556	dormant_flush	20024	0	83.7
1790603577	dormant_flush	20025	0	84.4
1790603591	dormant_flush	20026	0	76.0
1790603603	dormant_flush	20027	0	74.5
1790603620	dormant_flush	20028	0	91.1
1790603639	dormant_flush	20029	0	74.8
1790603662	dormant_flush	20030	0	88.3
1790603667	dormant_flush	20031	0	99.1
1790603677	dormant_flush	20032	0	106.0
1790603711	dormant_flush	20033	0	84.6
1790603714	dormant_flush	20034	0	86.8
1790603750	dormant_flush	20035	0	92.7
1790603766	dormant_flush	20036	0	97.2
1790603783	dormant_flush	20037	0	96.6
1790603796	dormant_flush	20038	0	84.6
1790603801	dormant_flush	20039	0	80.2
1790603843	dormant_flush	20040	0	89.3
1790603881	dormant_flush	20044	0	68.5
1790603863	dormant_flush	20041	0	88.1
1790603880	dormant_flush	20042	0	76.1
1790603880	dormant_flush	20043	0	81.8
1790603932	dormant_flush	20045	0	91.5
1790603956	dormant_flush	20048	0	74.0
1790603962	dormant_flush	20049	0	68.7
1790603950	dormant_flush	20046	0	84.1
1790603951	dormant_flush	20047	0	103.4
1790604034	dormant_flush	20053	0	56.1
1790604023	dormant_flush	20050	0	74.6
1790604031	dormant_flush	20052	0	72.5
1790604030	dormant_flush	20051	0	81.2
1790604054	dormant_flush	20054	0	91.3
1790604090	dormant_flush	20055	0	65.9
1790604098	dormant_flush	20056	0	69.6
1790604103	dormant_flush	20057	0	85.9
1790604111	dormant_flush	20058	0	90.3
1790604156	dormant_flush	20060	0	60.5
1790604146	dormant_flush	20059	0	78.1
1790604168	dormant_flush	20061	0	75.8
1790604189	dormant_flush	20062	0	84.8
1790604201	dormant_flush	20063	0	73.1
1790604216	dormant_flush	20064	0	68.7
1790604224	dormant_flush	20065	0	61.3
1790604243	dormant_flush	20066	0	75.8
1790604274	dormant_flush	20068	0	56.7
1790604274	dormant_flush	20067	0	82.9
1790604285	dormant_flush	20070	0	85.7
1790604285	dormant_flush	20069	0	89.9
1790604319	dormant_flush	20071	0	87.9
1790604331	dormant_flush	20072	0	84.3
1790604357	dormant_flush	20073	0	85.2
1790604375	dormant_flush	20075	0	77.3
1790604371	dormant_flush	20074	0	85.2
1790604415	dormant_flush	20077	0	69.9
1790604407	dormant_flush	20076	0	98.1
1790604456	dormant_flush	20080	0	60.5
1790604442	dormant_flush	20078	0	74.8
1790604452	dormant_flush	20079	0	86.1
1790604485	dormant_flush	20081	0	85.7
1790604505	dormant_flush	20082	0	76.6
1790604516	dormant_flush	20083	0	80.4
1790604517	dormant_flush	20084	0	93.7
1790604538	dormant_flush	20085	0	80.2
1790604582	dormant_flush	20087	0	61.3
1790604597	dormant_flush	20088	0	63.5
1790604571	dormant_flush	20086	0	95.4
1790604618	dormant_flush	20090	0	61.8
1790604611	dormant_flush	20089	0	82.2
1790604660	dormant_flush	20092	0	72.5
1790604680	dormant_flush	20094	0	59.6
1790604666	dormant_flush	20093	0	85.4
1790604643	dormant_flush	20091	0	111.0
1790604693	dormant_flush	20095	0	91.6
1790604752	dormant_flush	20098	0	64.3
1790604740	dormant_flush	20097	0	77.1
1790604754	dormant_flush	20099	0	67.5
1790604733	dormant_flush	20096	0	99.0
1790604816	dormant_flush	20101	0	64.1
1790604784	dormant_flush	20100	0	96.0
1790604817	dormant_flush	20102	0	66.2
1790604821	dormant_flush	20103	0	72.2
1790604832	dormant_flush	20104	0	83.2
1790604880	dormant_flush	20105	0	67.3
1790604880	dormant_flush	20106	0	76.0
1790604883	dormant_flush	20107	0	82.7
1790604894	dormant_flush	20108	0	91.2
1790604915	dormant_flush	20109	0	97.7
1790604947	dormant_flush	20110	0	70.8
1790604957	dormant_flush	20111	0	64.3
1790604985	dormant_flush	20113	0	87.7
1790605013	dormant_flush	20114	0	60.3
1790604966	dormant_flush	20112	0	112.1
1790605018	dormant_flush	20115	0	67.4
1790605021	dormant_flush	20116	0	71.9
1790605078	dormant_flush	20119	0	57.3
1790605073	dormant_flush	20117	0	64.9
1790605086	dormant_flush	20120	0	66.1
1790605073	dormant_flush	20118	0	80.0
1790605093	dormant_flush	20121	0	76.9
1790605135	dormant_flush	20122	0	59.5
1790605152	dormant_flush	20124	0	64.3
1790605153	dormant_flush	20125	0	65.3
1790605137	dormant_flush	20123	0	95.4
1790605170	dormant_flush	20126	0	67.9
1790605195	dormant_flush	20127	0	77.9
1790605216	dormant_flush	20128	0	59.4
1790605218	dormant_flush	20129	0	80.1
1790605233	dormant_flush	20130	0	87.4
1790605237	dormant_flush	20131	0	88.0
1790605273	dormant_flush	20132	0	80.5
1790605275	dormant_flush	20133	0	84.8
1790605299	dormant_flush	20134	0	69.9
1790605326	dormant_flush	20136	0	55.8
1790605320	dormant_flush	20135	0	85.4
1790605353	dormant_flush	20137	0	61.3
1790605368	dormant_flush	20139	0	64.7
1790605360	dormant_flush	20138	0	73.7
1790605381	dormant_flush	20140	0	64.4
1790605406	dormant_flush	20141	0	64.9
1790605414	dormant_flush	20142	0	80.2
1790605433	dormant_flush	20143	0	71.5
1790605434	dormant_flush	20144	0	73.4
1790605471	dormant_flush	20146	0	64.2
1790605446	dormant_flush	20145	0	97.8
1790605495	dormant_flush	20147	0	67.5
1790605507	dormant_flush	20149	0	70.6
1790605505	dormant_flush	20148	0	82.0
1790605535	dormant_flush	20150	0	66.1
1790605562	dormant_flush	20152	0	57.8
1790605544	dormant_flush	20151	0	77.5
1790605578	dormant_flush	20153	0	65.5
1790605601	dormant_flush	20155	0	57.6
1790605587	dormant_flush	20154	0	87.6
1790605643	dormant_flush	20158	0	49.4
1790605621	dormant_flush	20157	0	84.4
1790605620	dormant_flush	20156	0	93.8
1790605674	dormant_flush	20160	0	66.7
1790605658	dormant_flush	20159	0	95.2
1790605693	dormant_flush	20161	0	76.9
1790605705	dormant_flush	20162	0	73.1
1790605714	dormant_flush	20163	0	78.5
1790605754	dormant_flush	20165	0	65.8
1790605741	dormant_flush	20164	0	98.2
1790605779	dormant_flush	20167	0	60.8
1790605770	dormant_flush	20166	0	81.6
1790605820	dormant_flush	20169	0	54.1
1790605792	dormant_flush	20168	0	90.5
1790605839	dormant_flush	20170	0	59.6
1790605839	dormant_flush	20171	0	70.0
1790605851	dormant_flush	20172	0	64.6
1790605874	dormant_flush	20173	0	73.5
1790605899	dormant_flush	20175	0	71.9
1790605883	dormant_flush	20174	0	90.3
1790605909	dormant_flush	20176	0	92.4
1790605916	dormant_flush	20177	0	94.2
1790605970	dormant_flush	20179	0	66.0
1790605973	dormant_flush	20180	0	65.0
1790605947	dormant_flush	20178	0	101.3
1790606002	dormant_flush	20181	0	79.0
1790606010	dormant_flush	20182	0	74.1
1790606036	dormant_flush	20183	0	65.7
1790606038	dormant_flush	20184	0	68.5
1790606048	dormant_flush	20185	0	65.1
1790606084	dormant_flush	20187	0	81.8
1790606106	dormant_flush	20189	0	76.0
1790606113	dormant_flush	20190	0	69.7
1790606081	dormant_flush	20186	0	102.7
1790606102	dormant_flush	20188	0	92.6
1790606166	dormant_flush	20191	0	75.0
1790606183	dormant_flush	20194	0	78.5
1790606183	dormant_flush	20193	0	92.3
1790606195	dormant_flush	20195	0	87.2
1790606182	dormant_flush	20192	0	101.0
1790606241	dormant_flush	20196	0	71.1
1790606262	dormant_flush	20197	0	71.0
1790606276	dormant_flush	20198	0	68.8
1790606283	dormant_flush	20200	0	70.5
1790606282	dormant_flush	20199	0	86.6
1790606312	dormant_flush	20201	0	74.1
1790606333	dormant_flush	20202	0	62.6
1790606354	dormant_flush	20204	0	76.7
1790606344	dormant_flush	20203	0	89.8
1790606368	dormant_flush	20205	0	89.0
1790606386	dormant_flush	20206	0	81.1
1790606396	dormant_flush	20207	0	89.7
1790606434	dormant_flush	20209	0	73.5
1790606431	dormant_flush	20208	0	77.0
1790606457	dormant_flush	20210	0	84.1
1790606467	dormant_flush	20211	0	88.0
1790606485	dormant_flush	20212	0	94.8
1790606508	dormant_flush	20213	0	81.2
1790606508	dormant_flush	20214	0	88.5
1790606542	dormant_flush	20215	0	89.9
1790606589	dormant_flush	20218	0	64.3
1790606580	dormant_flush	20217	0	82.0
1790606596	dormant_flush	20219	0	67.7
1790606653	dormant_flush	20221	0	53.7
1790606631	dormant_flush	20220	0	78.4
1790606664	dormant_flush	20223	0	64.8
1790606662	dormant_flush	20222	0	82.3
1790606555	dormant_flush	20216	1	218.4
1790606707	dormant_flush	20224	0	74.2
1790606710	dormant_flush	20225	0	81.4
1790606729	dormant_flush	20226	0	64.8
1790606744	dormant_flush	20227	0	73.2
1790606791	dormant_flush	20230	0	59.6
1790606773	dormant_flush	20228	0	87.7
1790606781	dormant_flush	20229	0	80.7
1790606793	dormant_flush	20231	0	78.6
1790606818	dormant_flush	20232	0	92.1
1790606851	dormant_flush	20233	0	81.8
1790606862	dormant_flush	20235	0	74.5
1790606861	dormant_flush	20234	0	78.5
1790606872	dormant_flush	20236	0	79.5
1790606936	dormant_flush	20239	0	58.0
1790606910	dormant_flush	20237	0	95.8
1790606933	dormant_flush	20238	0	80.5
1790606940	dormant_flush	20240	0	85.0
1790606952	dormant_flush	20241	0	103.0
1790606994	dormant_flush	20242	0	85.6
1790607025	dormant_flush	20245	0	64.2
1790607005	dormant_flush	20243	0	84.3
1790607013	dormant_flush	20244	0	88.1
1790607055	dormant_flush	20246	0	56.4
1790607089	dormant_flush	20248	0	65.3
1790607080	dormant_flush	20247	0	77.4
1790607090	dormant_flush	20249	0	88.6
1790607111	dormant_flush	20251	0	84.3
1790607101	dormant_flush	20250	0	97.4
1790607154	dormant_flush	20252	0	72.1
1790607157	dormant_flush	20253	0	89.6
1790607178	dormant_flush	20254	0	74.6
1790607195	dormant_flush	20255	0	74.3
1790607199	dormant_flush	20256	0	97.9
1790607247	dormant_flush	20258	0	73.0
1790607253	dormant_flush	20259	0	78.0
1790607226	dormant_flush	20257	0	106.9
1790607270	dormant_flush	20260	0	85.6
1790607297	dormant_flush	20261	0	76.6
1790607320	dormant_flush	20262	0	83.6
1790607333	dormant_flush	20264	0	79.0
1790607331	dormant_flush	20263	0	98.3
1790607373	dormant_flush	20266	0	67.0
1790607355	dormant_flush	20265	0	86.2
1790607412	dormant_flush	20268	0	69.4
1790607404	dormant_flush	20267	0	84.0
1790607429	dormant_flush	20269	0	64.5
1790607441	dormant_flush	20271	0	72.0
1790607440	dormant_flush	20270	0	86.2
1790607488	dormant_flush	20273	0	60.2
1790607482	dormant_flush	20272	0	83.6
1790607494	dormant_flush	20274	0	83.8
1790607513	dormant_flush	20275	0	72.4
1790607526	dormant_flush	20276	0	70.1
1790607548	dormant_flush	20277	0	82.5
1790607577	dormant_flush	20279	0	67.1
1790607565	dormant_flush	20278	0	86.9
1790607586	dormant_flush	20280	0	72.2
1790607597	dormant_flush	20281	0	92.1
1790607630	dormant_flush	20282	0	77.8
1790607645	dormant_flush	20283	0	71.4
1790607658	dormant_flush	20285	0	77.4
1790607652	dormant_flush	20284	0	88.1
1790607689	dormant_flush	20286	0	101.2
1790607708	dormant_flush	20287	0	90.2
1790607716	dormant_flush	20288	0	96.3
1790607740	dormant_flush	20290	0	80.9
1790607735	dormant_flush	20289	0	90.9
1790607790	dormant_flush	20291	0	79.0
1790607798	dormant_flush	20292	0	94.0
1790607821	dormant_flush	20294	0	88.1
1790607826	dormant_flush	20295	0	86.0
1790607812	dormant_flush	20293	0	106.6
1790607869	dormant_flush	20296	0	98.2
1790607909	dormant_flush	20298	0	80.4
1790607912	dormant_flush	20299	0	81.3
1790607919	dormant_flush	20300	0	82.5
1790607967	dormant_flush	20301	0	58.9
1790607994	dormant_flush	20303	0	57.5
1790607990	dormant_flush	20302	0	64.6
1790608001	dormant_flush	20304	0	53.8
1790608026	dormant_flush	20305	0	69.5
1790607892	dormant_flush	20297	1	220.4
1790608051	dormant_flush	20306	0	63.2
1790608054	dormant_flush	20307	0	65.9
1790608055	dormant_flush	20308	0	67.3
1790608095	dormant_flush	20309	0	82.0
1790608114	dormant_flush	20311	0	72.0
1790608120	dormant_flush	20312	0	69.9
1790608113	dormant_flush	20310	0	102.7
1790608123	dormant_flush	20313	0	103.9
1790608186	dormant_flush	20315	0	57.0
1790608177	dormant_flush	20314	0	82.6
1790608190	dormant_flush	20316	0	74.5
1790608216	dormant_flush	20317	0	90.9
1790608226	dormant_flush	20318	0	87.5
1790608260	dormant_flush	20320	0	66.1
1790608243	dormant_flush	20319	0	98.1
1790608264	dormant_flush	20321	0	79.7
1790608306	dormant_flush	20322	0	72.3
1790608314	dormant_flush	20323	0	82.2
1790608326	dormant_flush	20324	0	80.6
1790608344	dormant_flush	20326	0	84.2
1790608341	dormant_flush	20325	0	98.3
1790608396	dormant_flush	20328	0	65.3
1790608379	dormant_flush	20327	0	85.7
1790608407	dormant_flush	20329	0	101.0
1790608428	dormant_flush	20330	0	87.7
1790608440	dormant_flush	20331	0	77.7
1790608464	dormant_flush	20333	0	64.6
1790608461	dormant_flush	20332	0	74.5
1790608508	dormant_flush	20334	0	73.3
1790608517	dormant_flush	20336	0	64.1
1790608529	dormant_flush	20337	0	53.6
1790608516	dormant_flush	20335	0	73.9
1790608536	dormant_flush	20338	0	55.1
