1790610495	dormant_flush	20000	0	71.0
1790610495	dormant_flush	20001	0	73.2
1790610495	dormant_flush	20003	0	78.7
1790610495	dormant_flush	20004	0	86.3
1790610495	dormant_flush	20002	0	95.1
1790610566	dormant_flush	20005	0	74.2
1790610574	dormant_flush	20007	0	71.1
1790610582	dormant_flush	20008	0	72.2
1790610569	dormant_flush	20006	0	90.2
1790610591	dormant_flush	20009	0	78.7
1790610641	dormant_flush	20010	0	68.9
1790610645	dormant_flush	20011	0	68.7
1790610659	dormant_flush	20013	0	79.5
1790610654	dormant_flush	20012	0	90.4
1790610669	dormant_flush	20014	0	90.3
1790610709	dormant_flush	20015	0	89.4
1790610714	dormant_flush	20016	0	91.5
1790610738	dormant_flush	20017	0	78.4
1790610744	dormant_flush	20018	0	82.4
1790610759	dormant_flush	20019	0	106.3
1790610799	dormant_flush	20020	0	92.3
1790610827	dormant_flush	20023	0	68.7
1790610817	dormant_flush	20022	0	82.3
1790610805	dormant_flush	20021	0	95.0
1790610866	dormant_flush	20024	0	84.7
1790610899	dormant_flush	20027	0	81.1
1790610891	dormant_flush	20025	0	90.9
1790610895	dormant_flush	20026	0	92.7
1790610900	dormant_flush	20028	0	92.7
1790610950	dormant_flush	20029	0	80.9
1790610982	dormant_flush	20031	0	73.3
1790610988	dormant_flush	20032	0	68.3
1790610980	dormant_flush	20030	0	89.6
1790610993	dormant_flush	20033	0	76.8
1790611031	dormant_flush	20034	0	82.5
1790611070	dormant_flush	20038	0	58.1
1790611055	dormant_flush	20035	0	84.3
1790611056	dormant_flush	20036	0	88.5
1790611070	dormant_flush	20037	0	77.6
1790611114	dormant_flush	20039	0	81.3
1790611145	dormant_flush	20042	0	61.1
1790611128	dormant_flush	20040	0	87.1
1790611147	dormant_flush	20043	0	80.4
1790611139	dormant_flush	20041	0	93.2
1790611195	dormant_flush	20044	0	61.0
1790611215	dormant_flush	20046	0	74.6
1790611206	dormant_flush	20045	0	90.5
1790611233	dormant_flush	20048	0	78.4
1790611228	dormant_flush	20047	0	108.8
1790611256	dormant_flush	20049	0	109.5
1790611290	dormant_flush	20050	0	86.0
1790611296	dormant_flush	20051	0	79.6
1790611311	dormant_flush	20052	0	74.4
1790611337	dormant_flush	20053	0	83.2
1790611385	dormant_flush	20057	0	63.9
1790611376	dormant_flush	20056	0	77.9
1790611366	dormant_flush	20054	0	92.6
1790611376	dormant_flush	20055	0	103.0
1790611420	dormant_flush	20058	0	97.8
1790611454	dormant_flush	20060	0	87.9
1790611458	dormant_flush	20061	0	91.5
1790611449	dormant_flush	20059	0	108.7
1790611479	dormant_flush	20062	0	93.4
1790611518	dormant_flush	20063	0	96.2
1790611542	dormant_flush	20064	0	92.4
1790611550	dormant_flush	20065	0	98.3
1790611558	dormant_flush	20066	0	92.0
1790611572	dormant_flush	20067	0	89.9
1790611614	dormant_flush	20068	0	83.2
1790611634	dormant_flush	20069	0	71.8
1790611648	dormant_flush	20070	0	76.6
1790611662	dormant_flush	20072	0	63.9
1790611650	dormant_flush	20071	0	95.0
1790611697	dormant_flush	20073	0	70.8
1790611706	dormant_flush	20074	0	71.1
1790611725	dormant_flush	20075	0	67.2
1790611726	dormant_flush	20076	0	82.1
1790611745	dormant_flush	20077	0	69.8
1790611768	dormant_flush	20078	0	64.6
1790611777	dormant_flush	20079	0	85.1
1790611792	dormant_flush	20080	0	89.0
1790611815	dormant_flush	20082	0	75.5
1790611832	dormant_flush	20083	0	67.8
1790611808	dormant_flush	20081	0	93.0
1790611881	dormant_flush	20085	0	57.4
1790611862	dormant_flush	20084	0	85.6
1790611890	dormant_flush	20086	0	91.5
1790611900	dormant_flush	20087	0	81.8
1790611901	dormant_flush	20088	0	93.9
1790611938	dormant_flush	20089	0	89.8
1790611948	dormant_flush	20090	0	103.9
1790611982	dormant_flush	20092	0	73.5
1790611982	dormant_flush	20091	0	95.6
1790611995	dormant_flush	20093	0	84.1
1790612028	dormant_flush	20094	0	86.5
1790612055	dormant_flush	20096	0	78.7
1790612052	dormant_flush	20095	0	84.4
1790612078	dormant_flush	20097	0	93.2
1790612079	dormant_flush	20098	0	96.6
1790612115	dormant_flush	20099	0	73.5
1790612136	dormant_flush	20101	0	76.9
1790612134	dormant_flush	20100	0	89.5
1790612171	dormant_flush	20102	0	75.3
1790612176	dormant_flush	20103	0	78.3
1790612188	dormant_flush	20104	0	90.7
1790612213	dormant_flush	20105	0	85.4
1790612224	dormant_flush	20106	0	88.8
1790612254	dormant_flush	20108	0	72.7
1790612246	dormant_flush	20107	0	80.6
1790612279	dormant_flush	20109	0	83.5
1790612298	dormant_flush	20110	0	72.0
1790612327	dormant_flush	20113	0	82.5
1790612313	dormant_flush	20111	0	98.0
1790612327	dormant_flush	20112	0	85.0
1790612362	dormant_flush	20114	0	79.6
1790612370	dormant_flush	20115	0	81.4
1790612412	dormant_flush	20118	0	69.0
1790612410	dormant_flush	20117	0	76.1
1790612409	dormant_flush	20116	0	100.7
1790612442	dormant_flush	20119	0	70.4
1790612452	dormant_flush	20120	0	81.0
1790612481	dormant_flush	20121	0	87.4
1790612512	dormant_flush	20124	0	65.8
1790612487	dormant_flush	20122	0	96.1
1790612510	dormant_flush	20123	0	101.8
1790612532	dormant_flush	20125	0	80.0
1790612583	dormant_flush	20128	0	72.6
1790612568	dormant_flush	20126	0	99.9
1790612578	dormant_flush	20127	0	101.7
1790612613	dormant_flush	20130	0	78.8
1790612612	dormant_flush	20129	0	108.5
1790612680	dormant_flush	20133	0	71.9
1790612668	dormant_flush	20132	0	89.1
1790612655	dormant_flush	20131	0	110.9
1790612691	dormant_flush	20134	0	91.3
1790612720	dormant_flush	20135	0	83.2
1790612752	dormant_flush	20136	0	78.5
1790612757	dormant_flush	20137	0	85.6
1790612766	dormant_flush	20138	0	90.7
1790612783	dormant_flush	20139	0	83.5
1790612803	dormant_flush	20140	0	84.0
1790612843	dormant_flush	20142	0	57.7
1790612830	dormant_flush	20141	0	78.6
1790612857	dormant_flush	20143	0	91.6
1790612866	dormant_flush	20144	0	83.1
1790612887	dormant_flush	20145	0	79.2
1790612900	dormant_flush	20146	0	66.4
1790612909	dormant_flush	20147	0	81.2
1790612949	dormant_flush	20149	0	78.0
1790612949	dormant_flush	20148	0	78.9
1790612966	dormant_flush	20150	0	79.1
1790612967	dormant_flush	20151	0	87.4
1790612990	dormant_flush	20152	0	96.8
1790613027	dormant_flush	20153	0	68.9
1790613027	dormant_flush	20154	0	73.6
1790613046	dormant_flush	20155	0	83.1
1790613054	dormant_flush	20156	0	86.3
1790613087	dormant_flush	20157	0	82.6
1790613101	dormant_flush	20159	0	84.3
1790613096	dormant_flush	20158	0	91.5
1790613129	dormant_flush	20160	0	84.5
1790613140	dormant_flush	20161	0	81.8
1790613169	dormant_flush	20162	0	103.9
1790613188	dormant_flush	20164	0	90.1
1790613185	dormant_flush	20163	0	94.0
1790613213	dormant_flush	20165	0	78.1
1790613222	dormant_flush	20166	0	84.1
1790613273	dormant_flush	20167	0	68.1
1790613278	dormant_flush	20168	0	86.2
1790613279	dormant_flush	20169	0	88.7
1790613291	dormant_flush	20170	0	77.5
1790613306	dormant_flush	20171	0	68.1
1790613341	dormant_flush	20172	0	73.0
1790613364	dormant_flush	20173	0	68.2
1790613368	dormant_flush	20174	0	79.6
1790613369	dormant_flush	20175	0	87.7
1790613374	dormant_flush	20176	0	84.5
1790613414	dormant_flush	20177	0	88.3
1790613432	dormant_flush	20178	0	75.9
1790613459	dormant_flush	20181	0	58.8
1790613448	dormant_flush	20179	0	86.3
1790613456	dormant_flush	20180	0	86.6
1790613503	dormant_flush	20182	0	64.5
1790613508	dormant_flush	20183	0	72.8
1790613534	dormant_flush	20185	0	68.3
1790613518	dormant_flush	20184	0	84.9
1790613543	dormant_flush	20186	0	85.7
1790613567	dormant_flush	20187	0	87.2
1790613581	dormant_flush	20188	0	80.7
1790613603	dormant_flush	20190	0	68.6
1790613602	dormant_flush	20189	0	98.9
1790613629	dormant_flush	20191	0	77.0
1790613654	dormant_flush	20192	0	89.6
1790613661	dormant_flush	20193	0	83.6
1790613671	dormant_flush	20194	0	83.4
1790613706	dormant_flush	20196	0	74.5
1790613701	dormant_flush	20195	0	94.4
1790613744	dormant_flush	20197	0	89.4
1790613755	dormant_flush	20199	0	87.2
1790613745	dormant_flush	20198	0	105.9
1790613780	dormant_flush	20200	0	77.0
1790613795	dormant_flush	20201	0	95.3
1790613842	dormant_flush	20203	0	71.4
1790613833	dormant_flush	20202	0	89.9
1790613851	dormant_flush	20204	0	84.1
1790613857	dormant_flush	20205	0	79.0
1790613891	dormant_flush	20206	0	87.2
1790613913	dormant_flush	20207	0	93.8
1790613935	dormant_flush	20209	0	84.4
1790613936	dormant_flush	20210	0	83.2
1790613923	dormant_flush	20208	0	100.9
1790613978	dormant_flush	20211	0	92.5
1790614007	dormant_flush	20212	0	76.1
1790614019	dormant_flush	20213	0	74.5
1790614019	dormant_flush	20214	0	83.1
1790614024	dormant_flush	20215	0	83.8
1790614083	dormant_flush	20217	0	61.7
1790614094	dormant_flush	20218	0	69.6
1790614070	dormant_flush	20216	0	107.5
1790614103	dormant_flush	20219	0	92.0
1790614108	dormant_flush	20220	0	93.4
1790614145	dormant_flush	20221	0	70.4
1790614164	dormant_flush	20222	0	71.0
1790614178	dormant_flush	20223	0	79.0
1790614195	dormant_flush	20224	0	69.3
1790614201	dormant_flush	20225	0	86.0
1790614215	dormant_flush	20226	0	75.9
1790614235	dormant_flush	20227	0	85.8
1790614257	dormant_flush	20228	0	69.3
1790614264	dormant_flush	20229	0	98.8
1790614287	dormant_flush	20230	0	81.6
1790614291	dormant_flush	20231	0	91.2
1790614326	dormant_flush	20233	0	85.5
1790614320	dormant_flush	20232	0	91.8
1790614363	dormant_flush	20234	0	75.1
1790614369	dormant_flush	20235	0	79.5
1790614382	dormant_flush	20236	0	81.2
1790614412	dormant_flush	20238	0	85.4
1790614412	dormant_flush	20237	0	86.0
1790614448	dormant_flush	20240	0	78.4
1790614438	dormant_flush	20239	0	95.2
1790614463	dormant_flush	20241	0	77.5
1790614498	dormant_flush	20242	0	74.5
1790614498	dormant_flush	20243	0	109.9
1790614527	dormant_flush	20244	0	89.0
1790614541	dormant_flush	20246	0	77.6
1790614533	dormant_flush	20245	0	95.3
1790614572	dormant_flush	20247	0	86.8
1790614608	dormant_flush	20248	0	78.5
1790614616	dormant_flush	20249	0	79.8
1790614619	dormant_flush	20250	0	77.9
1790614659	dormant_flush	20252	0	77.4
1790614628	dormant_flush	20251	0	113.5
1790614686	dormant_flush	20253	0	70.1
1790614696	dormant_flush	20254	0	81.0
1790614697	dormant_flush	20255	0	85.3
1790614736	dormant_flush	20256	0	76.3
1790614742	dormant_flush	20257	0	90.1
1790614777	dormant_flush	20259	0	75.9
1790614756	dormant_flush	20258	0	99.3
1790614782	dormant_flush	20260	0	77.5
1790614813	dormant_flush	20261	0	92.8
1790614852	dormant_flush	20263	0	66.0
1790614832	dormant_flush	20262	0	88.9
1790614859	dormant_flush	20265	0	82.7
1790614856	dormant_flush	20264	0	86.6
1790614921	dormant_flush	20268	0	69.5
1790614905	dormant_flush	20266	0	86.9
1790614918	dormant_flush	20267	0	88.9
1790614942	dormant_flush	20270	0	98.0
1790614942	dormant_flush	20269	0	103.3
1790614990	dormant_flush	20271	0	75.7
1790614992	dormant_flush	20272	0	83.8
1790615007	dormant_flush	20273	0	88.7
1790615040	dormant_flush	20274	0	76.9
1790615076	dormant_flush	20277	0	63.2
1790615045	dormant_flush	20275	0	101.1
1790615066	dormant_flush	20276	0	94.4
1790615096	dormant_flush	20278	0	77.8
1790615117	dormant_flush	20279	0	97.5
1790615147	dormant_flush	20281	0	74.6
1790615139	dormant_flush	20280	0	93.9
1790615160	dormant_flush	20282	0	93.6
1790615174	dormant_flush	20283	0	90.9
1790615215	dormant_flush	20284	0	70.5
1790615221	dormant_flush	20285	0	84.5
1790615233	dormant_flush	20286	0	73.7
1790615254	dormant_flush	20287	0	87.4
1790615265	dormant_flush	20288	0	83.0
1790615285	dormant_flush	20289	0	85.6
1790615306	dormant_flush	20290	0	71.9
1790615307	dormant_flush	20291	0	81.8
1790615341	dormant_flush	20292	0	66.6
1790615348	dormant_flush	20293	0	92.1
1790615378	dormant_flush	20295	0	64.5
1790615371	dormant_flush	20294	0	86.1
1790615389	dormant_flush	20296	0	86.7
1790615408	dormant_flush	20297	0	77.1
1790615442	dormant_flush	20299	0	94.3
1790615440	dormant_flush	20298	0	98.0
1790615457	dormant_flush	20300	0	84.5
1790615485	dormant_flush	20302	0	71.7
1790615476	dormant_flush	20301	0	86.4
1790615538	dormant_flush	20304	0	80.6
1790615541	dormant_flush	20305	0	79.4
1790615536	dormant_flush	20303	0	93.5
1790615562	dormant_flush	20307	0	83.7
1790615557	dormant_flush	20306	0	93.4
1790615619	dormant_flush	20308	0	67.6
1790615621	dormant_flush	20309	0	77.9
1790615630	dormant_flush	20310	0	69.0
1790615646	dormant_flush	20311	0	92.7
1790615650	dormant_flush	20312	0	98.2
1790615686	dormant_flush	20313	0	73.1
1790615699	dormant_flush	20315	0	80.4
1790615699	dormant_flush	20314	0	93.1
1790615738	dormant_flush	20316	0	100.8
1790615759	dormant_flush	20318	0	88.8
1790615779	dormant_flush	20319	0	70.9
1790615748	dormant_flush	20317	0	103.2
1790615792	dormant_flush	20320	0	75.9
1790615839	dormant_flush	20321	0	77.8
1790615850	dormant_flush	20323	0	67.2
1790615852	dormant_flush	20324	0	73.2
1790615868	dormant_flush	20325	0	77.1
1790615848	dormant_flush	20322	0	100.8
1790615917	dormant_flush	20327	0	80.6
1790615917	dormant_flush	20326	0	84.2
1790615925	dormant_flush	20328	0	90.3
1790615945	dormant_flush	20329	0	78.7
1790615949	dormant_flush	20330	0	75.5
1790615998	dormant_flush	20331	0	78.3
1790616015	dormant_flush	20333	0	66.4
1790616001	dormant_flush	20332	0	81.0
1790616024	dormant_flush	20335	0	83.5
1790616023	dormant_flush	20334	0	84.6
1790616076	dormant_flush	20336	0	67.1
1790616082	dormant_flush	20337	0	79.4
1790616082	dormant_flush	20338	0	79.2
1790616108	dormant_flush	20339	0	70.9
1790616108	dormant_flush	20340	0	78.8
1790616143	dormant_flush	20341	0	83.2
1790616161	dormant_flush	20343	0	73.4
1790616179	dormant_flush	20344	0	82.6
1790616161	dormant_flush	20342	0	103.1
1790616187	dormant_flush	20345	0	99.0
1790616227	dormant_flush	20346	0	79.7
1790616235	dormant_flush	20347	0	90.8
1790616264	dormant_flush	20349	0	69.7
1790616261	dormant_flush	20348	0	83.4
1790616286	dormant_flush	20350	0	88.9
1790616306	dormant_flush	20351	0	76.1
1790616326	dormant_flush	20352	0	75.5
1790616334	dormant_flush	20353	0	72.6
1790616345	dormant_flush	20354	0	84.9
1790616375	dormant_flush	20355	0	83.2
1790616382	dormant_flush	20356	0	95.6
1790616401	dormant_flush	20357	0	87.2
1790616406	dormant_flush	20358	0	98.5
1790616430	dormant_flush	20359	0	92.3
1790616458	dormant_flush	20360	0	88.0
1790616478	dormant_flush	20361	0	90.9
1790616488	dormant_flush	20362	0	93.9
1790616505	dormant_flush	20363	0	91.6
1790616522	dormant_flush	20364	0	90.9
1790616546	dormant_flush	20365	0	82.8
1790616569	dormant_flush	20366	0	82.4
1790616596	dormant_flush	20368	0	61.9
1790616582	dormant_flush	20367	0	80.5
1790616613	dormant_flush	20369	0	68.7
1790616629	dormant_flush	20370	0	84.6
1790616651	dormant_flush	20371	0	69.6
1790616663	dormant_flush	20373	0	69.0
1790616658	dormant_flush	20372	0	82.1
1790616681	dormant_flush	20374	0	97.6
1790616721	dormant_flush	20376	0	78.8
1790616732	dormant_flush	20377	0	71.9
1790616713	dormant_flush	20375	0	90.7
1790616740	dormant_flush	20378	0	101.9
1790616779	dormant_flush	20379	0	88.8
1790616804	dormant_flush	20382	0	74.5
1790616804	dormant_flush	20381	0	82.9
1790616800	dormant_flush	20380	0	96.3
1790616842	dormant_flush	20383	0	74.1
1790616868	dormant_flush	20384	0	74.6
1790616887	dormant_flush	20386	0	61.9
1790616896	dormant_flush	20387	0	70.7
1790616878	dormant_flush	20385	0	95.2
1790616916	dormant_flush	20388	0	66.9
1790616948	dormant_flush	20390	0	78.0
1790616974	dormant_flush	20392	0	71.4
1790616942	dormant_flush	20389	0	108.5
1790616967	dormant_flush	20391	0	93.0
1790616983	dormant_flush	20393	0	103.1
1790617026	dormant_flush	20394	0	94.2
1790617045	dormant_flush	20395	0	84.3
1790617051	dormant_flush	20396	0	104.7
1790617060	dormant_flush	20397	0	98.0
1790617086	dormant_flush	20398	0	93.4
1790617121	dormant_flush	20399	0	100.6
1790617129	dormant_flush	20400	0	105.1
1790617158	dormant_flush	20402	0	78.8
1790617156	dormant_flush	20401	0	89.3
1790617180	dormant_flush	20403	0	80.9
1790617221	dormant_flush	20404	0	71.3
1790617237	dormant_flush	20406	0	74.1
1790617234	dormant_flush	20405	0	78.6
1790617261	dormant_flush	20408	0	75.0
1790617245	dormant_flush	20407	0	91.2
1790617293	dormant_flush	20409	0	82.7
1790617311	dormant_flush	20410	0	78.5
1790617313	dormant_flush	20411	0	83.6
1790617336	dormant_flush	20412	0	73.9
1790617336	dormant_flush	20413	0	89.4
1790617375	dormant_flush	20414	0	78.4
1790617389	dormant_flush	20415	0	83.1
1790617397	dormant_flush	20416	0	80.7
1790617410	dormant_flush	20417	0	79.3
1790617426	dormant_flush	20418	0	83.4
1790617454	dormant_flush	20419	0	72.4
1790617472	dormant_flush	20420	0	74.6
1790617489	dormant_flush	20422	0	69.4
1790617509	dormant_flush	20423	0	61.7
1790617477	dormant_flush	20421	0	103.2
1790617526	dormant_flush	20424	0	90.4
1790617547	dormant_flush	20425	0	78.9
1790617558	dormant_flush	20426	0	71.6
1790617571	dormant_flush	20427	0	72.8
1790617581	dormant_flush	20428	0	80.8
1790617630	dormant_flush	20431	0	76.4
1790617643	dormant_flush	20432	0	65.4
1790617616	dormant_flush	20429	0	92.2
1790617626	dormant_flush	20430	0	83.3
1790617661	dormant_flush	20433	0	53.9
